CONFIGURATION_VARIABLE_VALUE_IDENTITY,CONFIGURATION_VARIABLE_DEFINITION_IDENTITY,CONFIGURATION_SCOPE_IDENTITY,CONFIGURATION_VARIABLE_VALUE
"8","7","1","UCSQLFIN"
"9","8","1","bendovr1"
"11","12","1","10.10.1.55"
"42","18","10","FASTCASH"
"43","19","10","FASTCASH"
"44","16","10","FASTCASH"
"45","17","10","FASTCASH"
"46","20","10","FASTCASH"
"47","21","10","FASTCASH"
"48","22","10","FASTCASH"
"49","23","10","AGBANKINGONLINE"
"50","24","10","AGBANKINGONLINE"
"51","18","11","FASTCASH"
"52","19","11","FASTCASH"
"53","16","11","FASTCASH"
"54","17","11","FASTCASH"
"55","20","11","FASTCASH"
"56","21","11","FASTCASH"
"57","22","11","FASTCASH"
"58","23","11","AGBANKINGONLINE"
"59","24","11","AGBANKINGONLINE"
"60","18","12","FASTCASH"
"61","19","12","FASTCASH"
"62","16","12","FASTCASH"
"63","17","12","FASTCASH"
"64","20","12","FASTCASH"
"65","21","12","FASTCASH"
"66","22","12","FASTCASH"
"67","23","12","AGBANKINGONLINE"
"68","24","12","AGBANKINGONLINE"
"69","18","13","FASTCASH"
"70","19","13","FASTCASH"
"71","16","13","FASTCASH"
"72","17","13","FASTCASH"
"73","20","13","FASTCASH"
"74","21","13","FASTCASH"
"75","22","13","FASTCASH"
"76","23","13","AGBANKINGONLINE"
"77","24","13","AGBANKINGONLINE"
"138","27","10","AGSWEEP"
"139","28","10","AGSWEEP"
"140","29","10","AGSWEEP"
"141","30","10","AGSWEEP"
"142","31","10","AGSWEEP"
"143","32","10","AGSWEEP"
"147","34","10","PAID"
"148","35","10","PAID"
"149","36","10","AGSWEEP"
"151","38","10","FASTCASH"
"154","39","10","AGSWEEP"
"155","40","10","AGSWEEP"
"156","39","13","AGSWEEP"
"157","40","13","AGSWEEP"
"160","44","10","FASTCASH"
"161","37","10","SSACH"
"162","45","10","SSACH"
"163","46","10","SSACH"
"174","51","10","AGSWEEP"
"189","47","10","10.10.8.177"
"190","49","10","TestFTPpassword3"
"191","50","10","/BETATEST"
"192","48","10","TestFTP"
"193","42","10","*NO"
"194","43","10","/BETATEST/DATI/GAStaging"
"195","13","10","/BETATEST"
"197","41","10","Master Document Transport Local"
"227","58","10","noseydatagrabber1"
"228","58","11","noseydatagrabber1"
"229","58","12","noseydatagrabber1"
"230","58","13","noseydatagrabber1"
"232","13","11","/BETATEST"
"233","13","12","/BETATEST"
"234","13","13","/Betatest"
"236","57","10","ISERIESAPPDEV"
"237","57","11","ISERIESAPPDEV"
"238","57","12","ISERIESAPPDEV"
"239","57","13","ISERIESAPPDEV"
"259","56","10","LS2USER"
"260","56","11","LS2USER"
"261","56","12","LS2USER"
"262","56","13","LS2USER"
"264","63","10","AGSWEEP"
"268","64","10","PAID"
"303","66","10","10.10.8.177"
"304","67","10","TestFTPpassword3"
"305","68","10","/BETATEST"
"306","69","10","TestFTP"
"307","25","10","741110170"
"308","26","10","FARM CREDIT BANK OF TX"
"309","80","10","Default Key Ring"
"310","81","10","jumpingjackflashgasgasgas"
"311","52","10","SSACH"
"354","60","10","Intruderalurt2"
"355","59","10","ISERIESAPPDEVUPD"
"358","91","1","mail.develop.fcbt"
"363","90","10","YES"
"365","90","11","YES"
"366","90","12","YES"
"368","90","13","YES"
"387","65","10","*NO                                                                                                                             "
"393","60","11","Intruderalurt2"
"394","59","11","ISERIESAPPDEVUPD                                                                                                                "
"395","41","11","Master Document Transport                                                                                                       "
"396","65","11","*NO                                                                                                                             "
"397","42","11","*NO                                                                                                                             "
"398","60","12","Intruderalurt2"
"399","59","12","ISERIESAPPDEVUPD                                                                                                                "
"400","41","12","Master Document Transport                                                                                                       "
"401","65","12","*NO                                                                                                                             "
"402","42","12","*NO                                                                                                                             "
"413","65","13","*NO                                                                                                                             "
"414","42","13","*NO                                                                                                                             "
"415","41","13","Master Document Transport                                                                                                       "
"416","60","13","Intruderalurt2"
"417","59","13","ISERIESAPPDEVUPD                                                                                                                "
"444","75","10","TestFTPpassword3"
"445","77","10","TestFTP"
"446","76","10","/BETATEST"
"447","74","10","10.10.8.177"
"478","121","1","Dev@FarmCreditBank.com"
"483","126","10","AGRILINE"
"512","83","10","CMR2"
"513","65","19","*NO"
"514","42","19","*NO"
"515","43","19","/Betatest/DATQ/GAStaging"
"516","13","19","/Development/U4142CES"
"517","41","19","Cardinal"
"558","137","10","SSDLIBDATI"
"559","134","10","30"
"560","135","10","150"
"561","136","10","C:\GlRemoteExe\SS_Interface_Gateway"
"562","133","10","GLRemoteExe\InterfaceLogs"
"563","132","10","bendovr1"
"564","131","10","UCSQLFIN"
"565","476","10","YES"
"566","138","10","DATICOMN"
"567","139","10","CADLIB"
"568","140","10","OLDLIB"
"569","141","10","SSDLIBDATI"
"570","142","10","10.10.1.171"
"571","153","10","Carrolltontexas3"
"572","145","10","cluster02"
"573","152","10","OFACINTRFA"
"574","143","10","10.10.1.107                                                                                                                     "
"575","151","10","sstream9                                                                                                                        "
"576","146","10","frxprod                                                                                                                         "
"577","150","10","glinterfac                                                                                                                      "
"578","144","10","10.10.10.15"
"579","149","10","1988ExplosionNSeaOil"
"580","147","10","IN4DATIBE.develop.fcbt"
"581","148","10","glinterfac                                                                                                                      "
"1328","137","12","SSDLIBDATO"
"1329","134","12","30                                                                                                                              "
"1330","135","12","150                                                                                                                             "
"1331","136","12","C:\GlRemoteExe\SS_Interface_Gateway"
"1332","133","12","GLRemoteExe\InterfaceLogs                                                                                                       "
"1333","132","12","bendovr1                                                                                                                        "
"1334","131","12","UCSQLFIN                                                                                                                        "
"1335","476","12","YES                                                                                                                             "
"1336","138","12","DATOCOMN"
"1337","139","12","CADLIB                                                                                                                          "
"1338","140","12","OLDLIB                                                                                                                          "
"1339","141","12","SSDLIBDATO"
"1340","166","12","Budgetloans                                                                                                                     "
"1341","167","12","0                                                                                                                               "
"1342","170","12","bendovr1                                                                                                                        "
"1343","171","12","0                                                                                                                               "
"1344","172","12","0                                                                                                                               "
"1345","173","12","sql-web                                                                                                                         "
"1346","174","12","0                                                                                                                               "
"1347","175","12","ucsqlfin                                                                                                                        "
"1348","176","12","iBank                                                                                                                           "
"1349","177","12","0                                                                                                                               "
"1350","180","12","bendovr1                                                                                                                        "
"1351","181","12","0                                                                                                                               "
"1352","182","12","0                                                                                                                               "
"1353","183","12","sql-web                                                                                                                         "
"1354","184","12","0                                                                                                                               "
"1355","185","12","ucsqlfin                                                                                                                        "
"1356","186","12","ads                                                                                                                             "
"1357","187","12","0                                                                                                                               "
"1358","190","12","onwardnow                                                                                                                       "
"1359","191","12","0                                                                                                                               "
"1360","192","12","0                                                                                                                               "
"1361","193","12","cluster02                                                                                                                       "
"1362","194","12","0                                                                                                                               "
"1363","195","12","prod_interface                                                                                                                  "
"1364","196","12","SSPAYABLES"
"1365","197","12","150                                                                                                                             "
"1366","198","12","IN4DATOPOLL.develop.fcbt"
"1367","199","12","GEACSSLedgerMSSQLInc_6.0_06                                                                                                     "
"1368","200","12","onwardnow                                                                                                                       "
"1369","201","12","3                                                                                                                               "
"1370","202","12","3                                                                                                                               "
"1371","203","12","in4datObe.develop.fcbt"
"1372","204","12","2                                                                                                                               "
"1373","205","12","prod_interface                                                                                                                  "
"1374","206","12","FCBFRx                                                                                                                          "
"1375","207","12","0                                                                                                                               "
"1376","209","12","GEACSSLedgerMSSQLInc_6.0_06                                                                                                     "
"1377","210","12","paperboy                                                                                                                        "
"1378","211","12","0                                                                                                                               "
"1379","212","12","0                                                                                                                               "
"1380","213","12","FRXPROD                                                                                                                         "
"1381","214","12","0                                                                                                                               "
"1382","215","12","prod_FRXLoad                                                                                                                    "
"1383","216","12","Bud_Bank                                                                                                                        "
"1384","217","12","0                                                                                                                               "
"1385","220","12","sar#dine                                                                                                                        "
"1386","221","12","0                                                                                                                               "
"1387","222","12","0                                                                                                                               "
"1388","223","12","CLARUSFIN                                                                                                                       "
"1389","224","12","0                                                                                                                               "
"1390","225","12","sa                                                                                                                              "
"1391","226","12","Q2DB_01                                                                                                                         "
"1392","227","12","0                                                                                                                               "
"1393","230","12","onwardnow                                                                                                                       "
"1394","231","12","0                                                                                                                               "
"1395","232","12","0                                                                                                                               "
"1396","233","12","cluster02                                                                                                                       "
"1397","234","12","0                                                                                                                               "
"1398","235","12","prod_interface                                                                                                                  "
"1399","236","12","Q2DB_03                                                                                                                         "
"1400","237","12","0                                                                                                                               "
"1401","240","12","onwardnow                                                                                                                       "
"1402","241","12","0                                                                                                                               "
"1403","242","12","0                                                                                                                               "
"1404","243","12","cluster02                                                                                                                       "
"1405","244","12","0                                                                                                                               "
"1406","245","12","prod_interface                                                                                                                  "
"1407","246","12","Q2DB_04                                                                                                                         "
"1408","247","12","0                                                                                                                               "
"1409","250","12","onwardnow                                                                                                                       "
"1410","251","12","0                                                                                                                               "
"1411","252","12","0                                                                                                                               "
"1412","253","12","cluster02                                                                                                                       "
"1413","254","12","0                                                                                                                               "
"1414","255","12","prod_interface                                                                                                                  "
"1415","256","12","Q2DB_05                                                                                                                         "
"1416","257","12","0                                                                                                                               "
"1417","260","12","onwardnow                                                                                                                       "
"1418","261","12","0                                                                                                                               "
"1419","262","12","0                                                                                                                               "
"1420","263","12","cluster02                                                                                                                       "
"1421","264","12","0                                                                                                                               "
"1422","265","12","prod_interface                                                                                                                  "
"1423","266","12","Q2DB_06                                                                                                                         "
"1424","267","12","0                                                                                                                               "
"1425","270","12","onwardnow                                                                                                                       "
"1426","271","12","0                                                                                                                               "
"1427","272","12","0                                                                                                                               "
"1428","273","12","cluster02                                                                                                                       "
"1429","274","12","0                                                                                                                               "
"1430","275","12","prod_interface                                                                                                                  "
"1431","276","12","Q2DB_07                                                                                                                         "
"1432","277","12","0                                                                                                                               "
"1433","280","12","onwardnow                                                                                                                       "
"1434","281","12","0                                                                                                                               "
"1435","282","12","0                                                                                                                               "
"1436","283","12","cluster02                                                                                                                       "
"1437","284","12","0                                                                                                                               "
"1438","285","12","prod_interface                                                                                                                  "
"1439","286","12","Q2DB_08                                                                                                                         "
"1440","287","12","0                                                                                                                               "
"1441","290","12","onwardnow                                                                                                                       "
"1442","291","12","0                                                                                                                               "
"1443","292","12","0                                                                                                                               "
"1444","293","12","cluster02                                                                                                                       "
"1445","294","12","0                                                                                                                               "
"1446","295","12","prod_interface                                                                                                                  "
"1447","296","12","Q2DB_09                                                                                                                         "
"1448","297","12","0                                                                                                                               "
"1449","300","12","onwardnow                                                                                                                       "
"1450","301","12","0                                                                                                                               "
"1451","302","12","0                                                                                                                               "
"1452","303","12","cluster02                                                                                                                       "
"1453","304","12","0                                                                                                                               "
"1454","305","12","prod_interface                                                                                                                  "
"1455","306","12","Q2DB_11                                                                                                                         "
"1456","307","12","0                                                                                                                               "
"1457","310","12","onwardnow                                                                                                                       "
"1458","311","12","0                                                                                                                               "
"1459","312","12","0                                                                                                                               "
"1460","313","12","cluster02                                                                                                                       "
"1461","314","12","0                                                                                                                               "
"1462","315","12","prod_interface                                                                                                                  "
"1463","316","12","Q2DB_13                                                                                                                         "
"1464","317","12","0                                                                                                                               "
"1465","320","12","onwardnow                                                                                                                       "
"1466","321","12","0                                                                                                                               "
"1467","322","12","0                                                                                                                               "
"1468","323","12","cluster02                                                                                                                       "
"1469","324","12","0                                                                                                                               "
"1470","325","12","prod_interface                                                                                                                  "
"1471","326","12","Q2DB_14                                                                                                                         "
"1472","327","12","0                                                                                                                               "
"1473","330","12","onwardnow                                                                                                                       "
"1474","331","12","0                                                                                                                               "
"1475","332","12","0                                                                                                                               "
"1476","333","12","cluster02                                                                                                                       "
"1477","334","12","0                                                                                                                               "
"1478","335","12","prod_interface                                                                                                                  "
"1479","336","12","Q2DB_15                                                                                                                         "
"1480","337","12","0                                                                                                                               "
"1481","340","12","onwardnow                                                                                                                       "
"1482","341","12","0                                                                                                                               "
"1483","342","12","0                                                                                                                               "
"1484","343","12","cluster02                                                                                                                       "
"1485","344","12","0                                                                                                                               "
"1486","345","12","prod_interface                                                                                                                  "
"1487","346","12","Q2DB_16                                                                                                                         "
"1488","347","12","0                                                                                                                               "
"1489","350","12","onwardnow                                                                                                                       "
"1490","351","12","0                                                                                                                               "
"1491","352","12","0                                                                                                                               "
"1492","353","12","cluster02                                                                                                                       "
"1493","354","12","0                                                                                                                               "
"1494","355","12","prod_interface                                                                                                                  "
"1495","356","12","Q2DB_17                                                                                                                         "
"1496","357","12","0                                                                                                                               "
"1497","360","12","onwardnow                                                                                                                       "
"1498","361","12","0                                                                                                                               "
"1499","362","12","0                                                                                                                               "
"1500","363","12","cluster02                                                                                                                       "
"1501","364","12","0                                                                                                                               "
"1502","365","12","prod_interface                                                                                                                  "
"1503","366","12","Q2DB_18                                                                                                                         "
"1504","367","12","0                                                                                                                               "
"1505","370","12","onwardnow                                                                                                                       "
"1506","371","12","0                                                                                                                               "
"1507","372","12","0                                                                                                                               "
"1508","373","12","cluster02                                                                                                                       "
"1509","374","12","0                                                                                                                               "
"1510","375","12","prod_interface                                                                                                                  "
"1511","376","12","Q2DB_19                                                                                                                         "
"1512","377","12","0                                                                                                                               "
"1513","380","12","onwardnow                                                                                                                       "
"1514","381","12","0                                                                                                                               "
"1515","382","12","0                                                                                                                               "
"1516","383","12","cluster02                                                                                                                       "
"1517","384","12","0                                                                                                                               "
"1518","385","12","prod_interface                                                                                                                  "
"1519","386","12","Q2DB_20                                                                                                                         "
"1520","387","12","0                                                                                                                               "
"1521","390","12","onwardnow                                                                                                                       "
"1522","391","12","0                                                                                                                               "
"1523","392","12","0                                                                                                                               "
"1524","393","12","cluster02                                                                                                                       "
"1525","394","12","0                                                                                                                               "
"1526","395","12","prod_interface                                                                                                                  "
"1527","396","12","Q2DB_22                                                                                                                         "
"1528","397","12","0                                                                                                                               "
"1529","400","12","onwardnow                                                                                                                       "
"1530","401","12","0                                                                                                                               "
"1531","402","12","0                                                                                                                               "
"1532","403","12","cluster02                                                                                                                       "
"1533","404","12","0                                                                                                                               "
"1534","405","12","prod_interface                                                                                                                  "
"1535","406","12","Q2DB_23                                                                                                                         "
"1536","407","12","0                                                                                                                               "
"1537","410","12","onwardnow                                                                                                                       "
"1538","411","12","0                                                                                                                               "
"1539","412","12","0                                                                                                                               "
"1540","413","12","cluster02                                                                                                                       "
"1541","414","12","0                                                                                                                               "
"1542","415","12","prod_interface                                                                                                                  "
"1543","416","12","Q2DB_99                                                                                                                         "
"1544","417","12","0                                                                                                                               "
"1545","420","12","onwardnow                                                                                                                       "
"1546","421","12","0                                                                                                                               "
"1547","422","12","0                                                                                                                               "
"1548","423","12","cluster02                                                                                                                       "
"1549","424","12","0                                                                                                                               "
"1550","425","12","prod_interface                                                                                                                  "
"1551","426","12","FCBGEN                                                                                                                          "
"1552","427","12","150                                                                                                                             "
"1553","428","12","IN4DATOPOLL.develop.fcbt"
"1554","429","12","GEACSSLedgerMSSQLInc_6.0_06                                                                                                     "
"1555","430","12","onwardnow                                                                                                                       "
"1556","431","12","3                                                                                                                               "
"1557","432","12","3                                                                                                                               "
"1558","433","12","IN4DATOBE.develop.fcbt"
"1559","434","12","2                                                                                                                               "
"1560","435","12","prod_interface                                                                                                                  "
"1561","436","12","FCBGEN                                                                                                                          "
"1562","437","12","150                                                                                                                             "
"1563","438","12","IN4DATOPOLL.develop.fcbt"
"1564","439","12","GEACSSLedgerMSSQLInc_6.0_06                                                                                                     "
"1565","440","12","1925MonkeyEvolTrial"
"1566","441","12","3                                                                                                                               "
"1567","442","12","3                                                                                                                               "
"1568","443","12","IN4DATOBE.develop.fcbt"
"1569","444","12","2                                                                                                                               "
"1570","445","12","DBS"
"1571","446","12","FCBMerger                                                                                                                       "
"1572","447","12","150                                                                                                                             "
"1573","448","12","IN4DATOPOLL.develop.fcbt"
"1574","450","12","onwardnow                                                                                                                       "
"1575","451","12","3                                                                                                                               "
"1576","452","12","3                                                                                                                               "
"1577","453","12","IN4DATOBE.develop.fcbt"
"1578","454","12","2                                                                                                                               "
"1579","455","12","prod_interface                                                                                                                  "
"1580","456","12","FCBPayCap                                                                                                                       "
"1581","457","12","150                                                                                                                             "
"1582","458","12","IN4DATOPOLL.develop.fcbt"
"1583","459","12","GEACSSLedgerMSSQLInc_6.0_06                                                                                                     "
"1584","460","12","1775AmericanRevolution"
"1585","461","12","3                                                                                                                               "
"1586","462","12","3                                                                                                                               "
"1587","463","12","IN4DATOBE.develop.fcbt"
"1588","464","12","2                                                                                                                               "
"1589","465","12","sa                                                                                                                              "
"1590","466","12","FCBAch                                                                                                                          "
"1591","467","12","0                                                                                                                               "
"1592","470","12","onwardnow                                                                                                                       "
"1593","471","12","0                                                                                                                               "
"1594","472","12","0                                                                                                                               "
"1595","473","12","IN4DATOBE.develop.fcbt"
"1596","474","12","0                                                                                                                               "
"1597","475","12","prod_interface                                                                                                                  "
"1598","142","12","10.10.1.171                                                                                                                     "
"1599","153","12","Carrolltontexas3"
"1600","145","12","cluster02                                                                                                                       "
"1601","152","12","OFACINTRFA                                                                                                                      "
"1602","143","12","10.10.1.107                                                                                                                     "
"1603","151","12","PostGL2012SSGL"
"1604","146","12","frxprod                                                                                                                         "
"1605","150","12","glinterfac                                                                                                                      "
"1606","144","12","10.10.10.71"
"1607","149","12","1988ExplosionNSeaOil"
"1608","147","12","IN4DATOBE.develop.fcbt"
"1609","148","12","glinterfac                                                                                                                      "
"1610","154","12","develop                                                                                                                         "
"1611","155","12","vm-tpgdev.develop.fcbt                                                                                                          "
"1612","156","12","\\IN4datobe.develop.fcbt\TPG_GL_Extract"
"1613","157","12","1                                                                                                                               "
"1614","158","12","1988ExplosionNSeaOil"
"1615","159","12","glinterfac                                                                                                                      "
"1616","160","12","\\develop.fcbt                                                                                                                  "
"1617","162","12","\\IN4datobe.develop.fcbt\TPG_GL_Extract\Archive"
"1618","163","12","2                                                                                                                               "
"1619","164","12","1988ExplosionNSeaOil"
"1620","165","12","glinterfac                                                                                                                      "
"1971","154","10","develop                                                                                                                         "
"1972","155","10","vm-tpgdev.develop.fcbt                                                                                                          "
"1973","156","10","\\IN4DATIBE.develop.fcbt\TPG_GL_Extract"
"1974","157","10","1                                                                                                                               "
"1975","158","10","1988ExplosionNSeaOil"
"1976","159","10","glinterfac                                                                                                                      "
"1977","160","10","\\develop.fcbt                                                                                                                  "
"1978","162","10","\\IN4DATIBE.develop.fcbt\TPG_GL_Extract\Archive"
"1979","163","10","2                                                                                                                               "
"1980","164","10","1988ExplosionNSeaOil"
"1981","165","10","glinterfac                                                                                                                      "
"1982","166","10","Budgetloans                                       "
"1983","167","10","0                                                 "
"1984","168","10","                                                  "
"1985","169","10","                                                  "
"1986","170","10","bendovr1                                          "
"1987","171","10","0                                                 "
"1988","172","10","0                                                 "
"1989","173","10","sql-web                                           "
"1990","174","10","0                                                 "
"1991","175","10","ucsqlfin                                          "
"1992","176","10","iBank                                             "
"1993","177","10","0                                                 "
"1994","178","10","                                                  "
"1995","179","10","                                                  "
"1996","180","10","bendovr1                                          "
"1997","181","10","0                                                 "
"1998","182","10","0                                                 "
"1999","183","10","sql-web                                           "
"2000","184","10","0                                                 "
"2001","185","10","ucsqlfin                                          "
"2002","186","10","ads                                               "
"2003","187","10","0                                                 "
"2004","188","10","                                                  "
"2005","189","10","                                                  "
"2006","190","10","onwardnow                                         "
"2007","191","10","0                                                 "
"2008","192","10","0                                                 "
"2009","193","10","cluster02                                         "
"2010","194","10","0                                                 "
"2011","195","10","prod_interface                                    "
"2012","206","10","FCBFRx                                            "
"2013","207","10","2"
"2014","208","10","                                                  "
"2015","209","10","GEACSSLedgerMSSQLInc_6.0_06                       "
"2016","210","10","paperboy                                          "
"2017","211","10","3"
"2018","212","10","3"
"2019","213","10","FRXPROD                                           "
"2020","214","10","2"
"2021","215","10","prod_FRXLoad                                      "
"2022","216","10","Bud_Bank                                          "
"2023","217","10","0                                                 "
"2024","218","10","                                                  "
"2025","219","10","                                                  "
"2026","220","10","sar#dine                                          "
"2027","221","10","0                                                 "
"2028","222","10","0                                                 "
"2029","223","10","CLARUSFIN                                         "
"2030","224","10","0                                                 "
"2031","225","10","sa                                                "
"2032","226","10","Q2DB_01                                           "
"2033","227","10","0                                                 "
"2034","228","10","                                                  "
"2035","229","10","                                                  "
"2036","230","10","onwardnow                                         "
"2037","231","10","0                                                 "
"2038","232","10","0                                                 "
"2039","233","10","cluster02                                         "
"2040","234","10","0                                                 "
"2041","235","10","prod_interface                                    "
"2042","236","10","Q2DB_03                                           "
"2043","237","10","0                                                 "
"2044","238","10","                                                  "
"2045","239","10","                                                  "
"2046","240","10","onwardnow                                         "
"2047","241","10","0                                                 "
"2048","242","10","0                                                 "
"2049","243","10","cluster02                                         "
"2050","244","10","0                                                 "
"2051","245","10","prod_interface                                    "
"2052","246","10","Q2DB_04                                           "
"2053","247","10","0                                                 "
"2054","248","10","                                                  "
"2055","249","10","                                                  "
"2056","250","10","onwardnow                                         "
"2057","251","10","0                                                 "
"2058","252","10","0                                                 "
"2059","253","10","cluster02                                         "
"2060","254","10","0                                                 "
"2061","255","10","prod_interface                                    "
"2062","256","10","Q2DB_05                                           "
"2063","257","10","0                                                 "
"2064","258","10","                                                  "
"2065","259","10","                                                  "
"2066","260","10","onwardnow                                         "
"2067","261","10","0                                                 "
"2068","262","10","0                                                 "
"2069","263","10","cluster02                                         "
"2070","264","10","0                                                 "
"2071","265","10","prod_interface                                    "
"2072","266","10","Q2DB_06                                           "
"2073","267","10","0                                                 "
"2074","268","10","                                                  "
"2075","269","10","                                                  "
"2076","270","10","onwardnow                                         "
"2077","271","10","0                                                 "
"2078","272","10","0                                                 "
"2079","273","10","cluster02                                         "
"2080","274","10","0                                                 "
"2081","275","10","prod_interface                                    "
"2082","276","10","Q2DB_07                                           "
"2083","277","10","0                                                 "
"2084","278","10","                                                  "
"2085","279","10","                                                  "
"2086","280","10","onwardnow                                         "
"2087","281","10","0                                                 "
"2088","282","10","0                                                 "
"2089","283","10","cluster02                                         "
"2090","284","10","0                                                 "
"2091","285","10","prod_interface                                    "
"2092","286","10","Q2DB_08                                           "
"2093","287","10","0                                                 "
"2094","288","10","                                                  "
"2095","289","10","                                                  "
"2096","290","10","onwardnow                                         "
"2097","291","10","0                                                 "
"2098","292","10","0                                                 "
"2099","293","10","cluster02                                         "
"2100","294","10","0                                                 "
"2101","295","10","prod_interface                                    "
"2102","296","10","Q2DB_09                                           "
"2103","297","10","0                                                 "
"2104","298","10","                                                  "
"2105","299","10","                                                  "
"2106","300","10","onwardnow                                         "
"2107","301","10","0                                                 "
"2108","302","10","0                                                 "
"2109","303","10","cluster02                                         "
"2110","304","10","0                                                 "
"2111","305","10","prod_interface                                    "
"2112","306","10","Q2DB_11                                           "
"2113","307","10","0                                                 "
"2114","308","10","                                                  "
"2115","309","10","                                                  "
"2116","310","10","onwardnow                                         "
"2117","311","10","0                                                 "
"2118","312","10","0                                                 "
"2119","313","10","cluster02                                         "
"2120","314","10","0                                                 "
"2121","315","10","prod_interface                                    "
"2122","316","10","Q2DB_13                                           "
"2123","317","10","0                                                 "
"2124","318","10","                                                  "
"2125","319","10","                                                  "
"2126","320","10","onwardnow                                         "
"2127","321","10","0                                                 "
"2128","322","10","0                                                 "
"2129","323","10","cluster02                                         "
"2130","324","10","0                                                 "
"2131","325","10","prod_interface                                    "
"2132","326","10","Q2DB_14                                           "
"2133","327","10","0                                                 "
"2134","328","10","                                                  "
"2135","329","10","                                                  "
"2136","330","10","onwardnow                                         "
"2137","331","10","0                                                 "
"2138","332","10","0                                                 "
"2139","333","10","cluster02                                         "
"2140","334","10","0                                                 "
"2141","335","10","prod_interface                                    "
"2142","336","10","Q2DB_15                                           "
"2143","337","10","0                                                 "
"2144","338","10","                                                  "
"2145","339","10","                                                  "
"2146","340","10","onwardnow                                         "
"2147","341","10","0                                                 "
"2148","342","10","0                                                 "
"2149","343","10","cluster02                                         "
"2150","344","10","0                                                 "
"2151","345","10","prod_interface                                    "
"2152","346","10","Q2DB_16                                           "
"2153","347","10","0                                                 "
"2154","348","10","                                                  "
"2155","349","10","                                                  "
"2156","350","10","onwardnow                                         "
"2157","351","10","0                                                 "
"2158","352","10","0                                                 "
"2159","353","10","cluster02                                         "
"2160","354","10","0                                                 "
"2161","355","10","prod_interface                                    "
"2162","356","10","Q2DB_17                                           "
"2163","357","10","0                                                 "
"2164","358","10","                                                  "
"2165","359","10","                                                  "
"2166","360","10","onwardnow                                         "
"2167","361","10","0                                                 "
"2168","362","10","0                                                 "
"2169","363","10","cluster02                                         "
"2170","364","10","0                                                 "
"2171","365","10","prod_interface                                    "
"2172","366","10","Q2DB_18                                           "
"2173","367","10","0                                                 "
"2174","368","10","                                                  "
"2175","369","10","                                                  "
"2176","370","10","onwardnow                                         "
"2177","371","10","0                                                 "
"2178","372","10","0                                                 "
"2179","373","10","cluster02                                         "
"2180","374","10","0                                                 "
"2181","375","10","prod_interface                                    "
"2182","376","10","Q2DB_19                                           "
"2183","377","10","0                                                 "
"2184","378","10","                                                  "
"2185","379","10","                                                  "
"2186","380","10","onwardnow                                         "
"2187","381","10","0                                                 "
"2188","382","10","0                                                 "
"2189","383","10","cluster02                                         "
"2190","384","10","0                                                 "
"2191","385","10","prod_interface                                    "
"2192","386","10","Q2DB_20                                           "
"2193","387","10","0                                                 "
"2194","388","10","                                                  "
"2195","389","10","                                                  "
"2196","390","10","onwardnow                                         "
"2197","391","10","0                                                 "
"2198","392","10","0                                                 "
"2199","393","10","cluster02                                         "
"2200","394","10","0                                                 "
"2201","395","10","prod_interface                                    "
"2202","396","10","Q2DB_22                                           "
"2203","397","10","0                                                 "
"2204","398","10","                                                  "
"2205","399","10","                                                  "
"2206","400","10","onwardnow                                         "
"2207","401","10","0                                                 "
"2208","402","10","0                                                 "
"2209","403","10","cluster02                                         "
"2210","404","10","0                                                 "
"2211","405","10","prod_interface                                    "
"2212","406","10","Q2DB_23                                           "
"2213","407","10","0                                                 "
"2214","408","10","                                                  "
"2215","409","10","                                                  "
"2216","410","10","onwardnow                                         "
"2217","411","10","0                                                 "
"2218","412","10","0                                                 "
"2219","413","10","cluster02                                         "
"2220","414","10","0                                                 "
"2221","415","10","prod_interface                                    "
"2222","416","10","Q2DB_99                                           "
"2223","417","10","0                                                 "
"2224","418","10","                                                  "
"2225","419","10","                                                  "
"2226","420","10","onwardnow                                         "
"2227","421","10","0                                                 "
"2228","422","10","0                                                 "
"2229","423","10","cluster02                                         "
"2230","424","10","0                                                 "
"2231","425","10","prod_interface                                    "
"2232","426","10","FCBGEN                                            "
"2233","427","10","150                                               "
"2234","428","10","IN4DATIPOLL.develop.fcbt"
"2235","429","10","GEACSSLedgerMSSQLInc_6.0_06                       "
"2236","430","10","onwardnow                                         "
"2237","431","10","3                                                 "
"2238","432","10","3                                                 "
"2239","433","10","IN4DATIBE.develop.fcbt"
"2240","434","10","2                                                 "
"2241","435","10","prod_interface                                    "
"2242","436","10","FCBGEN                                            "
"2243","437","10","150                                               "
"2244","438","10","IN4DATIPOLL.develop.fcbt"
"2245","439","10","GEACSSLedgerMSSQLInc_6.0_06                       "
"2246","440","10","1925MonkeyEvolTrial"
"2247","441","10","3                                                 "
"2248","442","10","3                                                 "
"2249","443","10","IN4DATIBE.develop.fcbt"
"2250","444","10","2                                                 "
"2251","445","10","DBS"
"2252","446","10","FCBMerger                                         "
"2253","447","10","150                                               "
"2254","448","10","IN4DATIPOLL.develop.fcbt"
"2255","449","10","                                                  "
"2256","450","10","onwardnow                                         "
"2257","451","10","3                                                 "
"2258","452","10","3                                                 "
"2259","453","10","IN4DATIBE.develop.fcbt"
"2260","454","10","2                                                 "
"2261","455","10","prod_interface                                    "
"2262","456","10","FCBPayCap                                         "
"2263","457","10","150                                               "
"2264","458","10","IN4DATIPOLL.develop.fcbt"
"2265","459","10","GEACSSLedgerMSSQLInc_6.0_06                       "
"2266","460","10","1775AmericanRevolution"
"2267","461","10","3                                                 "
"2268","462","10","3                                                 "
"2269","463","10","IN4DATIBE.develop.fcbt"
"2270","464","10","2                                                 "
"2271","465","10","sa                                                "
"2272","466","10","FCBAch                                            "
"2273","467","10","0                                                 "
"2274","468","10","                                                  "
"2275","469","10","                                                  "
"2276","470","10","onwardnow                                         "
"2277","471","10","0                                                 "
"2278","472","10","0                                                 "
"2279","473","10","IN4DATIBE.develop.fcbt"
"2280","474","10","0                                                 "
"2281","475","10","prod_interface                                    "
"2640","137","11","SSDLIBDATN"
"2641","134","11","30                                                                                                                              "
"2642","135","11","150                                                                                                                             "
"2643","136","11","C:\GLRemoteExe\SS_Interface_Gateway"
"2644","133","11","GLRemoteExe\InterfaceLogs                                                                                                       "
"2645","132","11","bendovr1                                                                                                                        "
"2646","131","11","UCSQLFIN                                                                                                                        "
"2647","476","11","YES                                                                                                                             "
"2648","138","11","DATNCOMN"
"2649","139","11","CADLIB                                                                                                                          "
"2650","140","11","OLDLIB                                                                                                                          "
"2651","141","11","SSDLIBDATN"
"2652","166","11","Budgetloans                                       "
"2653","167","11","0                                                 "
"2654","168","11","                                                  "
"2655","169","11","                                                  "
"2656","170","11","bendovr1                                          "
"2657","171","11","0                                                 "
"2658","172","11","0                                                 "
"2659","173","11","sql-web                                           "
"2660","174","11","0                                                 "
"2661","175","11","ucsqlfin                                          "
"2662","176","11","iBank                                             "
"2663","177","11","0                                                 "
"2664","178","11","                                                  "
"2665","179","11","                                                  "
"2666","180","11","bendovr1                                          "
"2667","181","11","0                                                 "
"2668","182","11","0                                                 "
"2669","183","11","sql-web                                           "
"2670","184","11","0                                                 "
"2671","185","11","ucsqlfin                                          "
"2672","186","11","ads                                               "
"2673","187","11","0                                                 "
"2674","188","11","                                                  "
"2675","189","11","                                                  "
"2676","190","11","onwardnow                                         "
"2677","191","11","0                                                 "
"2678","192","11","0                                                 "
"2679","193","11","cluster02                                         "
"2680","194","11","0                                                 "
"2681","195","11","prod_interface                                    "
"2682","206","11","FCBFRx                                            "
"2683","207","11","2"
"2684","208","11","                                                  "
"2685","209","11","GEACSSLedgerMSSQLInc_6.0_06                       "
"2686","210","11","paperboy                                          "
"2687","211","11","0                                                 "
"2688","212","11","0                                                 "
"2689","213","11","FRXPROD                                           "
"2690","214","11","0                                                 "
"2691","215","11","prod_FRXLoad                                      "
"2692","216","11","Bud_Bank                                          "
"2693","217","11","0                                                 "
"2694","218","11","                                                  "
"2695","219","11","                                                  "
"2696","220","11","sar#dine                                          "
"2697","221","11","0                                                 "
"2698","222","11","0                                                 "
"2699","223","11","CLARUSFIN                                         "
"2700","224","11","0                                                 "
"2701","225","11","sa                                                "
"2702","226","11","Q2DB_01                                           "
"2703","227","11","0                                                 "
"2704","228","11","                                                  "
"2705","229","11","                                                  "
"2706","230","11","onwardnow                                         "
"2707","231","11","0                                                 "
"2708","232","11","0                                                 "
"2709","233","11","cluster02                                         "
"2710","234","11","0                                                 "
"2711","235","11","prod_interface                                    "
"2712","236","11","Q2DB_03                                           "
"2713","237","11","0                                                 "
"2714","238","11","                                                  "
"2715","239","11","                                                  "
"2716","240","11","onwardnow                                         "
"2717","241","11","0                                                 "
"2718","242","11","0                                                 "
"2719","243","11","cluster02                                         "
"2720","244","11","0                                                 "
"2721","245","11","prod_interface                                    "
"2722","246","11","Q2DB_04                                           "
"2723","247","11","0                                                 "
"2724","248","11","                                                  "
"2725","249","11","                                                  "
"2726","250","11","onwardnow                                         "
"2727","251","11","0                                                 "
"2728","252","11","0                                                 "
"2729","253","11","cluster02                                         "
"2730","254","11","0                                                 "
"2731","255","11","prod_interface                                    "
"2732","256","11","Q2DB_05                                           "
"2733","257","11","0                                                 "
"2734","258","11","                                                  "
"2735","259","11","                                                  "
"2736","260","11","onwardnow                                         "
"2737","261","11","0                                                 "
"2738","262","11","0                                                 "
"2739","263","11","cluster02                                         "
"2740","264","11","0                                                 "
"2741","265","11","prod_interface                                    "
"2742","266","11","Q2DB_06                                           "
"2743","267","11","0                                                 "
"2744","268","11","                                                  "
"2745","269","11","                                                  "
"2746","270","11","onwardnow                                         "
"2747","271","11","0                                                 "
"2748","272","11","0                                                 "
"2749","273","11","cluster02                                         "
"2750","274","11","0                                                 "
"2751","275","11","prod_interface                                    "
"2752","276","11","Q2DB_07                                           "
"2753","277","11","0                                                 "
"2754","278","11","                                                  "
"2755","279","11","                                                  "
"2756","280","11","onwardnow                                         "
"2757","281","11","0                                                 "
"2758","282","11","0                                                 "
"2759","283","11","cluster02                                         "
"2760","284","11","0                                                 "
"2761","285","11","prod_interface                                    "
"2762","286","11","Q2DB_08                                           "
"2763","287","11","0                                                 "
"2764","288","11","                                                  "
"2765","289","11","                                                  "
"2766","290","11","onwardnow                                         "
"2767","291","11","0                                                 "
"2768","292","11","0                                                 "
"2769","293","11","cluster02                                         "
"2770","294","11","0                                                 "
"2771","295","11","prod_interface                                    "
"2772","296","11","Q2DB_09                                           "
"2773","297","11","0                                                 "
"2774","298","11","                                                  "
"2775","299","11","                                                  "
"2776","300","11","onwardnow                                         "
"2777","301","11","0                                                 "
"2778","302","11","0                                                 "
"2779","303","11","cluster02                                         "
"2780","304","11","0                                                 "
"2781","305","11","prod_interface                                    "
"2782","306","11","Q2DB_11                                           "
"2783","307","11","0                                                 "
"2784","308","11","                                                  "
"2785","309","11","                                                  "
"2786","310","11","onwardnow                                         "
"2787","311","11","0                                                 "
"2788","312","11","0                                                 "
"2789","313","11","cluster02                                         "
"2790","314","11","0                                                 "
"2791","315","11","prod_interface                                    "
"2792","316","11","Q2DB_13                                           "
"2793","317","11","0                                                 "
"2794","318","11","                                                  "
"2795","319","11","                                                  "
"2796","320","11","onwardnow                                         "
"2797","321","11","0                                                 "
"2798","322","11","0                                                 "
"2799","323","11","cluster02                                         "
"2800","324","11","0                                                 "
"2801","325","11","prod_interface                                    "
"2802","326","11","Q2DB_14                                           "
"2803","327","11","0                                                 "
"2804","328","11","                                                  "
"2805","329","11","                                                  "
"2806","330","11","onwardnow                                         "
"2807","331","11","0                                                 "
"2808","332","11","0                                                 "
"2809","333","11","cluster02                                         "
"2810","334","11","0                                                 "
"2811","335","11","prod_interface                                    "
"2812","336","11","Q2DB_15                                           "
"2813","337","11","0                                                 "
"2814","338","11","                                                  "
"2815","339","11","                                                  "
"2816","340","11","onwardnow                                         "
"2817","341","11","0                                                 "
"2818","342","11","0                                                 "
"2819","343","11","cluster02                                         "
"2820","344","11","0                                                 "
"2821","345","11","prod_interface                                    "
"2822","346","11","Q2DB_16                                           "
"2823","347","11","0                                                 "
"2824","348","11","                                                  "
"2825","349","11","                                                  "
"2826","350","11","onwardnow                                         "
"2827","351","11","0                                                 "
"2828","352","11","0                                                 "
"2829","353","11","cluster02                                         "
"2830","354","11","0                                                 "
"2831","355","11","prod_interface                                    "
"2832","356","11","Q2DB_17                                           "
"2833","357","11","0                                                 "
"2834","358","11","                                                  "
"2835","359","11","                                                  "
"2836","360","11","onwardnow                                         "
"2837","361","11","0                                                 "
"2838","362","11","0                                                 "
"2839","363","11","cluster02                                         "
"2840","364","11","0                                                 "
"2841","365","11","prod_interface                                    "
"2842","366","11","Q2DB_18                                           "
"2843","367","11","0                                                 "
"2844","368","11","                                                  "
"2845","369","11","                                                  "
"2846","370","11","onwardnow                                         "
"2847","371","11","0                                                 "
"2848","372","11","0                                                 "
"2849","373","11","cluster02                                         "
"2850","374","11","0                                                 "
"2851","375","11","prod_interface                                    "
"2852","376","11","Q2DB_19                                           "
"2853","377","11","0                                                 "
"2854","378","11","                                                  "
"2855","379","11","                                                  "
"2856","380","11","onwardnow                                         "
"2857","381","11","0                                                 "
"2858","382","11","0                                                 "
"2859","383","11","cluster02                                         "
"2860","384","11","0                                                 "
"2861","385","11","prod_interface                                    "
"2862","386","11","Q2DB_20                                           "
"2863","387","11","0                                                 "
"2864","388","11","                                                  "
"2865","389","11","                                                  "
"2866","390","11","onwardnow                                         "
"2867","391","11","0                                                 "
"2868","392","11","0                                                 "
"2869","393","11","cluster02                                         "
"2870","394","11","0                                                 "
"2871","395","11","prod_interface                                    "
"2872","396","11","Q2DB_22                                           "
"2873","397","11","0                                                 "
"2874","398","11","                                                  "
"2875","399","11","                                                  "
"2876","400","11","onwardnow                                         "
"2877","401","11","0                                                 "
"2878","402","11","0                                                 "
"2879","403","11","cluster02                                         "
"2880","404","11","0                                                 "
"2881","405","11","prod_interface                                    "
"2882","406","11","Q2DB_23                                           "
"2883","407","11","0                                                 "
"2884","408","11","                                                  "
"2885","409","11","                                                  "
"2886","410","11","onwardnow                                         "
"2887","411","11","0                                                 "
"2888","412","11","0                                                 "
"2889","413","11","cluster02                                         "
"2890","414","11","0                                                 "
"2891","415","11","prod_interface                                    "
"2892","416","11","Q2DB_99                                           "
"2893","417","11","0                                                 "
"2894","418","11","                                                  "
"2895","419","11","                                                  "
"2896","420","11","onwardnow                                         "
"2897","421","11","0                                                 "
"2898","422","11","0                                                 "
"2899","423","11","cluster02                                         "
"2900","424","11","0                                                 "
"2901","425","11","prod_interface                                    "
"2902","426","11","FCBGEN                                            "
"2903","427","11","150                                               "
"2904","428","11","IN4DATNPOLL.develop.fcbt"
"2905","429","11","GEACSSLedgerMSSQLInc_6.0_06                       "
"2906","430","11","onwardnow                                         "
"2907","431","11","3                                                 "
"2908","432","11","3                                                 "
"2909","433","11","IN4DATNBE.develop.fcbt"
"2910","434","11","2                                                 "
"2911","435","11","prod_interface                                    "
"2912","436","11","FCBGEN                                            "
"2913","437","11","150                                               "
"2914","438","11","IN4DATNPOLL.develop.fcbt"
"2915","439","11","GEACSSLedgerMSSQLInc_6.0_06                       "
"2916","440","11","1925MonkeyEvolTrial"
"2917","441","11","3                                                 "
"2918","442","11","3                                                 "
"2919","443","11","IN4DATNBE.develop.fcbt"
"2920","444","11","2                                                 "
"2921","445","11","DBS"
"2922","446","11","FCBMerger                                         "
"2923","447","11","150                                               "
"2924","448","11","IN4DATNPOLL.develop.fcbt"
"2925","449","11","                                                  "
"2926","450","11","onwardnow                                         "
"2927","451","11","3                                                 "
"2928","452","11","3                                                 "
"2929","453","11","IN4DATNBE.develop.fcbt"
"2930","454","11","2                                                 "
"2931","455","11","prod_interface                                    "
"2932","456","11","FCBPayCap                                         "
"2933","457","11","150                                               "
"2934","458","11","IN4DATNPOLL.develop.fcbt"
"2935","459","11","GEACSSLedgerMSSQLInc_6.0_06                       "
"2936","460","11","1775AmericanRevolution"
"2937","461","11","3                                                 "
"2938","462","11","3                                                 "
"2939","463","11","IN4DATNBE.develop.fcbt"
"2940","464","11","2                                                 "
"2941","465","11","sa                                                "
"2942","466","11","FCBAch                                            "
"2943","467","11","0                                                 "
"2944","468","11","                                                  "
"2945","469","11","                                                  "
"2946","470","11","onwardnow                                         "
"2947","471","11","0                                                 "
"2948","472","11","0                                                 "
"2949","473","11","IN4DATNBE.develop.fcbt"
"2950","474","11","0                                                 "
"2951","475","11","prod_interface                                    "
"2952","142","11","10.10.1.171                                                                                                                     "
"2953","153","11","Carrolltontexas3"
"2954","145","11","cluster02                                                                                                                       "
"2955","152","11","OFACINTRFA                                                                                                                      "
"2956","143","11","10.10.1.107                                                                                                                     "
"2957","151","11","PostGL2012SSGL"
"2958","146","11","frxprod                                                                                                                         "
"2959","150","11","glinterfac                                                                                                                      "
"2960","144","11","10.10.12.111"
"2961","149","11","1988ExplosionNSeaOil"
"2962","147","11","IN4DATNBE.develop.fcbt"
"2963","148","11","glinterfac                                                                                                                      "
"2964","154","11","develop                                                                                                                         "
"2965","155","11","vm-tpgdev.develop.fcbt                                                                                                          "
"2966","156","11","\\in4datnbe.develop.fcbt\TPG_GL_Extract"
"2967","157","11","1                                                                                                                               "
"2968","158","11","1988ExplosionNSeaOil"
"2969","159","11","glinterfac                                                                                                                      "
"2970","160","11","\\develop.fcbt                                                                                                                  "
"2971","162","11","\\in4datnbe.develop.fcbt\TPG_GL_Extract\Archive"
"2972","163","11","2                                                                                                                               "
"2973","164","11","1988ExplosionNSeaOil"
"2974","165","11","glinterfac                                                                                                                      "
"2975","137","13","SSDLIBDATX"
"2976","134","13","30                                                                                                                              "
"2977","135","13","150                                                                                                                             "
"2978","136","13","C:\GLRemoteExe\SS_Interface_Gateway"
"2979","133","13","GLRemoteExe\InterfaceLogs                                                                                                       "
"2980","132","13","bendovr1                                                                                                                        "
"2981","131","13","UCSQLFIN                                                                                                                        "
"2982","476","13","YES                                                                                                                             "
"2983","138","13","DATXCOMN"
"2984","139","13","CADLIB                                                                                                                          "
"2985","140","13","OLDLIB                                                                                                                          "
"2986","141","13","SSDLIBDATX"
"2987","166","13","Budgetloans                                       "
"2988","167","13","0                                                 "
"2989","168","13","                                                  "
"2990","169","13","                                                  "
"2991","170","13","bendovr1                                          "
"2992","171","13","0                                                 "
"2993","172","13","0                                                 "
"2994","173","13","sql-web                                           "
"2995","174","13","0                                                 "
"2996","175","13","ucsqlfin                                          "
"2997","176","13","iBank                                             "
"2998","177","13","0                                                 "
"2999","178","13","                                                  "
"3000","179","13","                                                  "
"3001","180","13","bendovr1                                          "
"3002","181","13","0                                                 "
"3003","182","13","0                                                 "
"3004","183","13","sql-web                                           "
"3005","184","13","0                                                 "
"3006","185","13","ucsqlfin                                          "
"3007","186","13","ads                                               "
"3008","187","13","0                                                 "
"3009","188","13","                                                  "
"3010","189","13","                                                  "
"3011","190","13","onwardnow                                         "
"3012","191","13","0                                                 "
"3013","192","13","0                                                 "
"3014","193","13","cluster02                                         "
"3015","194","13","0                                                 "
"3016","195","13","prod_interface                                    "
"3017","206","13","FCBFRx                                            "
"3018","207","13","0                                                 "
"3019","208","13","                                                  "
"3020","209","13","GEACSSLedgerMSSQLInc_6.0_06                       "
"3021","210","13","paperboy                                          "
"3022","211","13","0                                                 "
"3023","212","13","0                                                 "
"3024","213","13","FRXPROD                                           "
"3025","214","13","0                                                 "
"3026","215","13","prod_FRXLoad                                      "
"3027","216","13","Bud_Bank                                          "
"3028","217","13","0                                                 "
"3029","218","13","                                                  "
"3030","219","13","                                                  "
"3031","220","13","sar#dine                                          "
"3032","221","13","0                                                 "
"3033","222","13","0                                                 "
"3034","223","13","CLARUSFIN                                         "
"3035","224","13","0                                                 "
"3036","225","13","sa                                                "
"3037","226","13","Q2DB_01                                           "
"3038","227","13","0                                                 "
"3039","228","13","                                                  "
"3040","229","13","                                                  "
"3041","230","13","onwardnow                                         "
"3042","231","13","0                                                 "
"3043","232","13","0                                                 "
"3044","233","13","cluster02                                         "
"3045","234","13","0                                                 "
"3046","235","13","prod_interface                                    "
"3047","236","13","Q2DB_03                                           "
"3048","237","13","0                                                 "
"3049","238","13","                                                  "
"3050","239","13","                                                  "
"3051","240","13","onwardnow                                         "
"3052","241","13","0                                                 "
"3053","242","13","0                                                 "
"3054","243","13","cluster02                                         "
"3055","244","13","0                                                 "
"3056","245","13","prod_interface                                    "
"3057","246","13","Q2DB_04                                           "
"3058","247","13","0                                                 "
"3059","248","13","                                                  "
"3060","249","13","                                                  "
"3061","250","13","onwardnow                                         "
"3062","251","13","0                                                 "
"3063","252","13","0                                                 "
"3064","253","13","cluster02                                         "
"3065","254","13","0                                                 "
"3066","255","13","prod_interface                                    "
"3067","256","13","Q2DB_05                                           "
"3068","257","13","0                                                 "
"3069","258","13","                                                  "
"3070","259","13","                                                  "
"3071","260","13","onwardnow                                         "
"3072","261","13","0                                                 "
"3073","262","13","0                                                 "
"3074","263","13","cluster02                                         "
"3075","264","13","0                                                 "
"3076","265","13","prod_interface                                    "
"3077","266","13","Q2DB_06                                           "
"3078","267","13","0                                                 "
"3079","268","13","                                                  "
"3080","269","13","                                                  "
"3081","270","13","onwardnow                                         "
"3082","271","13","0                                                 "
"3083","272","13","0                                                 "
"3084","273","13","cluster02                                         "
"3085","274","13","0                                                 "
"3086","275","13","prod_interface                                    "
"3087","276","13","Q2DB_07                                           "
"3088","277","13","0                                                 "
"3089","278","13","                                                  "
"3090","279","13","                                                  "
"3091","280","13","onwardnow                                         "
"3092","281","13","0                                                 "
"3093","282","13","0                                                 "
"3094","283","13","cluster02                                         "
"3095","284","13","0                                                 "
"3096","285","13","prod_interface                                    "
"3097","286","13","Q2DB_08                                           "
"3098","287","13","0                                                 "
"3099","288","13","                                                  "
"3100","289","13","                                                  "
"3101","290","13","onwardnow                                         "
"3102","291","13","0                                                 "
"3103","292","13","0                                                 "
"3104","293","13","cluster02                                         "
"3105","294","13","0                                                 "
"3106","295","13","prod_interface                                    "
"3107","296","13","Q2DB_09                                           "
"3108","297","13","0                                                 "
"3109","298","13","                                                  "
"3110","299","13","                                                  "
"3111","300","13","onwardnow                                         "
"3112","301","13","0                                                 "
"3113","302","13","0                                                 "
"3114","303","13","cluster02                                         "
"3115","304","13","0                                                 "
"3116","305","13","prod_interface                                    "
"3117","306","13","Q2DB_11                                           "
"3118","307","13","0                                                 "
"3119","308","13","                                                  "
"3120","309","13","                                                  "
"3121","310","13","onwardnow                                         "
"3122","311","13","0                                                 "
"3123","312","13","0                                                 "
"3124","313","13","cluster02                                         "
"3125","314","13","0                                                 "
"3126","315","13","prod_interface                                    "
"3127","316","13","Q2DB_13                                           "
"3128","317","13","0                                                 "
"3129","318","13","                                                  "
"3130","319","13","                                                  "
"3131","320","13","onwardnow                                         "
"3132","321","13","0                                                 "
"3133","322","13","0                                                 "
"3134","323","13","cluster02                                         "
"3135","324","13","0                                                 "
"3136","325","13","prod_interface                                    "
"3137","326","13","Q2DB_14                                           "
"3138","327","13","0                                                 "
"3139","328","13","                                                  "
"3140","329","13","                                                  "
"3141","330","13","onwardnow                                         "
"3142","331","13","0                                                 "
"3143","332","13","0                                                 "
"3144","333","13","cluster02                                         "
"3145","334","13","0                                                 "
"3146","335","13","prod_interface                                    "
"3147","336","13","Q2DB_15                                           "
"3148","337","13","0                                                 "
"3149","338","13","                                                  "
"3150","339","13","                                                  "
"3151","340","13","onwardnow                                         "
"3152","341","13","0                                                 "
"3153","342","13","0                                                 "
"3154","343","13","cluster02                                         "
"3155","344","13","0                                                 "
"3156","345","13","prod_interface                                    "
"3157","346","13","Q2DB_16                                           "
"3158","347","13","0                                                 "
"3159","348","13","                                                  "
"3160","349","13","                                                  "
"3161","350","13","onwardnow                                         "
"3162","351","13","0                                                 "
"3163","352","13","0                                                 "
"3164","353","13","cluster02                                         "
"3165","354","13","0                                                 "
"3166","355","13","prod_interface                                    "
"3167","356","13","Q2DB_17                                           "
"3168","357","13","0                                                 "
"3169","358","13","                                                  "
"3170","359","13","                                                  "
"3171","360","13","onwardnow                                         "
"3172","361","13","0                                                 "
"3173","362","13","0                                                 "
"3174","363","13","cluster02                                         "
"3175","364","13","0                                                 "
"3176","365","13","prod_interface                                    "
"3177","366","13","Q2DB_18                                           "
"3178","367","13","0                                                 "
"3179","368","13","                                                  "
"3180","369","13","                                                  "
"3181","370","13","onwardnow                                         "
"3182","371","13","0                                                 "
"3183","372","13","0                                                 "
"3184","373","13","cluster02                                         "
"3185","374","13","0                                                 "
"3186","375","13","prod_interface                                    "
"3187","376","13","Q2DB_19                                           "
"3188","377","13","0                                                 "
"3189","378","13","                                                  "
"3190","379","13","                                                  "
"3191","380","13","onwardnow                                         "
"3192","381","13","0                                                 "
"3193","382","13","0                                                 "
"3194","383","13","cluster02                                         "
"3195","384","13","0                                                 "
"3196","385","13","prod_interface                                    "
"3197","386","13","Q2DB_20                                           "
"3198","387","13","0                                                 "
"3199","388","13","                                                  "
"3200","389","13","                                                  "
"3201","390","13","onwardnow                                         "
"3202","391","13","0                                                 "
"3203","392","13","0                                                 "
"3204","393","13","cluster02                                         "
"3205","394","13","0                                                 "
"3206","395","13","prod_interface                                    "
"3207","396","13","Q2DB_22                                           "
"3208","397","13","0                                                 "
"3209","398","13","                                                  "
"3210","399","13","                                                  "
"3211","400","13","onwardnow                                         "
"3212","401","13","0                                                 "
"3213","402","13","0                                                 "
"3214","403","13","cluster02                                         "
"3215","404","13","0                                                 "
"3216","405","13","prod_interface                                    "
"3217","406","13","Q2DB_23                                           "
"3218","407","13","0                                                 "
"3219","408","13","                                                  "
"3220","409","13","                                                  "
"3221","410","13","onwardnow                                         "
"3222","411","13","0                                                 "
"3223","412","13","0                                                 "
"3224","413","13","cluster02                                         "
"3225","414","13","0                                                 "
"3226","415","13","prod_interface                                    "
"3227","416","13","Q2DB_99                                           "
"3228","417","13","0                                                 "
"3229","418","13","                                                  "
"3230","419","13","                                                  "
"3231","420","13","onwardnow                                         "
"3232","421","13","0                                                 "
"3233","422","13","0                                                 "
"3234","423","13","cluster02                                         "
"3235","424","13","0                                                 "
"3236","425","13","prod_interface                                    "
"3237","426","13","FCBGEN                                            "
"3238","427","13","150                                               "
"3239","428","13","IN4DATXPOLL.develop.fcbt"
"3240","429","13","GEACSSLedgerMSSQLInc_6.0_06                       "
"3241","430","13","onwardnow                                         "
"3242","431","13","3                                                 "
"3243","432","13","3                                                 "
"3244","433","13","IN4DATXBE.develop.fcbt"
"3245","434","13","2                                                 "
"3246","435","13","prod_interface                                    "
"3247","436","13","FCBGEN                                            "
"3248","437","13","150                                               "
"3249","438","13","IN4DATXPOLL.develop.fcbt"
"3250","439","13","GEACSSLedgerMSSQLInc_6.0_06                       "
"3251","440","13","1925MonkeyEvolTrial"
"3252","441","13","3                                                 "
"3253","442","13","3                                                 "
"3254","443","13","IN4DATXBE.develop.fcbt"
"3255","444","13","2                                                 "
"3256","445","13","DBS"
"3257","446","13","FCBMerger                                         "
"3258","447","13","150                                               "
"3259","448","13","IN4DATXPOLL.develop.fcbt"
"3260","449","13","                                                  "
"3261","450","13","onwardnow                                         "
"3262","451","13","3                                                 "
"3263","452","13","3                                                 "
"3264","453","13","IN4DATXBE.develop.fcbt"
"3265","454","13","2                                                 "
"3266","455","13","prod_interface                                    "
"3267","456","13","FCBPayCap                                         "
"3268","457","13","150                                               "
"3269","458","13","IN4DATXPOLL.develop.fcbt"
"3270","459","13","GEACSSLedgerMSSQLInc_6.0_06                       "
"3271","460","13","1988ExplosionNSeaOil"
"3272","461","13","3                                                 "
"3273","462","13","3                                                 "
"3274","463","13","IN4DATXBE.develop.fcbt"
"3275","464","13","2                                                 "
"3276","465","13","sa                                                "
"3277","466","13","FCBAch                                            "
"3278","467","13","0                                                 "
"3279","468","13","                                                  "
"3280","469","13","                                                  "
"3281","470","13","onwardnow                                         "
"3282","471","13","0                                                 "
"3283","472","13","0                                                 "
"3284","473","13","IN4DATXBE.develop.fcbt"
"3285","474","13","0                                                 "
"3286","475","13","prod_interface                                    "
"3287","142","13","10.10.1.171                                                                                                                     "
"3288","153","13","Carrolltontexas3"
"3289","145","13","cluster02                                                                                                                       "
"3290","152","13","OFACINTRFA                                                                                                                      "
"3291","143","13","10.10.1.107                                                                                                                     "
"3292","151","13","sstream9                                                                                                                        "
"3293","146","13","frxprod                                                                                                                         "
"3294","150","13","glinterfac                                                                                                                      "
"3295","144","13","10.10.13.131"
"3296","149","13","1988ExplosionNSeaOil"
"3297","147","13","IN4DATXBE.develop.fcbt"
"3298","148","13","glinterfac                                                                                                                      "
"3299","154","13","develop                                                                                                                         "
"3300","155","13","vm-tpgdev.develop.fcbt                                                                                                          "
"3301","156","13","\\IN4DATXbe.develop.fcbt\TPG_GL_Extract"
"3302","157","13","1                                                                                                                               "
"3303","158","13","1988ExplosionNSeaOil"
"3304","159","13","glinterfac                                                                                                                      "
"3305","160","13","\\develop.fcbt                                                                                                                  "
"3306","162","13","\\IN4DATXbe.develop.fcbt\TPG_GL_Extract\Archive"
"3307","163","13","2                                                                                                                               "
"3308","164","13","1988ExplosionNSeaOil"
"3309","165","13","glinterfac                                                                                                                      "
"3664","490","10","/Association_Labels"
"3665","551","10","Avery 5351"
"3666","552","10","FCLABL"
"3667","553","10","TTQRYLIB"
"3672","490","11","/Association_Labels"
"3673","551","11","Avery 5351"
"3674","552","11","FCLABL"
"3675","553","11","TTQRYLIB"
"3676","490","12","/Association_Labels"
"3677","551","12","Avery 5351"
"3678","552","12","FCLABL"
"3679","553","12","TTQRYLIB"
"3753","483","10","PGP"
"3754","484","10","*TEXT"
"3755","550","10","TEST"
"3757","485","10","*LETTER"
"3758","491","10","SFTP PGP Put Fidelity Files                                                                                                     "
"3760","487","10","/DATICOMN/OLAS"
"3761","488","10","NONE"
"3762","489","10","NONE"
"3801","691","1","IFSMGRDEV"
"3802","692","1","ZAQ1XSW2"
"3807","497","10","FTP PGP Get                                                                                                                     "
"3808","500","10","/DATICOMN/IDDIDN/bai4idd.txt"
"3809","496","10","/Development/U4142LN                                                                                                            "
"3810","499","10","/BETATEST/FCB_PREVDAY                                                                                                           "
"3817","501","10","FTP PGP Get                                                                                                                     "
"3818","503","10","/DATICOMN/IDDIDN/IDDRETURN.TXT"
"3819","504","10","/Development/U4142LN                                                                                                            "
"3820","505","10","/BETATEST/chkrtns2.pgp                                                                                                          "
"3824","82","10","FASTCASH                                                                                                                        "
"3837","616","11","SFTP PGP Put InfoImage Checks"
"3838","617","11","/Betatest"
"3843","621","11","0x7817DACA84D7D3D1"
"3844","621","12","0xF723D458C7CD6B1F"
"3845","616","12","FTP PGP Put Fidelity Checks"
"3846","617","12","/Development/U4142LN"
"3850","80","12","Default Key Ring                                                                                                                "
"3851","81","12","jumpingjackflashgasgasgas                                                                                                       "
"3852","43","12","/BETATEST/DATO/GAStaging"
"3862","501","11","SFTP Process"
"3863","503","11","/DATNCOMN/IDDIDN/IDDRETURN.TXT"
"3864","504","11","/Production"
"3865","505","11","/outbound/FARMC588_IRX_2/chckrtns2.txt"
"3869","80","11","Default Key Ring"
"3870","81","11","jumpingjackflashgasgasgas"
"3950","739","10","PGP"
"3951","740","10","*TEXT"
"3952","741","10","TEST"
"3955","744","10","*LETTER"
"3956","745","10","SFTP PGP Put Fidelity Zip Files                                                                                                 "
"3957","746","10","FidelityServicesTest                                                                                                            "
"3959","748","10","*.TXT"
"3975","764","10","Billing"
"3981","767","10","YES"
"3983","765","10","NONE                                                                                                                            "
"3984","747","10","/DATICOMN/SOA"
"3997","779","10","FCBT Billing Statements"
"3998","780","10","NONE                                                                                                                            "
"3999","788","10","SFTP PGP Put Fidelity Zip Files                                                                                                 "
"4000","783","10","TAXESSENT"
"4001","782","10","TAXESSENT"
"4002","784","10","PGP"
"4003","785","10","TEST"
"4004","786","10","IRS Tax File"
"4006","789","10","SFTPTestSite"
"4007","790","10","/DATICOMN/TAX"
"4009","792","10","NONE"
"4010","793","10","USE PGM PARM"
"4017","196","11","SSPAYABLES"
"4018","198","11","IN4DATNPOLL.develop.fcbt"
"4019","203","11","IN4DATNBE.develop.fcbt"
"4021","795","10","/Production"
"4022","794","10","CopyToIFS"
"4023","794","11","CopyToIFS"
"4024","795","11","/Production"
"4025","796","10","CopyToIFS"
"4026","797","10","/Production"
"4027","796","11","CopyToIFS"
"4028","797","11","/Production"
"4029","196","13","SSPAYABLES"
"4030","198","13","IN4DATXPOLL.develop.fcbt"
"4031","203","13","IN4DATXPOLL.develop.fcbt"
"4033","593","10","FCBLoanChecks.txt                                                                                                               "
"4035","587","10","SFTP Process with PGP"
"4036","589","10","/DATICOMN/AgriLine/FCBLoanChecks.txt"
"4037","590","10","/Development/U4142LN                                                                                                            "
"4038","591","10","/outbound/CSH01/FCBLoanChecks.pgp"
"4039","798","10","ChaseTest"
"4040","808","10","GET"
"4043","603","10","oh00543b.pgp"
"4044","604","10","0x6072D830F98B7CC3"
"4045","605","10","SFTP Process with PGP"
"4046","606","10","/DATICOMN/AgriLine/oh00543b.txt"
"4047","607","10","/Development/U4142LN                                                                                                            "
"4048","608","10","/CSH01/oh00543b.pgp"
"4049","809","10","PUT"
"4050","800","10","ChaseTest"
"4053","812","10","jppospay.pgp"
"4054","712","10","LNFHPosPayPayPilot"
"4055","713","10","jppospay.txt"
"4056","714","10","/Development/U4142LN"
"4057","715","10","oh00542OPayPilot.pgp"
"4058","803","10","ChaseTest"
"4059","813","10","0x4F967C7CD7BF5B7A"
"4060","814","10","PUT"
"4061","806","10","ChaseTest"
"4062","642","10","/Development/U4142LN"
"4063","641","10","SFTP Process with PGP"
"4064","639","10","0x6072D830F98B7CC3"
"4065","638","10","oh00752.pgp"
"4066","637","10","/DATICOMN/PATCLRCHK/PatPositivePay.txt"
"4067","636","10","/ARP03/oh00752.pgp"
"4068","640","10","/DATICOMN/PATCLRCHK/PatPositivePay.txt"
"4069","640","11","/DATNCOMN/PATRONAGE/oh00752.pgp"
"4070","638","11","oh00752.pgp                                                                                                                     "
"4071","639","11","0x4B13C88A5C1B4E31                                                                                                              "
"4072","641","11","FTP PGP Put                                                                                                                     "
"4073","637","11","/DATNCOMN/PATRONAGE/PatPositivePay.txt"
"4074","642","11","/Production                                                                                                                     "
"4075","636","11","/BETATEST/oh00752.pgp"
"4076","815","11","10.10.8.177"
"4077","816","11","TestFTPpassword3"
"4078","817","11","TestFTP"
"4079","196","10","SSPAYABLES"
"4080","198","10","IN4DATIPOLL.develop.fcbt"
"4081","203","10","in4datibe.develop.fcbt"
"4082","819","19","OFAC"
"4084","818","19","/Development/U4142CES"
"4087","808","20","GET"
"4088","587","20","SFTP Process with PGP"
"4089","798","20","ChaseTest"
"4090","590","20","/Development/U4142LNxxCRTEST"
"4091","591","20","FCBLoanChecks.pgp"
"4092","593","20","FCBLoanChecks.txt"
"4093","589","20","/DATMCOMN/AgriLine/FCBLoanChecks.txt"
"4096","823","20","Money4Nothing"
"4097","809","20","PUT"
"4099","605","20","SFTP Process with PGP"
"4100","800","20","ChaseTestX"
"4101","608","20","/CSH01/oh00543b.pgp"
"4102","607","20","/Development/U4142LN"
"4103","606","20","/DATMCOMN/AgriLine/oh00543b.txt"
"4104","604","20","0x6072D830F98B7CC3"
"4105","603","20","oh00543b.pgp"
"4106","824","20","0xFA19FC8050CFF760"
"4107","699","20","LNFHClearedChecksGet                                                                                                            "
"4109","701","20","/Development/U4142LN"
"4110","702","20","oh00542a.pgp"
"4111","801","20","Chase"
"4115","829","20","Money4Nothing"
"4116","831","20","GET"
"4118","628","20","PatClearedChecks.txt"
"4120","631","20","SFTP Process with PGP"
"4121","627","20","/DATMCOMN/PATCLRCHK/PatClearedChecks.txt"
"4122","833","20","Money4Nothing"
"4123","632","20","/Development/U4142LN"
"4124","626","20","oh00752b.pgp"
"4125","804","20","ChaseTest"
"4126","837","20","FCBLoanChecks.pgp"
"4127","827","20","LnFHClearedChecks.txt"
"4129","629","20","oh00752b.pgp"
"4130","836","20","Money4Nothing"
"4132","812","20","jppospay.pgp                                                                                                                    "
"4133","813","20","0x4F967C7CD7BF5B7A"
"4134","712","20","LNFHPosPayPayPilot                                                                                                              "
"4135","713","20","/jppospay.txt"
"4136","839","20","Money4Nothing"
"4137","714","20","/Development/U4142LN"
"4138","715","20","oh00542NEW.pgp                                                                                                                  "
"4139","803","20","ChaseTest"
"4140","830","20","0xD51101C1B6C2DA53"
"4141","834","20","0xA25D1C12CB1835FB"
"4142","639","20","0x6072D830F98B7CC3"
"4143","840","20","Money4Nothing"
"4144","814","20","PUT"
"4145","638","20","oh00752.pgp"
"4146","641","20","SFTP Process with PGP"
"4147","637","20","/DATMCOMN/PATCLRCHK/PatPositivePay.txt"
"4148","642","20","/Development/U4142LN"
"4149","636","20","/ARP03/oh00752.pgp"
"4150","806","20","ChaseTest"
"4156","842","20","GET"
"4157","851","20","SFTP Process with PGP"
"4158","847","20","Money4Nothing"
"4159","852","20","/Development/U4142LN"
"4160","849","20","ChaseAPTest"
"4161","848","20","oh00511a.pgp"
"4162","844","20","oh00511a.pgp"
"4163","843","20","oh00511a.txt"
"4164","846","20","/DATMCOMN/AP_ClearedChecks/oh00511a.txt"
"4166","855","20","180"
"4167","854","20","2"
"4169","856","20","GET"
"4170","857","20","ack.txt"
"4171","858","20","180"
"4172","860","20","SFTP Process with PGP"
"4173","862","20","2"
"4174","863","20","Money4Nothing"
"4175","864","20","/Development/U4142LN"
"4176","866","20","ChaseAPTest"
"4177","865","20","ack.pgp"
"4178","861","20","/DATMCOMN/AP_ClearedChecks/ack.txt"
"4179","859","20","ack.pgp"
"4180","867","20","PUT"
"4181","868","20","APPositivePay.pgp"
"4182","869","20","0x4F967C7CD7BF5B7A"
"4183","870","20","SFTP Process with PGP"
"4184","871","20","/DATMCOMN/AP_ClearedChecks/APPositivePay.txt"
"4185","872","20","Money4Nothing"
"4186","873","20","/Production"
"4187","874","20","/ARP01/APPositivePay.pgp"
"4188","875","20","ChaseAPTest"
"4189","876","20","0xD51101C1B6C2DA53"
"4195","877","20","PULL"
"4196","881","20","CopyIFSFile"
"4197","878","20","/DATMCOMN/AP_ClearedChecks/oh00511a.txt"
"4198","879","20","/110/AccountsPayable/APClearedChecks.txt"
"4199","882","20","/Development/U4142LN"
"4200","880","20","PDFData"
"4201","889","20","PULL"
"4202","893","20","CopyIFSFile"
"4203","891","20","/DATMCOMN/AP_ClearedChecks/ack.txt"
"4204","892","20","/110/AccountsPayable/ack.txt"
"4205","894","20","/Development/U4142LN"
"4206","890","20","PDFData"
"4207","883","20","PUSH"
"4208","887","20","CopyIFSFile"
"4209","884","20","/DATMCOMN/AP_ClearedChecks/APPositivePay.txt"
"4210","885","20","/110/AccountsPayable/APPositivePay.txt"
"4211","888","20","/Development/U4142LN"
"4212","886","20","PDFData"
"4213","34","11","PAID"
"4214","47","11","10.10.8.177"
"4215","49","11","TestFTPpassword3"
"4216","50","11","/BETATEST"
"4217","48","11","TestFTP"
"4218","25","11","741110170"
"4219","26","11","TEST FARM CREDIT BANK OF TX"
"4220","43","11","/BETATEST/DATN/GAStaging"
"4221","900","20","180"
"4222","901","20","2"
"4223","895","20","/outbound/CSH01/xxCRTEST"
"4224","896","20","/outbound/ARP01/"
"4225","897","20","/outbound/ARP02/"
"4228","898","20","/outbound/ARP03/"
"4229","904","20","180"
"4230","905","20","2"
"4231","899","20","/outbound/ARP04/"
"4236","906","19","35"
"4239","909","19","21"
"4241","908","19","220"
"4242","907","19","210"
"4243","912","19","http://www.consumerfinance.gov/find-a-housing-counselor/                                                                        "
"4244","910","19","(800)569-4287"
"4245","911","19","http://www.hud.gov/offices/hsg/sfh/hcc/hcs.cfm"
"4246","906","20","35                                                                                                                              "
"4247","912","20","http://www.consumerfinance.gov/find-a-housing-counselor/                                                                        "
"4248","910","20","(800)569-4287                                                                                                                   "
"4249","911","20","http://www.hud.gov/offices/hsg/sfh/hcc/hcs.cfm                                                                                  "
"4250","907","20","210                                                                                                                             "
"4251","908","20","220                                                                                                                             "
"4252","909","20","21                                                                                                                              "
"4297","906","10","35                                                                                                                              "
"4298","912","10","http://www.consumerfinance.gov/find-a-housing-counselor/                                                                        "
"4299","910","10","(800)569-4287                                                                                                                   "
"4300","911","10","http://www.hud.gov/offices/hsg/sfh/hcc/hcs.cfm                                                                                  "
"4301","907","10","210                                                                                                                             "
"4302","908","10","220                                                                                                                             "
"4303","909","10","21                                                                                                                              "
"4304","738","10","OLAS                                                                                                                            "
"4305","919","10","/Development/U4142LN                                                                                                            "
"4306","914","10","FidelityServicesTest                                                                                                            "
"4307","920","10","/Development/U4142LN                                                                                                            "
"4308","915","10","0xF723D458C7CD6B1F                                                                                                              "
"4309","916","10","Default Key Ring                                                                                                                "
"4310","921","10","/Production"
"4311","917","10","0xF723D458C7CD6B1F"
"4312","918","10","Default Key Ring                                                                                                                "
"4313","621","10","0xF723D458C7CD6B1F                                                                                                              "
"4314","616","10","SFTP PGP Put Fidelity Checks"
"4315","617","10","/Development/U4142LN                                                                                                            "
"4316","913","10","SFTPTestSite"
"4317","645","10","/DATICOMN/PATRONAGE/FCREGISTER.TXT.PGP"
"4318","647","10","register.txt                                                                                                                    "
"4319","646","10","FCREGISTER.TXT.PGP                                                                                                              "
"4320","643","10","FTP PGP Get                                                                                                                     "
"4321","922","10","/DATICOMN/Patronage/FCBPatronageChecks"
"4322","923","10","FCBPatronageChecks"
"4323","924","10","/DATICOMN/Patronage/FCBPatronageChecks"
"4324","926","10","FCBPatronageChecks"
"4325","925","10","FCBPatronageChecks"
"4326","906","11","35                                                                                                                              "
"4327","912","11","http://www.consumerfinance.gov/find-a-housing-counselor/                                                                        "
"4328","910","11","(800)569-4287                                                                                                                   "
"4329","911","11","http://www.hud.gov/offices/hsg/sfh/hcc/hcs.cfm                                                                                  "
"4330","907","11","210                                                                                                                             "
"4331","908","11","220                                                                                                                             "
"4332","909","11","21                                                                                                                              "
"4347","906","12","35                                                                                                                              "
"4348","912","12","http://www.consumerfinance.gov/find-a-housing-counselor/                                                                        "
"4349","910","12","(800)569-4287                                                                                                                   "
"4350","911","12","http://www.hud.gov/offices/hsg/sfh/hcc/hcs.cfm                                                                                  "
"4351","907","12","210                                                                                                                             "
"4352","908","12","220                                                                                                                             "
"4353","909","12","21                                                                                                                              "
"4354","906","13","35                                                                                                                              "
"4355","912","13","http://www.consumerfinance.gov/find-a-housing-counselor/                                                                        "
"4356","910","13","(800)569-4287                                                                                                                   "
"4357","911","13","http://www.hud.gov/offices/hsg/sfh/hcc/hcs.cfm                                                                                  "
"4358","907","13","210                                                                                                                             "
"4359","908","13","220                                                                                                                             "
"4360","909","13","21                                                                                                                              "
"4429","153","20","Carrolltontexas3"
"4444","928","19","BANKR                                                                                                                           "
"4445","929","19","200                                                                                                                             "
"4446","927","19","RESTR                                                                                                                           "
"4447","929","20","200"
"4448","930","20","700"
"4450","928","20","BANKR                                                                                                                           "
"4451","927","20","RESTR                                                                                                                           "
"4453","930","19","700                                                                                                                             "
"4458","928","10","BANKR                                                                                                                           "
"4459","929","10","200                                                                                                                             "
"4460","930","10","700                                                                                                                             "
"4461","927","10","RESTR                                                                                                                           "
"4473","928","11","BANKR                                                                                                                           "
"4474","929","11","200                                                                                                                             "
"4475","930","11","700                                                                                                                             "
"4476","927","11","RESTR                                                                                                                           "
"4477","928","12","BANKR                                                                                                                           "
"4478","929","12","200                                                                                                                             "
"4479","930","12","700                                                                                                                             "
"4480","927","12","RESTR                                                                                                                           "
"4481","928","13","BANKR                                                                                                                           "
"4482","929","13","200                                                                                                                             "
"4483","930","13","700                                                                                                                             "
"4484","927","13","RESTR                                                                                                                           "
"4489","66","11","10.10.8.177                                                                                                                     "
"4490","67","11","TestFTPpassword3                                                                                                                "
"4491","68","11","/BETATEST                                                                                                                       "
"4492","69","11","TestFTP                                                                                                                         "
"4493","74","11","10.10.8.177                                                                                                                     "
"4494","75","11","TestFTPpassword3                                                                                                                "
"4495","76","11","/BETATEST                                                                                                                       "
"4496","77","11","TestFTP                                                                                                                         "
"4497","35","11","PAID                                                                                                                            "
"4498","64","11","PAID                                                                                                                            "
"4499","483","11","PGP                                                                                                                             "
"4500","484","11","*TEXT                                                                                                                           "
"4501","550","11","NONE"
"4502","738","11","OLAS                                                                                                                            "
"4503","485","11","*LETTER                                                                                                                         "
"4504","491","11","SFTP PGP Put InfoImage Files"
"4505","919","11","/Production"
"4506","914","11","InfoImageDev"
"4507","487","11","/DATNCOMN/OLAS"
"4508","488","11","NONE                                                                                                                            "
"4509","489","11","NONE                                                                                                                            "
"4510","767","11","YES                                                                                                                             "
"4511","780","11","SOATOTALS"
"4512","765","11","SOATOTALS"
"4513","739","11","PGP"
"4514","740","11","*TEXT                                                                                                                           "
"4515","741","11","NONE"
"4516","779","11","FCBT Billing Statements                                                                                                         "
"4517","744","11","*LETTER                                                                                                                         "
"4518","745","11","SFTP PGP Put InfoImage Zip Files"
"4519","920","11","/Production"
"4520","915","11","0x31FDE0027AD02335"
"4521","916","11","Default Key Ring                                                                                                                "
"4522","746","11","InfoImageDev"
"4523","747","11","/DATNCOMN/SOA"
"4524","764","11","FCBT_stmt"
"4525","748","11","*.TXT                                                                                                                           "
"4530","932","13","NAIFP                                                                                                                           "
"4531","931","13","NACC                                                                                                                            "
"4534","932","19","NAIFP                                                                                                                           "
"4535","931","19","NACC                                                                                                                            "
"4538","932","10","NAIFP                                                                                                                           "
"4539","931","10","NACC                                                                                                                            "
"4542","932","20","NAIFP                                                                                                                           "
"4543","931","20","NACC                                                                                                                            "
"4544","932","11","NAIFP                                                                                                                           "
"4545","931","11","NACC                                                                                                                            "
"4546","932","12","NAIFP                                                                                                                           "
"4547","931","12","NACC                                                                                                                            "
"4567","497","20","FTP PGP Get"
"4568","500","20","/DATMCOMN/IDDIDN/bai4idd.txt"
"4569","496","20","/Development/U4142LN"
"4570","499","20","/BETATEST/FCB_PREVDAY"
"4574","80","20","Default Key Ring"
"4575","81","20","jumpingjackflashgasgasgas"
"4576","752","20","CopyFolderData"
"4577","753","20","/Development/U4142LN"
"4578","582","20","MinnMutualGET"
"4579","583","20","MinnMutualPUT"
"4580","554","20","SFTP Process"
"4581","555","20","/DATMCOMN/MinnMut/Incoming.txt"
"4582","557","20","/Betatest"
"4583","558","20","/out/001643_RenewalTEST.txt"
"4584","560","20","WebDev2"
"4585","794","20","xxCRTEST"
"4586","795","20","/Development/U4142MCR"
"4587","796","20","xxCRTEST"
"4588","797","20","/Development/U4142MCR"
"4589","941","20","/Development/U4142LN/"
"4590","940","20","TPG"
"4591","942","20","TPG_Dev"
"4592","943","20","TPG_DevArchive"
"4593","944","20","DATMCOMN.CRTPGMVRAW"
"4594","945","20","/QtrRptgExtract.csv"
"4595","946","20","UCSQLFIN"
"4673","950","20","FCABAV"
"4675","949","20","DATMCOMN"
"4676","951","20","/Development/U4142LN"
"4677","952","20","FRB Services ABA Upload"
"4678","953","20","DEV"
"4688","952","11","FRB Services ABA Download"
"4690","949","11","DATNCOMN"
"4691","951","11","/Production"
"4701","955","20","DEV"
"4702","957","11","Payroll"
"4703","956","11","/PRODUCTION"
"4704","958","11","AgFirstOracle"
"4705","959","11","prglee.txt"
"4706","960","11","/DATNCOMN/Payroll/prglee.txt"
"4707","961","11","/DATNCOMN/Payroll/Archive/"
"4708","965","11","/DATNCOMN/Payroll/Archive/"
"4709","966","11","Payroll"
"4710","968","11","Payroll"
"4711","974","11","Payroll"
"4712","967","11","/PRODUCTION"
"4713","969","11","/PRODUCTION"
"4714","975","11","/PRODUCTION"
"4715","964","11","AgFirstOracle"
"4716","972","11","AgFirstOracle"
"4717","978","11","AgFirstOracle"
"4718","963","11","/DATNCOMN/Payroll/prglta.txt"
"4719","971","11","/DATNCOMN/Payroll/prgler.txt"
"4720","977","11","/DATNCOMN/Payroll/prglhc.txt"
"4721","962","11","prglta.txt"
"4722","970","11","prgler.txt"
"4723","976","11","prglhc.txt"
"4724","973","11","/DATNCOMN/Payroll/Archive/"
"4725","979","11","/DATNCOMN/Payroll/Archive/"
"4726","980","19","HL1"
"4727","981","19","H1L"
"4730","980","10","HL1                                                                                                                             "
"4731","981","10","H1L                                                                                                                             "
"4732","982","20","FolderDataDelete"
"4733","983","20","FolderDataDelete"
"4734","734","20","CopyFolderData"
"4735","735","20","/Development/U4142LN"
"4737","751","20","/Development/U4142LN"
"4740","985","10","5                                                                                                                               "
"4741","985","19","5"
"4742","767","12","YES"
"4743","780","12","SOATOTALS"
"4744","765","12","SOATOTALS"
"4745","739","12","PGP"
"4746","740","12","*TEXT"
"4747","741","12","TEST"
"4748","779","12","FCBT Billing Statements"
"4749","744","12","*LETTER"
"4750","920","12","/Production"
"4751","746","12","FidelityServices"
"4752","745","12","SFTP PGP Put Fidelity Zip Files"
"4753","916","12","Default Key Ring"
"4754","915","12","0xF723D458C7CD6B1F"
"4755","747","12","/DATOCOMN/SOA"
"4756","764","12","Billing"
"4757","748","12","*.TXT"
"4758","783","11","TAXESSENT"
"4759","782","11","TAXESSENT"
"4760","784","11","PGP"
"4761","785","11","NONE"
"4762","786","11","IRS Tax File"
"4763","788","11","SFTP PGP Put InfoImage Zip Files"
"4764","921","11","/Production"
"4765","790","11","/DATNCOMN/TAX"
"4766","793","11","USE PGM PARM"
"4767","792","11","NONE"
"4768","918","11","Default Key Ring"
"4769","917","11","0x7817DACA84D7D3D1"
"4770","789","11","InfoImage"
"4785","25","13","741110170                                                                                                                       "
"4786","26","13","FARM CREDIT BANK OF TX                                                                                                          "
"4787","80","13","Default Key Ring                                                                                                                "
"4788","81","13","jumpingjackflashgasgasgas                                                                                                       "
"4801","993","11","INT                                                                                                                             "
"4802","994","11","MAT                                                                                                                             "
"4803","995","11","P&I                                                                                                                             "
"4804","996","11","PRN"
"4805","997","11","P+I                                                                                                                             "
"4806","998","11","REG                                                                                                                             "
"4807","993","20","INT                                                                                                                             "
"4808","994","20","MAT                                                                                                                             "
"4809","995","20","P&I                                                                                                                             "
"4810","996","20","PRN                                                                                                                             "
"4811","997","20","P+I                                                                                                                             "
"4812","998","20","REG                                                                                                                             "
"4828","993","19","INT                                                                                                                             "
"4829","994","19","MAT                                                                                                                             "
"4830","995","19","P&I                                                                                                                             "
"4831","996","19","PRN                                                                                                                             "
"4832","997","19","P+I                                                                                                                             "
"4833","998","19","REG                                                                                                                             "
"4840","993","12","INT                                                                                                                             "
"4841","994","12","MAT                                                                                                                             "
"4842","995","12","P&I                                                                                                                             "
"4843","996","12","PRN                                                                                                                             "
"4844","997","12","P+I                                                                                                                             "
"4845","998","12","REG                                                                                                                             "
"4858","18","20","FASTCASH"
"4859","82","20","FASTCASH"
"4860","16","20","FASTCASH"
"4861","38","20","FASTCASH"
"4862","17","20","FASTCASH"
"4863","44","20","FASTCASH"
"4864","20","20","FASTCASH"
"4865","96","10","Appendix - District"
"4866","97","10","Appendix Header"
"4867","98","10","DISTRICT"
"4868","92","10","CMR2"
"4869","88","10","Appendix"
"4870","89","10","Appendix Header"
"4871","85","10","BANK-MONTH"
"4872","87","10","Appendix"
"4873","86","10","Appendix Header"
"4874","84","10","BANK"
"4881","993","10","INT                                                                                                                             "
"4882","994","10","MAT                                                                                                                             "
"4883","995","10","P&I                                                                                                                             "
"4884","996","10","PRN                                                                                                                             "
"4885","997","10","P+I                                                                                                                             "
"4886","998","10","REG                                                                                                                             "
"4893","993","13","INT                                                                                                                             "
"4894","994","13","MAT                                                                                                                             "
"4895","995","13","P&I                                                                                                                             "
"4896","996","13","PRN                                                                                                                             "
"4897","997","13","P+I                                                                                                                             "
"4898","998","13","REG                                                                                                                             "
"4899","999","20","QTEMP UTPRODD UTPRODP DAT_SEC BETATEST OSPRODP LACUST QGPL SSPLIB SYDLIB SYPLIB OLPLIB BIPRODP                                  "
"4901","999","11","QTEMP UTPRODD UTPRODP DAT_SEC BETATEST OSPRODP LACUST QGPL SSPLIB SYDLIB SYPLIB OLPLIB BIPRODP"
"4905","999","10","QTEMP UTPRODD UTPRODP DAT_SEC BETATEST OSPRODP LACUST QGPL SSPLIB SYDLIB SYPLIB OLPLIB BIPRODP                                  "
"4907","999","12","QTEMP UTPRODD UTPRODP DAT_SEC BETATEST OSPRODP LACUST QGPL SSPLIB SYDLIB SYPLIB OLPLIB BIPRODP                                  "
"4908","999","13","QTEMP UTPRODD UTPRODP DAT_SEC BETATEST OSPRODP LACUST QGPL SSPLIB SYDLIB SYPLIB OLPLIB BIPRODP                                  "
"4910","999","19","QTEMP UTPRODD UTPRODP DAT_SEC U4142CES BETATEST OSPRODP LACUST QGPL SSPLIB SYDLIB SYPLIB OLPLIB BIPRODP"
"4911","56","20","LS2USER"
"4915","90","20","YES"
"4916","1000","20","LoanIQsql"
"4925","1001","10","FBDATI"
"4926","1002","10","FBDATI"
"4927","1001","20","LQDATN"
"4928","1002","20","LQDATN"
"4929","1001","11","FBDATN"
"4930","1002","11","FBDATN"
"4931","1001","12","FBDATO"
"4932","1002","12","FBDATO"
"4935","1001","13","FBDATX"
"4936","1002","13","FBDATX"
"4940","1003","10","FVDATIBE.DEVELOP.FCBT"
"4941","1003","11","FVDATNBE.DEVELOP.FCBT"
"4942","1003","12","FVDATOBE.DEVELOP.FCBT"
"4943","1003","13","FVDATXBE.DEVELOP.FCBT"
"4945","13","20","/BETATEST"
"4946","43","20","/BETATEST/DATM/GAStaging"
"4947","65","20","*NO"
"4948","42","20","*NO"
"4949","58","20","noseydatagrabber1"
"4950","57","20","ISERIESAPPDEV"
"4951","1003","20","LQINT2BE.DEVELOP.FCBT"
"4967","74","12","10.10.8.177                                                                                                                     "
"4968","75","12","TestFTPpassword3                                                                                                                "
"4969","76","12","/BETATEST                                                                                                                       "
"4970","77","12","TestFTP                                                                                                                         "
"4971","25","12","741110170                                                                                                                       "
"4972","26","12","FARM CREDIT BANK OF TX                                                                                                          "
"4977","1005","12","NACHA Test"
"4978","63","12","AGSWEEP                                                                                                                         "
"4979","27","12","AGSWEEP                                                                                                                         "
"4980","39","12","AGSWEEP                                                                                                                         "
"4981","40","12","AGSWEEP                                                                                                                         "
"4982","28","12","AGSWEEP                                                                                                                         "
"4983","29","12","AGSWEEP                                                                                                                         "
"4984","30","12","AGSWEEP                                                                                                                         "
"4985","31","12","AGSWEEP                                                                                                                         "
"4986","32","12","AGSWEEP                                                                                                                         "
"4996","842","11","GET"
"4997","843","11","oh00511a.txt"
"4998","855","11","180"
"4999","844","11","oh00511a.pgp"
"5000","851","11","SFTP Process with PGP"
"5001","846","11","/DATNCOMN/AP_ClearedChecks/oh00511a.txt"
"5002","854","11","2"
"5003","847","11","Money4Nothing"
"5004","852","11","/Production"
"5005","896","11","/outbound/ARP01/"
"5006","848","11","oh00511.pgp"
"5007","849","11","ChaseAPTest"
"5008","867","11","PUT"
"5009","868","11","APPositivePay.pgp"
"5010","869","11","0x4F967C7CD7BF5B7A"
"5011","870","11","SFTP Process with PGP"
"5012","871","11","/DATNCOMN/AP_ClearedChecks/APPositivePay.txt"
"5013","872","11","Money4Nothing"
"5014","873","11","/Production"
"5015","874","11","/ARP01/APPositivePay.pgp"
"5016","875","11","ChaseAPTest"
"5017","876","11","0xD51101C1B6C2DA53"
"5018","82","11","FASTCASH"
"5019","38","11","FASTCASH"
"5020","44","11","FASTCASH"
"5293","943","13","TPG_DevArchive                                                                                                                  "
"5294","945","13","/QtrRptgExtract.csv"
"5295","940","13","TPG                                                                                                                             "
"5296","955","13","DEV                                                                                                                             "
"5297","944","13","DATXCOMN.CRTPGMVRAW"
"5298","947","13","bendovr1                                                                                                                        "
"5299","941","13","/Development/U4142MV/"
"5300","942","13","TPG_Dev                                                                                                                         "
"5301","946","13","UCSQLFIN                                                                                                                        "
"5429","1011","12","AgSweepBAI Dev"
"5431","82","12","FASTCASH                                                                                                                        "
"5432","38","12","FASTCASH                                                                                                                        "
"5433","35","12","PAID                                                                                                                            "
"5434","64","12","PAID                                                                                                                            "
"5435","83","12","CMR                                                                                                                             "
"5436","44","12","FASTCASH                                                                                                                        "
"5437","126","12","AGRILINE                                                                                                                        "
"5438","52","12","SSACH                                                                                                                           "
"5439","37","12","SSACH                                                                                                                           "
"5440","45","12","SSACH                                                                                                                           "
"5441","46","12","SSACH                                                                                                                           "
"5442","47","12","10.10.8.177                                                                                                                     "
"5443","49","12","TestFTPpassword3                                                                                                                "
"5444","50","12","/BETATEST                                                                                                                       "
"5445","48","12","TestFTP                                                                                                                         "
"5446","36","12","AGSWEEP"
"5447","51","12","AGSWEEP"
"5448","1020","20","'ESB300'"
"5449","1019","20","' '"
"5450","1018","20","' '"
"5451","1012","20","10.10.8.20"
"5452","1013","20","8475"
"5453","1015","20","'ELM'"
"5454","1014","20","20"
"5455","1017","20","'WLNT'"
"5456","1016","20","' '"
"5457","1021","20","CopyFolderDataEOY"
"5458","1022","20","/Development/U4142LN"
"5476","1029","11","dev@farmcreditbank.com"
"5477","1031","11","iseries data change"
"5478","1030","11","larry.neal@farmcreditbank.com"
"5479","1032","11","develop.farmcreditbank.com"
"5480","1033","11","SendSimpleEmail"
"5481","1034","11","Development/U4142LN"
"5487","1040","22","DoNotReply@FarmCreditBank.com"
"5488","1042","22","SendSimpleEmail"
"5489","1043","22","/Production"
"5490","1045","22","mail.develop.fcbt"
"5491","1044","22","IBMi Data Change Notification"
"5492","1041","22","DLEREDevelopers@farmcreditbank.com,DLiSeriesDevelopers-Staff@farmcreditbank.com"
"5493","1046","1","ABCDEFG"
"5499","993","23","INT"
"5500","994","23","MAT"
"5501","995","23","P&I"
"5502","996","23","PRN"
"5503","997","23","P+I"
"5504","998","23","REG"
"5506","819","23","OFACSend"
"5508","818","23","/Development/U4142LN"
"5510","999","23","QTEMP UTPRODD UTPRODP DAT_SEC OSPRODP LACUST QGPL SSPLIB SYDLIB SYPLIB OLPLIB BIPRODP                                           "
"5511","928","23","BANKR                                                                                                                           "
"5512","929","23","200                                                                                                                             "
"5513","930","23","700                                                                                                                             "
"5514","927","23","RESTR                                                                                                                           "
"5515","906","23","35                                                                                                                              "
"5516","912","23","http://www.consumerfinance.gov/find-a-housing-counselor/                                                                        "
"5517","910","23","(800)569-4287                                                                                                                   "
"5518","911","23","http://www.hud.gov/offices/hsg/sfh/hcc/hcs.cfm                                                                                  "
"5519","907","23","210                                                                                                                             "
"5520","908","23","220                                                                                                                             "
"5521","909","23","21                                                                                                                              "
"5522","943","23","TPG_DevArchive                                                                                                                  "
"5523","945","23","/QtrRptgExtract.csv"
"5524","940","23","TPG                                                                                                                             "
"5525","944","23","DATCOMN.CRTPGMVRAW"
"5526","947","23","bendovr1                                                                                                                        "
"5527","941","23","/Betatest/"
"5528","942","23","TPG_Dev                                                                                                                         "
"5529","946","23","UCSQLFIN                                                                                                                        "
"5530","90","23","YES                                                                                                                             "
"5531","83","23","CMR                                                                                                                             "
"5532","88","23","Appendix                                                                                                                        "
"5533","89","23","Appendix Header                                                                                                                 "
"5534","85","23","BANK-MONTH                                                                                                                      "
"5535","87","23","Appendix                                                                                                                        "
"5536","86","23","Appendix Header                                                                                                                 "
"5537","84","23","BANK                                                                                                                            "
"5538","96","23","Appendix - District                                                                                                             "
"5539","97","23","Appendix Header                                                                                                                 "
"5540","98","23","DISTRICT                                                                                                                        "
"5541","92","23","CMR                                                                                                                             "
"5542","490","23","/Association_Labels                                                                                                             "
"5543","551","23","Avery 5351                                                                                                                      "
"5544","552","23","FCLABL                                                                                                                          "
"5545","553","23","TTQRYLIB                                                                                                                        "
"5546","113","23","Permanent Capital                                                                                                               "
"5547","115","23","SIC Columns                                                                                                                     "
"5548","111","23","CMR                                                                                                                             "
"5549","114","23","Members Equity                                                                                                                  "
"5550","116","23","SIC Columns District                                                                                                            "
"5551","112","23","CMR                                                                                                                             "
"5552","117","23","Risk Funds                                                                                                                      "
"5553","118","23","CMR                                                                                                                             "
"5554","119","23","Risk Funds District                                                                                                             "
"5555","120","23","CMR                                                                                                                             "
"5557","819","21","OFAC                                                                                                                            "
"5559","818","21","/Betatest"
"5561","999","21","QTEMP UTPRODD UTPRODP DAT_SEC OSPRODP LACUST QGPL SSPLIB SYDLIB SYPLIB OLPLIB BIPRODP"
"5562","928","21","BANKR                                                                                                                           "
"5563","929","21","200                                                                                                                             "
"5564","930","21","700                                                                                                                             "
"5565","927","21","RESTR                                                                                                                           "
"5566","906","21","35                                                                                                                              "
"5567","912","21","http://www.consumerfinance.gov/find-a-housing-counselor/                                                                        "
"5568","910","21","(800)569-4287                                                                                                                   "
"5569","911","21","http://www.hud.gov/offices/hsg/sfh/hcc/hcs.cfm                                                                                  "
"5570","907","21","210                                                                                                                             "
"5571","908","21","220                                                                                                                             "
"5572","909","21","21                                                                                                                              "
"5573","993","21","INT                                                                                                                             "
"5574","994","21","MAT                                                                                                                             "
"5575","995","21","P&I                                                                                                                             "
"5576","996","21","PRN                                                                                                                             "
"5577","997","21","P+I                                                                                                                             "
"5578","998","21","REG                                                                                                                             "
"5579","943","21","TPG_DevArchive                                                                                                                  "
"5580","945","21","/QtrRptgExtract.csv                                                                                                             "
"5581","940","21","TPG                                                                                                                             "
"5582","944","21","DATUCOMN.CRTPGMVRAW"
"5583","947","21","bendovr1                                                                                                                        "
"5584","941","21","/Betatest"
"5585","942","21","TPG_Dev                                                                                                                         "
"5586","946","21","UCSQLFIN                                                                                                                        "
"5587","90","21","YES                                                                                                                             "
"5588","83","21","CMR2                                                                                                                            "
"5589","88","21","Appendix                                                                                                                        "
"5590","89","21","Appendix Header                                                                                                                 "
"5591","85","21","BANK-MONTH                                                                                                                      "
"5592","87","21","Appendix                                                                                                                        "
"5593","86","21","Appendix Header                                                                                                                 "
"5594","84","21","BANK                                                                                                                            "
"5595","96","21","Appendix - District                                                                                                             "
"5596","97","21","Appendix Header                                                                                                                 "
"5597","98","21","DISTRICT                                                                                                                        "
"5598","92","21","CMR2                                                                                                                            "
"5599","490","21","/Association_Labels                                                                                                             "
"5600","551","21","Avery 5351                                                                                                                      "
"5601","552","21","FCLABL                                                                                                                          "
"5602","553","21","TTQRYLIB                                                                                                                        "
"5604","115","21","SIC Columns                                                                                                                     "
"5605","111","21","CMR                                                                                                                             "
"5606","114","21","Members Equity                                                                                                                  "
"5607","116","21","SIC Columns District                                                                                                            "
"5608","112","21","CMR                                                                                                                             "
"5609","117","21","Risk Funds                                                                                                                      "
"5610","118","21","CMR                                                                                                                             "
"5611","119","21","Risk Funds District                                                                                                             "
"5612","120","21","CMR                                                                                                                             "
"5613","1049","23","DEV"
"5614","1050","23","MaskCSV"
"5615","1048","23","/Development/U4142LN"
"5616","1047","23","CopyMASK"
"5632","1051","20","SQL"
"5635","500","11","/DATNCOMN/IDDIDN/bai4idd.txt"
"5636","499","11","/outbound/FARMC588_TMDF_6/FCB_PREVDAY"
"5637","497","11","SFTP Process"
"5638","1052","11","GET"
"5639","1053","11","WellsFargoSFTPtest"
"5640","496","11","/Production"
"5641","1054","11","GET"
"5642","1055","11","WellsFargoSFTPtest"
"5643","808","21","GET                                                                                                                             "
"5644","593","21","FCBLoanChecks.txt                                                                                                               "
"5645","587","21","SFTP Process with PGP                                                                                                           "
"5646","590","21","/Betatest"
"5647","591","21","/outbound/CSH01/FCBLoanChecks.pgp                                                                                               "
"5648","798","21","ChaseTest                                                                                                                       "
"5649","809","21","PUT                                                                                                                             "
"5650","603","21","oh00543b.pgp                                                                                                                    "
"5651","604","21","0x6072D830F98B7CC3                                                                                                              "
"5652","605","21","SFTP Process with PGP                                                                                                           "
"5653","589","21","/DATUCOMN/AgriLine/FCBLoanChecks.txt"
"5654","606","21","/DATUCOMN/AgriLine/oh00543b.txt"
"5655","607","21","/Betatest"
"5656","608","21","/CSH01/oh00543b.pgp                                                                                                             "
"5657","800","21","ChaseTest                                                                                                                       "
"5660","812","21","oh00542.pgp                                                                                                                     "
"5661","813","21","0x4F967C7CD7BF5B7A"
"5662","712","21","SFTP Process with PGP                                                                                                           "
"5663","713","21","/DATUCOMN/LN_FH/LnFHPositivePay.txt"
"5664","714","21","/Betatest"
"5665","715","21","/ARP01/oh00542.pgp                                                                                                              "
"5666","803","21","ChaseTest                                                                                                                       "
"5667","922","21","/DATUCOMN/Patronage/FCBPatronageChecks"
"5668","923","21","FCBPatronageChecks                                                                                                              "
"5669","621","21","0xF723D458C7CD6B1F                                                                                                              "
"5670","616","21","SFTP PGP Put Fidelity Checks                                                                                                    "
"5671","924","21","/DATUCOMN/Patronage/FCBPatronageChecks"
"5672","617","21","/Betatest"
"5673","926","21","FCBPatronageChecks                                                                                                              "
"5674","913","21","SFTPTestSite                                                                                                                    "
"5675","925","21","FCBPatronageChecks                                                                                                              "
"5676","645","21","/DATUCOMN/PATRONAGE/FCREGISTER.TXT.PGP"
"5677","647","21","register.txt                                                                                                                    "
"5678","646","21","FCREGISTER.TXT.PGP                                                                                                              "
"5679","643","21","FTP PGP Get                                                                                                                     "
"5680","814","21","PUT                                                                                                                             "
"5681","640","21","/DATUCOMN/PATCLRCHK/PatPositivePay.txt"
"5682","638","21","oh00752.pgp                                                                                                                     "
"5683","639","21","0x6072D830F98B7CC3                                                                                                              "
"5684","641","21","SFTP Process with PGP                                                                                                           "
"5685","637","21","/DATUCOMN/PATCLRCHK/PatPositivePay.txt"
"5686","642","21","/Betatest"
"5687","636","21","/ARP03/oh00752.pgp                                                                                                              "
"5688","806","21","ChaseTest                                                                                                                       "
"5697","497","21","FTP PGP Get                                                                                                                     "
"5698","500","21","/DATUCOMN/IDDIDN/bai4idd.txt"
"5699","496","21","/Betatest"
"5700","499","21","/BETATEST/FCB_PREVDAY                                                                                                           "
"5701","501","21","FTP PGP Get                                                                                                                     "
"5702","503","21","/DATUCOMN/IDDIDN/IDDRETURN.TXT"
"5703","504","21","/Betatest"
"5704","505","21","/BETATEST/chkrtns2.pgp                                                                                                          "
"5709","985","21","5                                                                                                                               "
"5710","980","21","HL1                                                                                                                             "
"5711","981","21","H1L                                                                                                                             "
"5712","25","21","741110170                                                                                                                       "
"5713","26","21","FARM CREDIT BANK OF TX                                                                                                          "
"5714","794","21","CopyToIFS                                                                                                                       "
"5715","795","21","/Betatest"
"5716","796","21","CopyToIFS                                                                                                                       "
"5717","797","21","/Betatest"
"5718","80","21","Default Key Ring                                                                                                                "
"5719","81","21","jumpingjackflashgasgasgas                                                                                                       "
"5720","65","21","*NO                                                                                                                             "
"5721","42","21","*NO                                                                                                                             "
"5722","43","21","/Production/DATU/GAStaging"
"5723","41","21","Master Document Transport"
"5724","13","21","/Production"
"5725","932","21","NAIFP                                                                                                                           "
"5726","931","21","NACC                                                                                                                            "
"5727","58","21","Loaniqbuildenvironmentdigi5"
"5728","57","21","ISERIESAPPBUILD                                                                                                                 "
"5729","1001","21","FBLOANIQ"
"5730","1002","21","FBLOANIQ"
"5731","56","21","LS2USER                                                                                                                         "
"5732","1003","21","FVTRAINBE.nterprise.net"
"5733","60","21","Pumpupthej@mgetondaflo0r#2"
"5734","59","21","ISERIESAPPBUILDUPD                                                                                                              "
"5735","34","21","PAID                                                                                                                            "
"5736","35","21","PAID                                                                                                                            "
"5737","64","21","PAID                                                                                                                            "
"5738","18","21","FASTCASH                                                                                                                        "
"5739","82","21","FASTCASH                                                                                                                        "
"5740","16","21","FASTCASH                                                                                                                        "
"5741","38","21","FASTCASH                                                                                                                        "
"5742","17","21","FASTCASH                                                                                                                        "
"5743","44","21","FASTCASH                                                                                                                        "
"5744","20","21","FASTCASH                                                                                                                        "
"5745","21","21","FASTCASH                                                                                                                        "
"5746","126","21","AGRILINE                                                                                                                        "
"5747","36","21","AGSWEEP                                                                                                                         "
"5748","63","21","AGSWEEP                                                                                                                         "
"5749","27","21","AGSWEEP                                                                                                                         "
"5750","39","21","AGSWEEP                                                                                                                         "
"5751","40","21","AGSWEEP                                                                                                                         "
"5752","28","21","AGSWEEP                                                                                                                         "
"5753","29","21","AGSWEEP                                                                                                                         "
"5754","30","21","AGSWEEP                                                                                                                         "
"5755","31","21","AGSWEEP                                                                                                                         "
"5756","32","21","AGSWEEP                                                                                                                         "
"5757","51","21","AGSWEEP                                                                                                                         "
"5758","52","21","SSACH                                                                                                                           "
"5759","37","21","SSACH                                                                                                                           "
"5760","45","21","SSACH                                                                                                                           "
"5761","46","21","SSACH                                                                                                                           "
"5762","23","21","AGBANKINGONLINE                                                                                                                 "
"5763","24","21","AGBANKINGONLINE                                                                                                                 "
"5764","483","21","PGP                                                                                                                             "
"5765","484","21","*TEXT                                                                                                                           "
"5766","550","21","TEST                                                                                                                            "
"5767","738","21","OLAS                                                                                                                            "
"5768","485","21","*LETTER                                                                                                                         "
"5769","491","21","SFTP PGP Put Fidelity Files                                                                                                     "
"5770","919","21","/Betatest"
"5771","914","21","FidelityServicesTest                                                                                                            "
"5772","487","21","/DATUCOMN/OLAS"
"5773","488","21","NONE                                                                                                                            "
"5774","489","21","NONE                                                                                                                            "
"5775","767","21","YES                                                                                                                             "
"5776","780","21","NONE                                                                                                                            "
"5777","765","21","NONE                                                                                                                            "
"5778","739","21","PGP                                                                                                                             "
"5779","740","21","*TEXT                                                                                                                           "
"5780","741","21","NONE                                                                                                                            "
"5781","779","21","FCBT Billing Statements                                                                                                         "
"5782","744","21","*LETTER                                                                                                                         "
"5783","745","21","SFTP PGP Put InfoImage Zip Files                                                                                                "
"5784","920","21","/Betatest"
"5785","915","21","0x79D90A0BCF07449E                                                                                                              "
"5786","916","21","Default Key Ring                                                                                                                "
"5787","746","21","InfoImageDev                                                                                                                    "
"5788","747","21","/DATUCOMN/SOA"
"5789","764","21","FCBT_stmt                                                                                                                       "
"5790","748","21","*.TXT                                                                                                                           "
"5791","783","21","TAXESSENT                                                                                                                       "
"5792","782","21","TAXESSENT                                                                                                                       "
"5793","784","21","PGP                                                                                                                             "
"5794","785","21","TEST                                                                                                                            "
"5795","786","21","IRS Tax File                                                                                                                    "
"5796","788","21","SFTP PGP Put Fidelity Zip Files                                                                                                 "
"5797","921","21","/Production"
"5798","917","21","0xF723D458C7CD6B1F                                                                                                              "
"5799","918","21","Default Key Ring                                                                                                                "
"5800","789","21","SFTPTestSite                                                                                                                    "
"5801","790","21","/DATUCOMN/TAX"
"5802","793","21","USE PGM PARM                                                                                                                    "
"5803","792","21","NONE                                                                                                                            "
"5804","137","21","SSDLIBDATU"
"5805","134","21","30                                                                                                                              "
"5806","135","21","150                                                                                                                             "
"5807","136","21","C:\GlRemoteExe\SS_Interface_Gateway"
"5808","133","21","GLRemoteExe\InterfaceLogs"
"5809","132","21","bendovr1                                                                                                                        "
"5810","131","21","UCSQLFIN                                                                                                                        "
"5811","476","21","YES                                                                                                                             "
"5812","138","21","DATUCOMN"
"5813","139","21","CADLIB                                                                                                                          "
"5814","140","21","OLDLIB                                                                                                                          "
"5815","141","21","SSDLIBDATU"
"5816","166","21","Budgetloans                                                                                                                     "
"5817","167","21","0                                                                                                                               "
"5818","170","21","bendovr1                                                                                                                        "
"5819","171","21","0                                                                                                                               "
"5820","172","21","0                                                                                                                               "
"5821","173","21","sql-web                                                                                                                         "
"5822","174","21","0                                                                                                                               "
"5823","175","21","ucsqlfin                                                                                                                        "
"5824","176","21","iBank                                                                                                                           "
"5825","177","21","0                                                                                                                               "
"5826","180","21","bendovr1                                                                                                                        "
"5827","181","21","0                                                                                                                               "
"5828","182","21","0                                                                                                                               "
"5829","183","21","sql-web                                                                                                                         "
"5830","184","21","0                                                                                                                               "
"5831","185","21","ucsqlfin                                                                                                                        "
"5832","186","21","ads                                                                                                                             "
"5833","187","21","0                                                                                                                               "
"5834","190","21","onwardnow#1"
"5835","191","21","0                                                                                                                               "
"5836","192","21","0                                                                                                                               "
"5837","193","21","cluster02                                                                                                                       "
"5838","194","21","0                                                                                                                               "
"5839","195","21","prod_interface                                                                                                                  "
"5840","196","21","SSPAYABLES"
"5841","198","21","IN4TRAINPOLL"
"5842","203","21","IN4TRAINBE"
"5843","206","21","FCBFRx                                                                                                                          "
"5844","207","21","0                                                                                                                               "
"5846","210","21","paperboy                                                                                                                        "
"5847","211","21","0                                                                                                                               "
"5848","212","21","0                                                                                                                               "
"5849","213","21","FRXPROD                                                                                                                         "
"5850","214","21","0                                                                                                                               "
"5851","215","21","prod_FRXLoad                                                                                                                    "
"5852","216","21","Bud_Bank                                                                                                                        "
"5853","217","21","0                                                                                                                               "
"5854","220","21","sar#dine                                                                                                                        "
"5855","221","21","0                                                                                                                               "
"5856","222","21","0                                                                                                                               "
"5857","223","21","CLARUSFIN                                                                                                                       "
"5858","224","21","0                                                                                                                               "
"5859","225","21","sa                                                                                                                              "
"5860","226","21","Q2DB_01                                                                                                                         "
"5861","227","21","0                                                                                                                               "
"5862","230","21","onwardnow#1"
"5863","231","21","0                                                                                                                               "
"5864","232","21","0                                                                                                                               "
"5865","233","21","cluster02                                                                                                                       "
"5866","234","21","0                                                                                                                               "
"5867","235","21","prod_interface                                                                                                                  "
"5868","236","21","Q2DB_03                                                                                                                         "
"5869","237","21","0                                                                                                                               "
"5870","240","21","onwardnow#1"
"5871","241","21","0                                                                                                                               "
"5872","242","21","0                                                                                                                               "
"5873","243","21","cluster02                                                                                                                       "
"5874","244","21","0                                                                                                                               "
"5875","245","21","prod_interface                                                                                                                  "
"5876","246","21","Q2DB_04                                                                                                                         "
"5877","247","21","0                                                                                                                               "
"5878","250","21","onwardnow#1"
"5879","251","21","0                                                                                                                               "
"5880","252","21","0                                                                                                                               "
"5881","253","21","cluster02                                                                                                                       "
"5882","254","21","0                                                                                                                               "
"5883","255","21","prod_interface                                                                                                                  "
"5884","256","21","Q2DB_05                                                                                                                         "
"5885","257","21","0                                                                                                                               "
"5886","260","21","onwardnow#1"
"5887","261","21","0                                                                                                                               "
"5888","262","21","0                                                                                                                               "
"5889","263","21","cluster02                                                                                                                       "
"5890","264","21","0                                                                                                                               "
"5891","265","21","prod_interface                                                                                                                  "
"5892","266","21","Q2DB_06                                                                                                                         "
"5893","267","21","0                                                                                                                               "
"5894","270","21","onwardnow#1"
"5895","271","21","0                                                                                                                               "
"5896","272","21","0                                                                                                                               "
"5897","273","21","cluster02                                                                                                                       "
"5898","274","21","0                                                                                                                               "
"5899","275","21","prod_interface                                                                                                                  "
"5900","276","21","Q2DB_07                                                                                                                         "
"5901","277","21","0                                                                                                                               "
"5902","280","21","onwardnow#1"
"5903","281","21","0                                                                                                                               "
"5904","282","21","0                                                                                                                               "
"5905","283","21","cluster02                                                                                                                       "
"5906","284","21","0                                                                                                                               "
"5907","285","21","prod_interface                                                                                                                  "
"5908","286","21","Q2DB_08                                                                                                                         "
"5909","287","21","0                                                                                                                               "
"5910","290","21","onwardnow#1"
"5911","291","21","0                                                                                                                               "
"5912","292","21","0                                                                                                                               "
"5913","293","21","cluster02                                                                                                                       "
"5914","294","21","0                                                                                                                               "
"5915","295","21","prod_interface                                                                                                                  "
"5916","296","21","Q2DB_09                                                                                                                         "
"5917","297","21","0                                                                                                                               "
"5918","300","21","onwardnow#1"
"5919","301","21","0                                                                                                                               "
"5920","302","21","0                                                                                                                               "
"5921","303","21","cluster02                                                                                                                       "
"5922","304","21","0                                                                                                                               "
"5923","305","21","prod_interface                                                                                                                  "
"5924","306","21","Q2DB_11                                                                                                                         "
"5925","307","21","0                                                                                                                               "
"5926","310","21","onwardnow#1"
"5927","311","21","0                                                                                                                               "
"5928","312","21","0                                                                                                                               "
"5929","313","21","cluster02                                                                                                                       "
"5930","314","21","0                                                                                                                               "
"5931","315","21","prod_interface                                                                                                                  "
"5932","316","21","Q2DB_13                                                                                                                         "
"5933","317","21","0                                                                                                                               "
"5934","320","21","onwardnow#1"
"5935","321","21","0                                                                                                                               "
"5936","322","21","0                                                                                                                               "
"5937","323","21","cluster02                                                                                                                       "
"5938","324","21","0                                                                                                                               "
"5939","325","21","prod_interface                                                                                                                  "
"5940","326","21","Q2DB_14                                                                                                                         "
"5941","327","21","0                                                                                                                               "
"5942","330","21","onwardnow#1"
"5943","331","21","0                                                                                                                               "
"5944","332","21","0                                                                                                                               "
"5945","333","21","cluster02                                                                                                                       "
"5946","334","21","0                                                                                                                               "
"5947","335","21","prod_interface                                                                                                                  "
"5948","336","21","Q2DB_15                                                                                                                         "
"5949","337","21","0                                                                                                                               "
"5950","340","21","onwardnow#1"
"5951","341","21","0                                                                                                                               "
"5952","342","21","0                                                                                                                               "
"5953","343","21","cluster02                                                                                                                       "
"5954","344","21","0                                                                                                                               "
"5955","345","21","prod_interface                                                                                                                  "
"5956","346","21","Q2DB_16                                                                                                                         "
"5957","347","21","0                                                                                                                               "
"5958","350","21","onwardnow#1"
"5959","351","21","0                                                                                                                               "
"5960","352","21","0                                                                                                                               "
"5961","353","21","cluster02                                                                                                                       "
"5962","354","21","0                                                                                                                               "
"5963","355","21","prod_interface                                                                                                                  "
"5964","356","21","Q2DB_17                                                                                                                         "
"5965","357","21","0                                                                                                                               "
"5966","360","21","onwardnow#1"
"5967","361","21","0                                                                                                                               "
"5968","362","21","0                                                                                                                               "
"5969","363","21","cluster02                                                                                                                       "
"5970","364","21","0                                                                                                                               "
"5971","365","21","prod_interface                                                                                                                  "
"5972","366","21","Q2DB_18                                                                                                                         "
"5973","367","21","0                                                                                                                               "
"5974","370","21","onwardnow#1"
"5975","371","21","0                                                                                                                               "
"5976","372","21","0                                                                                                                               "
"5977","373","21","cluster02                                                                                                                       "
"5978","374","21","0                                                                                                                               "
"5979","375","21","prod_interface                                                                                                                  "
"5980","376","21","Q2DB_19                                                                                                                         "
"5981","377","21","0                                                                                                                               "
"5982","380","21","onwardnow#1"
"5983","381","21","0                                                                                                                               "
"5984","382","21","0                                                                                                                               "
"5985","383","21","cluster02                                                                                                                       "
"5986","384","21","0                                                                                                                               "
"5987","385","21","prod_interface                                                                                                                  "
"5988","386","21","Q2DB_20                                                                                                                         "
"5989","387","21","0                                                                                                                               "
"5990","390","21","onwardnow#1"
"5991","391","21","0                                                                                                                               "
"5992","392","21","0                                                                                                                               "
"5993","393","21","cluster02                                                                                                                       "
"5994","394","21","0                                                                                                                               "
"5995","395","21","prod_interface                                                                                                                  "
"5996","396","21","Q2DB_22                                                                                                                         "
"5997","397","21","0                                                                                                                               "
"5998","400","21","onwardnow#1"
"5999","401","21","0                                                                                                                               "
"6000","402","21","0                                                                                                                               "
"6001","403","21","cluster02                                                                                                                       "
"6002","404","21","0                                                                                                                               "
"6003","405","21","prod_interface                                                                                                                  "
"6004","406","21","Q2DB_23                                                                                                                         "
"6005","407","21","0                                                                                                                               "
"6006","410","21","onwardnow#1"
"6007","411","21","0                                                                                                                               "
"6008","412","21","0                                                                                                                               "
"6009","413","21","cluster02                                                                                                                       "
"6010","414","21","0                                                                                                                               "
"6011","415","21","prod_interface                                                                                                                  "
"6012","416","21","Q2DB_99                                                                                                                         "
"6013","417","21","0                                                                                                                               "
"6014","420","21","onwardnow#1"
"6015","421","21","0                                                                                                                               "
"6016","422","21","0                                                                                                                               "
"6017","423","21","cluster02                                                                                                                       "
"6018","424","21","0                                                                                                                               "
"6019","425","21","prod_interface                                                                                                                  "
"6020","426","21","FCBGEN                                                                                                                          "
"6021","427","21","150                                                                                                                             "
"6022","428","21","IN4TRAINPOLL"
"6024","430","21","onwardnow#1"
"6025","431","21","3                                                                                                                               "
"6026","432","21","3                                                                                                                               "
"6027","433","21","IN4TRAINBE"
"6028","434","21","2                                                                                                                               "
"6029","435","21","prod_interface                                                                                                                  "
"6030","436","21","FCBGEN                                                                                                                          "
"6031","437","21","150                                                                                                                             "
"6032","438","21","IN4TRAINPOLL"
"6034","440","21","OliveGarden@183#1"
"6035","441","21","3                                                                                                                               "
"6036","442","21","3                                                                                                                               "
"6037","443","21","IN4TRAINBE"
"6038","444","21","2                                                                                                                               "
"6039","445","21","DBS                                                                                                                             "
"6040","446","21","FCBMerger                                                                                                                       "
"6041","447","21","150                                                                                                                             "
"6042","448","21","IN4TRAINPOLL"
"6043","450","21","onwardnow#1"
"6044","451","21","3                                                                                                                               "
"6045","452","21","3                                                                                                                               "
"6046","453","21","IN4TRAINBE"
"6047","454","21","2                                                                                                                               "
"6048","455","21","prod_interface                                                                                                                  "
"6049","456","21","FCBPayCap                                                                                                                       "
"6050","457","21","150                                                                                                                             "
"6051","458","21","IN4TRAINPOLL"
"6053","460","21","1782BritishEvacuateGA"
"6054","461","21","3                                                                                                                               "
"6055","462","21","3                                                                                                                               "
"6056","463","21","IN4TRAINBE"
"6057","464","21","2                                                                                                                               "
"6058","465","21","sa                                                                                                                              "
"6059","466","21","FCBAch                                                                                                                          "
"6060","467","21","0                                                                                                                               "
"6061","470","21","onwardnow#1"
"6062","471","21","0                                                                                                                               "
"6063","472","21","0                                                                                                                               "
"6064","473","21","IN4TRAINBE"
"6065","474","21","0                                                                                                                               "
"6066","475","21","prod_interface                                                                                                                  "
"6067","142","21","10.10.1.171                                                                                                                     "
"6068","153","21","Carrolltontexas3"
"6069","145","21","cluster02                                                                                                                       "
"6070","152","21","OFACINTRFA                                                                                                                      "
"6071","143","21","10.10.1.107                                                                                                                     "
"6072","151","21","sstream9"
"6073","146","21","frxprod                                                                                                                         "
"6074","150","21","glinterfac                                                                                                                      "
"6075","144","21","10.10.55.254"
"6076","149","21","1988ExplosionandSeaOil#2024"
"6077","147","21","IN4TRAINBE"
"6078","148","21","GLINTERFAC"
"6079","154","21","develop                                                                                                                         "
"6080","155","21","vm-tpgdev.develop.fcbt                                                                                                          "
"6081","156","21","\\IN4TRAINBE\TPG_GL_Extract"
"6082","157","21","1                                                                                                                               "
"6083","158","21","1988ExplosionandSeaOil#2024"
"6084","159","21","GLINTERFAC"
"6085","160","21","\\develop.fcbt                                                                                                                  "
"6086","162","21","\\IN4TRAINBE\TPG_GL_Extract\Archive"
"6087","163","21","2                                                                                                                               "
"6088","164","21","1988ExplosionandSeaOil#2024"
"6089","165","21","GLINTERFAC"
"6090","783","23","TAXESSENT"
"6091","782","23","TAXESSENT"
"6092","784","23","PGP"
"6093","785","23","NONE"
"6094","786","23","IRS Tax File"
"6095","788","23","SFTP PGP Put InfoImage Zip Files"
"6096","921","23","/Betatest"
"6098","789","23","Test"
"6099","790","23","/U4142MV1"
"6100","793","23","USE PGM PARM"
"6101","792","23","NONE"
"6102","917","23","0x31FDE0027AD02335"
"6103","918","23","Default Key Ring"
"6107","1051","10","SQL"
"6108","1051","11","SQL"
"6109","1051","12","SQL"
"6110","1051","23","DB2"
"6111","43","13","/BETATEST/DATX/GAStaging"
"6112","1051","13","SQL"
"6113","1000","13","LoanIQsqlDATX"
"6115","1000","10","LoanIQsqlDATI"
"6116","1000","11","LoanIQsqlDATN"
"6117","1000","12","LoanIQsqlDATO"
"6120","1051","21","SQL"
"6121","1000","21","LoanIQsqlDATU"
"6124","1056","11","/test/olas"
"6126","1057","11","/test/billing"
"6127","137","23","SSDLIB"
"6128","134","23","30"
"6129","135","23","150"
"6130","136","23","SS_Interface_Gateway"
"6131","133","23","GLRemoteExe\InterfaceLogs"
"6132","476","23","YES"
"6133","131","23","UCSQLFIN"
"6134","132","23","bendovr1"
"6135","138","23","DATCOMN"
"6136","141","23","SSDLIB"
"6137","196","23","SSPAYABLES"
"6138","197","23","150"
"6139","198","23","SSTESTPOLL"
"6140","200","23","onwardnow"
"6141","201","23","3"
"6142","202","23","3"
"6143","203","23","sstestbe.develop.fcbt"
"6144","204","23","2"
"6145","205","23","prod_interface"
"6146","426","23","FCBGEN"
"6147","427","23","150"
"6148","428","23","SSTESTPOLL.develop.fcbt"
"6149","430","23","onwardnow"
"6150","431","23","3"
"6151","432","23","3"
"6152","433","23","SSTESTBE.develop.fcbt"
"6153","434","23","2"
"6154","435","23","prod_interface"
"6155","436","23","FCBGEN"
"6156","437","23","150"
"6157","438","23","SSTESTPOLL.develop.fcbt"
"6158","440","23","1925MonkeyEvolTrial"
"6159","441","23","3"
"6160","442","23","3"
"6161","443","23","SSTESTBE.develop.fcbt"
"6162","444","23","2"
"6163","445","23","DBS"
"6164","456","23","FCBPayCap"
"6165","457","23","150"
"6166","458","23","SSTESTPOLL"
"6167","461","23","3"
"6168","462","23","3"
"6169","463","23","SSTESTBE"
"6170","464","23","2"
"6171","465","23","sa"
"6172","460","23","1775AmericanRevolution"
"6173","144","23","10.10.8.246"
"6174","147","23","sstestbe.develop.fcbt"
"6175","148","23","glinterfac"
"6176","149","23","1988ExplosionNSeaOil"
"6190","922","11","/DATNCOMN/Patronage/FCBPatronageChecks"
"6191","923","11","FCBT_patronage"
"6192","924","11","/DATNCOMN/Patronage/FCBPatronageChecks"
"6193","1058","11","/test/annual"
"6194","926","11","FCBT_patronage"
"6195","913","11","InfoImage"
"6196","925","11","FCBT_patronage"
"6197","1059","23","/test/tax"
"6198","80","23","Default Key Ring"
"6199","1059","11","/test/tax"
"6200","1060","11","YES"
"6201","1061","11","SOATOTALS"
"6202","1062","11","SOATOTALS"
"6203","1063","11","PGP"
"6204","1064","11","*TEXT"
"6205","1065","11","NONE"
"6206","1066","11","FCBT Billing Statements Special Handling"
"6207","1067","11","*LETTER"
"6208","1068","11","Default Key Ring"
"6209","1069","11","SFTP PGP Put InfoImage Zip Files"
"6210","1070","11","/Production"
"6211","1071","11","0x31FDE0027AD02335"
"6212","1072","11","/test/billing"
"6213","1073","11","InfoImageDev"
"6214","1074","11","/DATNCOMN/SOAS"
"6215","1075","11","FCBT_stmt_special"
"6216","1076","11","*.TXT"
"6733","1057","21","/test/billing                                                                                                                   "
"6734","1060","21","YES                                                                                                                             "
"6735","1063","21","PGP                                                                                                                             "
"6736","1064","21","*TEXT                                                                                                                           "
"6737","1065","21","NONE                                                                                                                            "
"6738","1066","21","FCBT Billing Statements Special Handling                                                                                        "
"6739","1061","21","SOATOTALS                                                                                                                       "
"6740","1062","21","SOATOTALS                                                                                                                       "
"6741","1067","21","*LETTER                                                                                                                         "
"6742","1069","21","SFTP PGP Put InfoImage Zip Files                                                                                                "
"6743","1070","21","/Production                                                                                                                     "
"6744","1071","21","0x79D90A0BCF07449E                                                                                                              "
"6745","1068","21","Default Key Ring                                                                                                                "
"6746","1072","21","/test/billing                                                                                                                   "
"6747","1073","21","InfoImageDev                                                                                                                    "
"6748","1074","21","/DATUCOMN/SOAS"
"6749","1075","21","FCBT_stmt_special                                                                                                               "
"6750","1076","21","*.TXT                                                                                                                           "
"6830","1060","10","YES                                                                                                                             "
"6831","1061","10","SOATOTALS                                                                                                                       "
"6832","1062","10","SOATOTALS                                                                                                                       "
"6833","1063","10","PGP                                                                                                                             "
"6834","1064","10","*TEXT                                                                                                                           "
"6835","1065","10","NONE                                                                                                                            "
"6836","1066","10","FCBT Billing Statements Special Handling                                                                                        "
"6837","1067","10","*LETTER                                                                                                                         "
"6838","1069","10","SFTP PGP Put InfoImage Zip Files                                                                                                "
"6839","1070","10","/Production                                                                                                                     "
"6840","1071","10","0x79D90A0BCF07449E                                                                                                              "
"6841","1068","10","Default Key Ring                                                                                                                "
"6842","1072","10","/test/billing                                                                                                                   "
"6843","1073","10","InfoImageDev                                                                                                                    "
"6844","1074","10","/DATICOMN/SOAS"
"6845","1075","10","FCBT_stmt_special                                                                                                               "
"6846","1076","10","*.TXT                                                                                                                           "
"6881","1060","12","YES                                                                                                                             "
"6882","1061","12","SOATOTALS                                                                                                                       "
"6883","1062","12","SOATOTALS                                                                                                                       "
"6884","1063","12","PGP                                                                                                                             "
"6885","1064","12","*TEXT                                                                                                                           "
"6886","1065","12","NONE                                                                                                                            "
"6887","1066","12","FCBT Billing Statements Special Handling                                                                                        "
"6888","1067","12","*LETTER                                                                                                                         "
"6889","1069","12","SFTP PGP Put InfoImage Zip Files                                                                                                "
"6890","1070","12","/Production                                                                                                                     "
"6891","1071","12","0x79D90A0BCF07449E                                                                                                              "
"6892","1068","12","Default Key Ring                                                                                                                "
"6893","1072","12","/test/billing                                                                                                                   "
"6894","1073","12","InfoImageDev                                                                                                                    "
"6895","1074","12","/DATOCOMN/SOAS"
"6896","1075","12","FCBT_stmt_special                                                                                                               "
"6897","1076","12","*.TXT                                                                                                                           "
"6915","1060","27","YES                                                                                                                             "
"6916","1061","27","SOATOTALS                                                                                                                       "
"6917","1062","27","SOATOTALS                                                                                                                       "
"6918","1063","27","PGP                                                                                                                             "
"6919","1064","27","*TEXT                                                                                                                           "
"6920","1065","27","NONE                                                                                                                            "
"6921","1066","27","FCBT Billing Statements Special Handling                                                                                        "
"6922","1067","27","*LETTER                                                                                                                         "
"6923","1069","27","SFTP PGP Put InfoImage Zip Files                                                                                                "
"6924","1070","27","/Production                                                                                                                     "
"6925","1071","27","0x79D90A0BCF07449E                                                                                                              "
"6926","1068","27","Default Key Ring                                                                                                                "
"6927","1072","27","/test/billing                                                                                                                   "
"6928","1073","27","InfoImageDev                                                                                                                    "
"6929","1074","27","/DATVCOMN/SOAS"
"6930","1075","27","FCBT_stmt_special                                                                                                               "
"6931","1076","27","*.TXT                                                                                                                           "
"6932","1060","13","YES                                                                                                                             "
"6933","1061","13","SOATOTALS                                                                                                                       "
"6934","1062","13","SOATOTALS                                                                                                                       "
"6935","1063","13","PGP                                                                                                                             "
"6936","1064","13","*TEXT                                                                                                                           "
"6937","1065","13","NONE                                                                                                                            "
"6938","1066","13","FCBT Billing Statements Special Handling                                                                                        "
"6939","1067","13","*LETTER                                                                                                                         "
"6940","1069","13","SFTP PGP Put InfoImage Zip Files                                                                                                "
"6941","1070","13","/Production                                                                                                                     "
"6942","1071","13","0x79D90A0BCF07449E                                                                                                              "
"6943","1068","13","Default Key Ring                                                                                                                "
"6944","1072","13","/test/billing                                                                                                                   "
"6945","1073","13","InfoImageDev                                                                                                                    "
"6946","1074","13","/DATXCOMN/SOAS"
"6947","1075","13","FCBT_stmt_special                                                                                                               "
"6948","1076","13","*.TXT                                                                                                                           "
"6983","808","27","GET                                                                                                                             "
"6984","593","27","FCBLoanChecks.txt                                                                                                               "
"6985","587","27","SFTP Process with PGP                                                                                                           "
"6986","589","27","/DATVCOMN/AgriLine/FCBLoanChecks.txt"
"6987","590","27","/Production                                                                                                                     "
"6988","591","27","FCBLoanChecks.pgp"
"6989","798","27","ChaseTest                                                                                                                       "
"6990","809","27","PUT                                                                                                                             "
"6991","603","27","oh00543b.pgp                                                                                                                    "
"6992","604","27","0x6072D830F98B7CC3                                                                                                              "
"6993","605","27","SFTP Process with PGP                                                                                                           "
"6994","606","27","/DATVCOMN/AgriLine/oh00543b.txt"
"6995","607","27","/Betatest                                                                                                                       "
"6996","608","27","/CSH01/oh00543b.pgp                                                                                                             "
"6997","800","27","ChaseTest                                                                                                                       "
"6999","812","27","jppospay.pgp"
"7000","813","27","0x4F967C7CD7BF5B7A"
"7001","712","27","LNFHPosPayPayPilot"
"7002","713","27","jppospay.txt"
"7003","714","27","/Production"
"7004","715","27","oh00542OPayPilot.pgp"
"7005","803","27","ChaseTest"
"7011","922","27","/DATVCOMN/Patronage/FCBPatronageChecks"
"7012","923","27","FCBPatronageChecks                                                                                                              "
"7013","621","27","0xF723D458C7CD6B1F                                                                                                              "
"7014","616","27","SFTP PGP Put Fidelity Checks                                                                                                    "
"7015","924","27","/DATVCOMN/Patronage/FCBPatronageChecks"
"7016","617","27","/Betatest                                                                                                                       "
"7017","926","27","FCBPatronageChecks                                                                                                              "
"7018","913","27","SFTPTestSite                                                                                                                    "
"7019","925","27","FCBPatronageChecks                                                                                                              "
"7020","645","27","/DATVCOMN/PATRONAGE/FCREGISTER.TXT.PGP"
"7021","647","27","register.txt                                                                                                                    "
"7022","646","27","FCREGISTER.TXT.PGP                                                                                                              "
"7023","643","27","FTP PGP Get                                                                                                                     "
"7024","814","27","PUT                                                                                                                             "
"7025","640","27","/DATVCOMN/PATCLRCHK/PatPositivePay.txt"
"7026","638","27","oh00752.pgp                                                                                                                     "
"7027","639","27","0x6072D830F98B7CC3                                                                                                              "
"7028","641","27","SFTP Process with PGP                                                                                                           "
"7029","637","27","/DATVCOMN/PATCLRCHK/PatPositivePay.txt"
"7030","636","27","/ARP03/oh00752.pgp                                                                                                              "
"7031","806","27","ChaseTest                                                                                                                       "
"7032","47","27","10.10.8.177                                                                                                                     "
"7033","49","27","TestFTPpassword3                                                                                                                "
"7034","50","27","/BETATEST                                                                                                                       "
"7035","48","27","TestFTP                                                                                                                         "
"7036","66","27","10.10.8.177                                                                                                                     "
"7037","67","27","TestFTPpassword3                                                                                                                "
"7038","68","27","/BETATEST                                                                                                                       "
"7039","69","27","TestFTP                                                                                                                         "
"7040","497","27","FTP PGP Get                                                                                                                     "
"7041","500","27","/DATVCOMN/IDDIDN/bai4idd.txt"
"7042","496","27","/Production                                                                                                                     "
"7043","499","27","/BETATEST/FCB_PREVDAY                                                                                                           "
"7044","501","27","FTP PGP Get                                                                                                                     "
"7045","503","27","/DATVCOMN/IDDIDN/IDDRETURN.TXT"
"7046","504","27","/Production                                                                                                                     "
"7047","505","27","/BETATEST/chkrtns2.pgp                                                                                                          "
"7048","74","27","10.10.8.177                                                                                                                     "
"7049","75","27","TestFTPpassword3                                                                                                                "
"7050","76","27","/BETATEST                                                                                                                       "
"7051","77","27","TestFTP                                                                                                                         "
"7052","999","27","QTEMP UTPRODD UTPRODP DAT_SEC OSPRODP LACUST QGPL SSPLIB SYDLIB SYPLIB OLPLIB BIPRODP                                           "
"7053","928","27","BANKR                                                                                                                           "
"7054","929","27","200                                                                                                                             "
"7055","930","27","700                                                                                                                             "
"7056","927","27","RESTR                                                                                                                           "
"7057","985","27","5                                                                                                                               "
"7058","906","27","35                                                                                                                              "
"7059","912","27","http://www.consumerfinance.gov/find-a-housing-counselor/                                                                        "
"7060","980","27","HL1                                                                                                                             "
"7061","981","27","H1L                                                                                                                             "
"7062","910","27","(800)569-4287                                                                                                                   "
"7063","911","27","http://www.hud.gov/offices/hsg/sfh/hcc/hcs.cfm                                                                                  "
"7064","907","27","210                                                                                                                             "
"7065","908","27","220                                                                                                                             "
"7066","909","27","21                                                                                                                              "
"7067","993","27","INT                                                                                                                             "
"7068","994","27","MAT                                                                                                                             "
"7069","995","27","P&I                                                                                                                             "
"7070","996","27","PRN                                                                                                                             "
"7071","997","27","P+I                                                                                                                             "
"7072","998","27","REG                                                                                                                             "
"7073","25","27","741110170                                                                                                                       "
"7074","26","27","FARM CREDIT BANK OF TX                                                                                                          "
"7075","794","27","CopyToIFS                                                                                                                       "
"7076","795","27","/Production                                                                                                                     "
"7077","796","27","CopyToIFS                                                                                                                       "
"7078","797","27","/Production                                                                                                                     "
"7079","943","27","TPG_DevArchive                                                                                                                  "
"7080","945","27","/QtrRptgExtract.csv                                                                                                             "
"7081","940","27","TPG                                                                                                                             "
"7082","944","27","DATVCOMN.CRTPGMVRAW"
"7083","947","27","bendovr1                                                                                                                        "
"7084","941","27","/Betatest                                                                                                                       "
"7085","942","27","TPG_Dev                                                                                                                         "
"7086","946","27","UCSQLFIN                                                                                                                        "
"7087","80","27","Default Key Ring                                                                                                                "
"7088","81","27","jumpingjackflashgasgasgas                                                                                                       "
"7089","65","27","*NO                                                                                                                             "
"7090","42","27","*NO                                                                                                                             "
"7091","43","27","/Production/DATV/GAStaging"
"7092","41","27","Master Document Transport                                                                                                       "
"7093","13","27","/Production"
"7094","932","27","NAIFP                                                                                                                           "
"7095","931","27","NACC                                                                                                                            "
"7096","58","27","Loaniqbuildenvironmentdigi5"
"7097","57","27","ISERIESAPPBUILD                                                                                                                 "
"7098","1001","27","FBLOANIQ                                                                                                                        "
"7099","1002","27","FBLOANIQ                                                                                                                        "
"7100","1000","27","LoanIQsqlDATV"
"7101","56","27","LS2USER                                                                                                                         "
"7102","1003","27","FVDATVBE.nterprise.net"
"7103","90","27","YES                                                                                                                             "
"7104","60","27","Pumpupthej@mgetondaflo0r#2"
"7105","59","27","ISERIESAPPBUILDUPD                                                                                                              "
"7106","34","27","PAID                                                                                                                            "
"7107","35","27","PAID                                                                                                                            "
"7109","64","27","PAID                                                                                                                            "
"7110","83","27","CMR2                                                                                                                            "
"7111","88","27","Appendix                                                                                                                        "
"7112","89","27","Appendix Header                                                                                                                 "
"7113","85","27","BANK-MONTH                                                                                                                      "
"7114","87","27","Appendix                                                                                                                        "
"7115","86","27","Appendix Header                                                                                                                 "
"7116","84","27","BANK                                                                                                                            "
"7117","96","27","Appendix - District                                                                                                             "
"7118","97","27","Appendix Header                                                                                                                 "
"7119","98","27","DISTRICT                                                                                                                        "
"7120","92","27","CMR2                                                                                                                            "
"7121","18","27","FASTCASH                                                                                                                        "
"7122","82","27","FASTCASH                                                                                                                        "
"7123","16","27","FASTCASH                                                                                                                        "
"7124","38","27","FASTCASH                                                                                                                        "
"7125","17","27","FASTCASH                                                                                                                        "
"7126","44","27","FASTCASH                                                                                                                        "
"7127","20","27","FASTCASH                                                                                                                        "
"7128","21","27","FASTCASH                                                                                                                        "
"7129","490","27","/Association_Labels                                                                                                             "
"7130","551","27","Avery 5351                                                                                                                      "
"7131","552","27","FCLABL                                                                                                                          "
"7132","553","27","TTQRYLIB                                                                                                                        "
"7133","126","27","AGRILINE                                                                                                                        "
"7134","36","27","AGSWEEP                                                                                                                         "
"7135","63","27","AGSWEEP                                                                                                                         "
"7136","27","27","AGSWEEP                                                                                                                         "
"7137","39","27","AGSWEEP                                                                                                                         "
"7138","40","27","AGSWEEP                                                                                                                         "
"7139","28","27","AGSWEEP                                                                                                                         "
"7140","29","27","AGSWEEP                                                                                                                         "
"7141","30","27","AGSWEEP                                                                                                                         "
"7142","31","27","AGSWEEP                                                                                                                         "
"7143","32","27","AGSWEEP                                                                                                                         "
"7144","51","27","AGSWEEP                                                                                                                         "
"7145","52","27","SSACH                                                                                                                           "
"7146","37","27","SSACH                                                                                                                           "
"7147","45","27","SSACH                                                                                                                           "
"7148","23","27","AGBANKINGONLINE                                                                                                                 "
"7149","24","27","AGBANKINGONLINE                                                                                                                 "
"7150","46","27","SSACH                                                                                                                           "
"7151","115","27","SIC Columns                                                                                                                     "
"7152","111","27","CMR                                                                                                                             "
"7153","114","27","Members Equity                                                                                                                  "
"7154","116","27","SIC Columns District                                                                                                            "
"7155","112","27","CMR                                                                                                                             "
"7156","117","27","Risk Funds                                                                                                                      "
"7157","118","27","CMR                                                                                                                             "
"7158","119","27","Risk Funds District                                                                                                             "
"7159","1051","27","SQL                                                                                                                             "
"7160","120","27","CMR                                                                                                                             "
"7161","483","27","PGP                                                                                                                             "
"7162","484","27","*TEXT                                                                                                                           "
"7163","550","27","NONE                                                                                                                            "
"7164","738","27","OLAS                                                                                                                            "
"7165","485","27","*LETTER                                                                                                                         "
"7166","491","27","SFTP PGP Put InfoImage Files                                                                                                    "
"7167","919","27","/Production                                                                                                                     "
"7168","914","27","InfoImageDev                                                                                                                    "
"7169","487","27","/DATVCOMN/OLAS"
"7170","488","27","NONE                                                                                                                            "
"7171","489","27","NONE                                                                                                                            "
"7172","767","27","YES                                                                                                                             "
"7173","780","27","SOATOTALS                                                                                                                       "
"7174","765","27","SOATOTALS                                                                                                                       "
"7175","739","27","PGP                                                                                                                             "
"7176","740","27","*TEXT                                                                                                                           "
"7177","741","27","NONE                                                                                                                            "
"7178","779","27","FCBT Billing Statements                                                                                                         "
"7179","744","27","*LETTER                                                                                                                         "
"7180","745","27","SFTP PGP Put InfoImage Zip Files                                                                                                "
"7181","920","27","/Production                                                                                                                     "
"7182","915","27","0x31FDE0027AD02335"
"7183","916","27","Default Key Ring                                                                                                                "
"7184","1057","27","/test/billing                                                                                                                   "
"7185","746","27","InfoImageDev                                                                                                                    "
"7186","747","27","/DATVCOMN/SOA"
"7187","764","27","FCBT_stmt                                                                                                                       "
"7188","748","27","*.TXT                                                                                                                           "
"7189","782","27","TAXESSENT                                                                                                                       "
"7190","784","27","PGP                                                                                                                             "
"7191","785","27","NONE                                                                                                                            "
"7192","786","27","IRS Tax File                                                                                                                    "
"7193","788","27","SFTP PGP Put InfoImage Zip Files                                                                                                "
"7194","921","27","/Production                                                                                                                     "
"7195","917","27","0x31FDE0027AD02335"
"7196","783","27","TAXESSENT                                                                                                                       "
"7197","918","27","Default Key Ring                                                                                                                "
"7198","789","27","InfoImageProd                                                                                                                   "
"7199","790","27","/DATVCOMN/TAX"
"7200","793","27","USE PGM PARM                                                                                                                    "
"7201","792","27","NONE                                                                                                                            "
"7202","137","27","SSDLIBDATV"
"7203","134","27","30                                                                                                                              "
"7204","135","27","150                                                                                                                             "
"7205","136","27","C:\GlRemoteExe\SS_Interface_Gateway"
"7206","133","27","GLRemoteExe\InterfaceLogs"
"7207","132","27","bendovr1                                                                                                                        "
"7208","131","27","UCSQLFIN                                                                                                                        "
"7209","476","27","YES                                                                                                                             "
"7210","138","27","DATVCOMN"
"7211","139","27","CADLIB                                                                                                                          "
"7212","140","27","OLDLIB                                                                                                                          "
"7213","141","27","SSDLIBDATV"
"7214","166","27","Budgetloans                                                                                                                     "
"7215","167","27","0                                                                                                                               "
"7216","170","27","bendovr1                                                                                                                        "
"7217","171","27","0                                                                                                                               "
"7218","172","27","0                                                                                                                               "
"7219","173","27","sql-web                                                                                                                         "
"7220","174","27","0                                                                                                                               "
"7221","175","27","ucsqlfin                                                                                                                        "
"7222","176","27","iBank                                                                                                                           "
"7223","177","27","0                                                                                                                               "
"7224","180","27","bendovr1                                                                                                                        "
"7225","181","27","0                                                                                                                               "
"7226","182","27","0                                                                                                                               "
"7227","183","27","sql-web                                                                                                                         "
"7228","184","27","0                                                                                                                               "
"7229","185","27","ucsqlfin                                                                                                                        "
"7230","186","27","ads                                                                                                                             "
"7231","187","27","0                                                                                                                               "
"7232","190","27","onwardnow#1"
"7233","191","27","0                                                                                                                               "
"7234","192","27","0                                                                                                                               "
"7235","193","27","cluster02                                                                                                                       "
"7236","194","27","0                                                                                                                               "
"7237","195","27","prod_interface                                                                                                                  "
"7238","196","27","SSPAYABLES"
"7239","198","27","IN4DATVPOLL"
"7240","203","27","in4datvbe"
"7241","206","27","FCBFRx                                                                                                                          "
"7242","207","27","2                                                                                                                               "
"7243","209","27","GEACSSLedgerMSSQLInc_6.0_06                                                                                                     "
"7244","210","27","paperboy                                                                                                                        "
"7245","211","27","0                                                                                                                               "
"7246","212","27","0                                                                                                                               "
"7247","213","27","FRXPROD                                                                                                                         "
"7248","214","27","0                                                                                                                               "
"7249","215","27","prod_FRXLoad                                                                                                                    "
"7250","216","27","Bud_Bank                                                                                                                        "
"7251","217","27","0                                                                                                                               "
"7252","220","27","sar#dine                                                                                                                        "
"7253","221","27","0                                                                                                                               "
"7254","222","27","0                                                                                                                               "
"7255","223","27","CLARUSFIN                                                                                                                       "
"7256","224","27","0                                                                                                                               "
"7257","225","27","sa                                                                                                                              "
"7258","226","27","Q2DB_01                                                                                                                         "
"7259","227","27","0                                                                                                                               "
"7260","230","27","onwardnow#1"
"7261","231","27","0                                                                                                                               "
"7262","232","27","0                                                                                                                               "
"7263","233","27","cluster02                                                                                                                       "
"7264","234","27","0                                                                                                                               "
"7265","235","27","prod_interface                                                                                                                  "
"7266","236","27","Q2DB_03                                                                                                                         "
"7267","237","27","0                                                                                                                               "
"7268","240","27","onwardnow#1"
"7269","241","27","0                                                                                                                               "
"7270","242","27","0                                                                                                                               "
"7271","243","27","cluster02                                                                                                                       "
"7272","244","27","0                                                                                                                               "
"7273","245","27","prod_interface                                                                                                                  "
"7274","246","27","Q2DB_04                                                                                                                         "
"7275","247","27","0                                                                                                                               "
"7276","250","27","onwardnow#1"
"7277","251","27","0                                                                                                                               "
"7278","252","27","0                                                                                                                               "
"7279","253","27","cluster02                                                                                                                       "
"7280","254","27","0                                                                                                                               "
"7281","255","27","prod_interface                                                                                                                  "
"7282","256","27","Q2DB_05                                                                                                                         "
"7283","257","27","0                                                                                                                               "
"7284","260","27","onwardnow#1"
"7285","261","27","0                                                                                                                               "
"7286","262","27","0                                                                                                                               "
"7287","263","27","cluster02                                                                                                                       "
"7288","264","27","0                                                                                                                               "
"7289","265","27","prod_interface                                                                                                                  "
"7290","266","27","Q2DB_06                                                                                                                         "
"7291","267","27","0                                                                                                                               "
"7292","270","27","onwardnow#1"
"7293","271","27","0                                                                                                                               "
"7294","272","27","0                                                                                                                               "
"7295","273","27","cluster02                                                                                                                       "
"7296","274","27","0                                                                                                                               "
"7297","275","27","prod_interface                                                                                                                  "
"7298","276","27","Q2DB_07                                                                                                                         "
"7299","277","27","0                                                                                                                               "
"7300","280","27","onwardnow#1"
"7301","281","27","0                                                                                                                               "
"7302","282","27","0                                                                                                                               "
"7303","283","27","cluster02                                                                                                                       "
"7304","284","27","0                                                                                                                               "
"7305","285","27","prod_interface                                                                                                                  "
"7306","286","27","Q2DB_08                                                                                                                         "
"7307","287","27","0                                                                                                                               "
"7308","290","27","onwardnow#1"
"7309","291","27","0                                                                                                                               "
"7310","292","27","0                                                                                                                               "
"7311","293","27","cluster02                                                                                                                       "
"7312","294","27","0                                                                                                                               "
"7313","295","27","prod_interface                                                                                                                  "
"7314","296","27","Q2DB_09                                                                                                                         "
"7315","297","27","0                                                                                                                               "
"7316","300","27","onwardnow#1"
"7317","301","27","0                                                                                                                               "
"7318","302","27","0                                                                                                                               "
"7319","303","27","cluster02                                                                                                                       "
"7320","304","27","0                                                                                                                               "
"7321","305","27","prod_interface                                                                                                                  "
"7322","306","27","Q2DB_11                                                                                                                         "
"7323","307","27","0                                                                                                                               "
"7324","310","27","onwardnow#1"
"7325","311","27","0                                                                                                                               "
"7326","312","27","0                                                                                                                               "
"7327","313","27","cluster02                                                                                                                       "
"7328","314","27","0                                                                                                                               "
"7329","315","27","prod_interface                                                                                                                  "
"7330","316","27","Q2DB_13                                                                                                                         "
"7331","317","27","0                                                                                                                               "
"7332","320","27","onwardnow#1"
"7333","321","27","0                                                                                                                               "
"7334","322","27","0                                                                                                                               "
"7335","323","27","cluster02                                                                                                                       "
"7336","324","27","0                                                                                                                               "
"7337","325","27","prod_interface                                                                                                                  "
"7338","326","27","Q2DB_14                                                                                                                         "
"7339","327","27","0                                                                                                                               "
"7340","330","27","onwardnow#1"
"7341","331","27","0                                                                                                                               "
"7342","332","27","0                                                                                                                               "
"7343","333","27","cluster02                                                                                                                       "
"7344","334","27","0                                                                                                                               "
"7345","335","27","prod_interface                                                                                                                  "
"7346","336","27","Q2DB_15                                                                                                                         "
"7347","337","27","0                                                                                                                               "
"7348","340","27","onwardnow#1"
"7349","341","27","0                                                                                                                               "
"7350","342","27","0                                                                                                                               "
"7351","343","27","cluster02                                                                                                                       "
"7352","344","27","0                                                                                                                               "
"7353","346","27","Q2DB_16                                                                                                                         "
"7354","347","27","0                                                                                                                               "
"7355","350","27","onwardnow#1"
"7356","351","27","0                                                                                                                               "
"7357","352","27","0                                                                                                                               "
"7358","353","27","cluster02                                                                                                                       "
"7359","354","27","0                                                                                                                               "
"7360","355","27","prod_interface                                                                                                                  "
"7361","356","27","Q2DB_17                                                                                                                         "
"7362","357","27","0                                                                                                                               "
"7363","360","27","onwardnow#1"
"7364","361","27","0                                                                                                                               "
"7365","362","27","0                                                                                                                               "
"7366","363","27","cluster02                                                                                                                       "
"7367","364","27","0                                                                                                                               "
"7368","365","27","prod_interface                                                                                                                  "
"7369","366","27","Q2DB_18                                                                                                                         "
"7370","367","27","0                                                                                                                               "
"7371","370","27","onwardnow#1"
"7372","371","27","0                                                                                                                               "
"7373","372","27","0                                                                                                                               "
"7374","373","27","cluster02                                                                                                                       "
"7375","374","27","0                                                                                                                               "
"7376","375","27","prod_interface                                                                                                                  "
"7377","376","27","Q2DB_19                                                                                                                         "
"7378","377","27","0                                                                                                                               "
"7379","380","27","onwardnow#1"
"7380","381","27","0                                                                                                                               "
"7381","382","27","0                                                                                                                               "
"7382","383","27","cluster02                                                                                                                       "
"7383","384","27","0                                                                                                                               "
"7384","385","27","prod_interface                                                                                                                  "
"7385","386","27","Q2DB_20                                                                                                                         "
"7386","387","27","0                                                                                                                               "
"7387","390","27","onwardnow#1"
"7388","391","27","0                                                                                                                               "
"7389","392","27","0                                                                                                                               "
"7390","393","27","cluster02                                                                                                                       "
"7391","394","27","0                                                                                                                               "
"7392","395","27","prod_interface                                                                                                                  "
"7393","396","27","Q2DB_22                                                                                                                         "
"7394","397","27","0                                                                                                                               "
"7395","400","27","onwardnow#1"
"7396","401","27","0                                                                                                                               "
"7397","402","27","0                                                                                                                               "
"7398","403","27","cluster02                                                                                                                       "
"7399","404","27","0                                                                                                                               "
"7400","405","27","prod_interface                                                                                                                  "
"7401","406","27","Q2DB_23                                                                                                                         "
"7402","407","27","0                                                                                                                               "
"7403","410","27","onwardnow#1"
"7404","411","27","0                                                                                                                               "
"7405","412","27","0                                                                                                                               "
"7406","413","27","cluster02                                                                                                                       "
"7407","414","27","0                                                                                                                               "
"7408","415","27","prod_interface                                                                                                                  "
"7409","416","27","Q2DB_99                                                                                                                         "
"7410","417","27","0                                                                                                                               "
"7411","420","27","onwardnow#1"
"7412","421","27","0                                                                                                                               "
"7413","422","27","0                                                                                                                               "
"7414","423","27","cluster02                                                                                                                       "
"7415","424","27","0                                                                                                                               "
"7416","425","27","prod_interface                                                                                                                  "
"7417","426","27","FCBGEN                                                                                                                          "
"7418","427","27","150                                                                                                                             "
"7419","428","27","IN4DATVPOLL"
"7420","429","27","GEACSSLedgerMSSQLInc_6.0_06                                                                                                     "
"7421","430","27","onwardnow#1"
"7422","431","27","3                                                                                                                               "
"7423","432","27","3                                                                                                                               "
"7424","433","27","IN4DATVBE"
"7425","434","27","2                                                                                                                               "
"7426","435","27","prod_interface                                                                                                                  "
"7427","436","27","FCBGEN                                                                                                                          "
"7428","437","27","150                                                                                                                             "
"7429","438","27","IN4DATVPOLL"
"7430","439","27","GEACSSLedgerMSSQLInc_6.0_06                                                                                                     "
"7431","440","27","OliveGarden@183#1"
"7432","441","27","3                                                                                                                               "
"7433","442","27","3                                                                                                                               "
"7434","443","27","IN4DATVBE"
"7435","444","27","2                                                                                                                               "
"7436","445","27","DBS                                                                                                                             "
"7437","446","27","FCBMerger                                                                                                                       "
"7438","447","27","150                                                                                                                             "
"7439","448","27","IN4DATVPOLL"
"7440","450","27","onwardnow#1"
"7441","451","27","3                                                                                                                               "
"7442","452","27","3                                                                                                                               "
"7443","453","27","IN4DATVBE"
"7444","454","27","2                                                                                                                               "
"7445","455","27","prod_interface                                                                                                                  "
"7446","456","27","FCBPayCap                                                                                                                       "
"7447","457","27","150                                                                                                                             "
"7448","458","27","IN4DATVPOLL"
"7449","459","27","GEACSSLedgerMSSQLInc_6.0_06                                                                                                     "
"7450","460","27","1775AmericanRevolution"
"7451","461","27","3                                                                                                                               "
"7452","462","27","3                                                                                                                               "
"7453","463","27","IN4DATVBE"
"7454","464","27","2                                                                                                                               "
"7455","465","27","sa                                                                                                                              "
"7456","466","27","FCBAch                                                                                                                          "
"7457","467","27","0                                                                                                                               "
"7458","470","27","onwardnow#1"
"7459","471","27","0                                                                                                                               "
"7460","472","27","0                                                                                                                               "
"7461","473","27","IN4DATVBE"
"7462","474","27","0                                                                                                                               "
"7463","475","27","prod_interface                                                                                                                  "
"7464","142","27","10.10.1.171                                                                                                                     "
"7465","153","27","Carrolltontexas3                                                                                                                "
"7466","145","27","cluster02                                                                                                                       "
"7467","152","27","OFACINTRFA                                                                                                                      "
"7468","143","27","10.10.1.171"
"7469","151","27","sstream9                                                                                                                        "
"7470","146","27","frxprod                                                                                                                         "
"7471","150","27","glinterfac                                                                                                                      "
"7473","149","27","1988ExplosionandSeaOil#2024"
"7474","147","27","IN4DATVBE"
"7475","148","27","glinterfac                                                                                                                      "
"7476","154","27","develop                                                                                                                         "
"7477","155","27","vm-tpgdev.develop.fcbt                                                                                                          "
"7478","156","27","\\IN4DATVBE\TPG_GL_Extract"
"7479","157","27","1                                                                                                                               "
"7480","158","27","1988ExplosionandSeaOil#2024"
"7481","159","27","glinterfac                                                                                                                      "
"7482","160","27","\\develop.fcbt                                                                                                                  "
"7483","162","27","\\IN4DATVBE\TPG_GL_Extract\Archive"
"7484","163","27","2                                                                                                                               "
"7485","164","27","1988ExplosionandSeaOil#2024"
"7486","165","27","glinterfac                                                                                                                      "
"7487","642","27","/Betatest                                                                                                                       "
"7488","345","27","prod_interface                                                                                                                  "
"7489","25","20","741110170"
"7490","26","20","FARM CREDIT BANK OF TX"
"7491","1005","20","NACHA Dev"
"7492","34","20","PAID"
"7493","35","20","PAID"
"7494","64","20","PAID"
"7495","21","20","FASTCASH"
"7496","1028","20","FASTCASH"
"7497","36","20","AGSWEEP"
"7498","63","20","AGSWEEP"
"7499","27","20","AGSWEEP"
"7500","39","20","AGSWEEP"
"7501","40","20","AGSWEEP"
"7502","28","20","AGSWEEP"
"7503","29","20","AGSWEEP"
"7504","30","20","AGSWEEP"
"7505","31","20","AGSWEEP"
"7506","32","20","AGSWEEP"
"7507","51","20","AGSWEEP"
"7508","52","20","SSACH"
"7509","37","20","SSACH"
"7510","45","20","SSACH"
"7511","46","20","SSACH"
"7512","23","20","AGBANKINGONLINE"
"7513","24","20","AGBANKINGONLINE"
"7515","827","10","LnFHClearedChecks.txt"
"7519","701","10","/Development/U4142LN"
"7520","205","10","prod_interface"
"7521","200","10","onwardnow"
"7522","197","10","150"
"7523","201","10","3"
"7524","202","10","3"
"7525","204","10","2"
"7527","827","27","LnFHClearedChecks.txt"
"7530","701","27","/Production"
"7531","200","27","onwardnow#1"
"7532","201","27","3"
"7533","202","27","3"
"7534","204","27","2"
"7535","205","27","prod_interface"
"7537","827","21","LnFHClearedChecks.txt                                                                                                           "
"7540","701","21","/Production                                                                                                                     "
"7541","204","21","2"
"7542","205","21","prod_interface"
"7543","200","21","onwardnow#1"
"7544","144","27","10.10.48.253"
"7548","202","21","3"
"7549","808","11","GET                                                                                                                             "
"7550","617","20","/Betatest                                                                                                                       "
"7551","589","11","/DATNCOMN/AgriLine/FCBLoanChecks.txt"
"7554","593","11","FCBLoanChecks.txt                                                                                                               "
"7556","827","11","LnFHClearedChecks.txt                                                                                                           "
"7559","699","11","LNFHClearedChecksGet"
"7562","829","11","Money4Nothing                                                                                                                   "
"7563","701","11","/Production                                                                                                                     "
"7564","898","11","/outbound/ARP03/                                                                                                                "
"7565","702","11","oh00542a.pgp                                                                                                                    "
"7566","900","11","10"
"7567","837","11","FCBLoanChecks.pgp                                                                                                               "
"7568","587","11","SFTP Process with PGP                                                                                                           "
"7569","901","11","1"
"7570","823","11","Money4Nothing                                                                                                                   "
"7571","590","11","/Production"
"7572","895","11","/outbound/CSH01/"
"7573","591","11","FCBLoanChecks.pgp                                                                                                               "
"7574","798","11","ChaseTest"
"7575","1077","11","Y"
"7576","1078","11","AGRILINEER"
"7577","197","11","150"
"7578","201","11","2"
"7579","202","11","2"
"7580","204","11","2"
"7581","205","11","prod_interface"
"7599","955","23","DEV"
"7610","1092","20","PUT"
"7611","1088","20","WellsFargoSFTPtest"
"7612","1087","20","Suspect.txt"
"7613","1089","20","inbound/FARMC588_ARPP_1/"
"7614","1086","20","resource:smb://AgrilineFiles/Agriline/Suspect.txt"
"7615","1090","20","resource:smb://AgrilineFiles/Agriline/Archive/"
"7617","1098","20","resource:smb://AgrilineFiles/Agriline/Archive/"
"7619","1095","20","outbound/FARMC588_IFI_2/"
"7620","1096","20","*"
"7621","1097","20","WellsFargoSFTPtest"
"7622","1099","20","GET"
"7623","1100","20","resource:smb://AgsweepBAI/Intraday_BAI_Liq.txt"
"7624","1103","20","outbound/FARMC588_TMDF_5/"
"7625","1101","20","*"
"7626","1102","20","WellsFargoSFTPtest"
"7627","1104","20","tpd.txt"
"7628","1105","20","resource:smb://AgsweepBAI/"
"7629","1106","20","GET"
"7630","1111","20","resource:smb://AgrilineFiles/Agriline/Archive/"
"7631","1107","20","resource:smb://AgrilineFiles/Agriline/PDB_bai.txt"
"7632","1110","20","outbound/FARMC588_TMDF_4/"
"7633","1108","20","*"
"7634","1109","20","WellsFargoSFTPtest"
"7637","1118","20","resource:smb://AgrilineFiles/Agriline/Archive/"
"7638","1114","20","resource:smb://AgrilineFiles/Agriline/TPD_bai.txt"
"7639","1117","20","outbound/FARMC588_TMDF_3/"
"7640","1115","20","*"
"7641","1116","20","WellsFargoSFTPtest"
"7642","1119","20","tpd.txt"
"7643","1120","20","PUT"
"7644","1121","20","resource:smb://ACH/NACHA_LIQ.txt"
"7645","1123","20","inbound/FARMC588_ACH_1/"
"7646","1125","20","WellsFargoSFTPtest"
"7647","1124","20","*.*"
"7648","1126","20","PUT"
"7649","1127","20","resource:smb://ACH/NACHA_CARD.txt"
"7650","1128","20","inbound/FARMC588_ACH_1/"
"7651","1130","20","WellsFargoSFTPtest"
"7652","1132","12","InfoImage Send Files"
"7653","1133","12","InfoImageDATO"
"7654","1134","12","/Development/U4142LN"
"7656","1136","12","InfoImageDev"
"7657","1138","12","*simpbill_*"
"7658","1147","12","/test/billing"
"7663","1160","12","InfoImage Send Files"
"7664","1161","12","InfoImageDATO"
"7665","1162","12","/Development/U4142LN"
"7666","1163","12","/test/billing"
"7667","1164","12","InfoImageDev"
"7668","1165","12","*compbill*"
"7676","1169","12","InfoImage Send Files"
"7677","1170","12","InfoImageDATO"
"7678","1171","12","/Development/U4142LN"
"7679","1172","12","/test/billing"
"7680","1173","12","InfoImageDev"
"7681","1174","12","*compstmt*"
"7683","1178","12","InfoImage Send Files"
"7684","1179","12","InfoImageDATO"
"7685","1180","12","/Development/U4142LN"
"7686","1181","12","/test/billing"
"7687","1182","12","InfoImageDev"
"7689","1183","12","*fhstmt*"
"7691","1140","12","InfoImage Send Files"
"7692","1141","12","InfoImageDATO"
"7693","1142","12","/Development/U4142LN"
"7694","1143","12","/test/billing"
"7695","1144","12","InfoImageDev"
"7696","1146","12","*simpbillstmt*"
"7700","1158","12","*simpstmt*"
"7701","1157","12","InfoImageDev"
"7702","1156","12","/test/billing"
"7703","1155","12","/Development/U4142LN"
"7704","1154","12","InfoImageDATO"
"7705","1153","12","InfoImage Send Files"
"7706","1186","12","0x79D90A0BCF07449E"
"7795","1198","12","EBox Download Wells                                                                                                             "
"7796","1200","12","resource:smb://EboxWFDATO/"
"7797","1199","12","/Development/U4142LN                                                                                                            "
"7798","1201","12","/outbound/FARMC588_EBOX_1/                                                                                                      "
"7799","1202","12","*                                                                                                                               "
"7800","1203","12","WellsFargoSFTPtest"
"7801","1207","12","DATOCOMN.CEP1652"
"7802","1208","12","DEV                                                                                                                             "
"7803","1204","12","EBox Processing Wells                                                                                                           "
"7804","1206","12","resource:smb://EBoxWFDATO/iSeries"
"7805","1205","12","/Development/U4142LN                                                                                                            "
"7806","1191","12","Lockbox Download Wells                                                                                                          "
"7807","1187","12","resource:smb://LockBoxDATO/"
"7808","1192","12","/Development/U4142LN                                                                                                            "
"7809","1188","12","/outbound/FARMC588_LBDAL_1/                                                                                                     "
"7810","1189","12","*                                                                                                                               "
"7811","1190","12","WellsFargoSFTPtest"
"7812","1196","12","DATOCOMN.CEP1652"
"7813","1197","12","DEV                                                                                                                             "
"7814","1193","12","LockBox Processing Wells                                                                                                        "
"7815","1195","12","resource:smb://LockBoxDATO/iSeries"
"7816","1194","12","/Development/U4142LN                                                                                                            "
"7817","34","12","PAID                                                                                                                            "
"7820","1160","27","InfoImage Send Files"
"7821","1161","27","InfoImageDATV"
"7822","1162","27","/Production                                                                                                                     "
"7823","1163","27","/test"
"7824","1164","27","InfoImageDev                                                                                                                    "
"7825","1165","27","*compbill*"
"7828","1169","27","InfoImage Send Files"
"7829","1170","27","InfoImageDATV"
"7830","1171","27","/Production                                                                                                                     "
"7831","1172","27","/test"
"7832","1173","27","InfoImageDev                                                                                                                    "
"7833","1174","27","*compstmt*                                                                                                                      "
"7836","1178","27","InfoImage Send Files"
"7837","1179","27","InfoImageDATV"
"7838","1180","27","/Production                                                                                                                     "
"7839","1181","27","/test"
"7840","1182","27","InfoImageDev                                                                                                                    "
"7841","1183","27","*fhstmt*                                                                                                                        "
"7844","1132","27","InfoImage Send Files"
"7845","1133","27","InfoImageDATV"
"7846","1134","27","/Production                                                                                                                     "
"7847","1147","27","/test"
"7848","1136","27","InfoImageDEV                                                                                                                    "
"7849","1138","27","*simpbill*                                                                                                                      "
"7852","1140","27","InfoImage Send Files"
"7853","1141","27","InfoImageDATV"
"7854","1142","27","/Production                                                                                                                     "
"7855","1143","27","/test"
"7856","1144","27","InfoImageDEV                                                                                                                    "
"7857","1146","27","*simpbillstmt*                                                                                                                  "
"7860","1153","27","InfoImage Send Files"
"7861","1154","27","InfoImageDATV"
"7862","1155","27","/Production                                                                                                                     "
"7863","1156","27","/test"
"7864","1157","27","InfoImageDEV                                                                                                                    "
"7865","1158","27","*simpstmt*                                                                                                                      "
"7866","1186","27","0x79D90A0BCF07449E"
"7867","1209","23","0x79D90A0BCF07449E"
"7868","1211","20","CAFC"
"7869","1210","20","001"
"7870","1232","20","PLBA"
"7871","1245","20","011"
"7872","801","11","ChaseTest"
"7873","1255","11","//PayPilotDATN/ClearedCheck/"
"7874","1257","11","/Production                                                                                                                     "
"7875","1256","11","LNFHClearedChecksCpy"
"7876","1259","11","LNFHClearedChecks_Cardinal.txt"
"7877","1261","11","LnFHClearedChecks.txt"
"7878","1260","11","/DATNCOMN/LN_FH/"
"7879","1258","11","//PayPilotDATN/Cardinal/"
"7880","1264","11","resource:share://PayPilotDATN"
"7881","1262","11","LNFHClearedChecksPP"
"7882","1263","11","/Production                                                                                                                     "
"7883","1265","11","not used"
"7924","1272","20","LnFHPositivePay.pgp"
"7925","1268","20","LNFHPosPayCardinal"
"7926","1271","20","/DATMCOMN/LN_FH/"
"7927","1270","20","LnFHPositivePay.txt"
"7928","1274","20","Money4Nothing"
"7929","1269","20","/Development/U4142LN/"
"7930","1277","20","/ARP02/"
"7931","1278","20","oh00542.pgp"
"7932","1276","20","ChaseTest"
"7933","1275","20","0x4F967C7CD7BF5B7A"
"7934","1273","20","0xD51101C1B6C2DA53"
"7935","1272","11","LnFHPositivePay.pgp                                                                                                             "
"7936","1275","11","0x4F967C7CD7BF5B7A"
"7937","1268","11","LNFHPosPayCardinal                                                                                                              "
"7938","1271","11","/DATNCOMN/LN_FH/"
"7939","1270","11","LnFHPositivePay.txt                                                                                                             "
"7940","1274","11","Money4Nothing                                                                                                                   "
"7941","1269","11","/Production                                                                                                                     "
"7942","1277","11","/ARP02/                                                                                                                         "
"7943","1278","11","oh00542.pgp                                                                                                                     "
"7944","1276","11","ChaseTest                                                                                                                       "
"7945","1273","11","0xD51101C1B6C2DA53"
"7946","812","11","jppospay.pgp"
"7947","813","11","0x4F967C7CD7BF5B7A"
"7948","712","11","LNFHPosPayPayPilot"
"7949","713","11","jppospay.txt"
"7950","839","11","Money4Nothing                                                                                                                   "
"7951","714","11","/Production                                                                                                                     "
"7952","715","11","oh00542.pgp"
"7953","803","11","ChaseTest                                                                                                                       "
"7954","830","11","0xD51101C1B6C2DA53"
"7955","554","11","SFTP Process                                                                                                                    "
"7956","555","11","/DATMCOMN/MinnMut/Incoming.txt                                                                                                  "
"7957","1262","20","LNFHClearedChecksPP                                                                                                             "
"7958","1264","20","resource:smb//PayPilotDEV/PayPilot/                                                                                             "
"7959","1265","20","unknown.txt                                                                                                                     "
"7960","1263","20","/Development/U4142LN                                                                                                            "
"7961","1255","20","resource:smb//PayPilotDEV/ImportFiles/                                                                                          "
"7962","1256","20","LNFHClearedChecksCpy                                                                                                            "
"7963","1258","20","resource:smb//PayPilotDEV/Cardinal/                                                                                             "
"7964","1259","20","LnFHClearedChecks.txt                                                                                                           "
"7965","1257","20","/Development/U4142LN                                                                                                            "
"7966","1260","20","/DATMCOMN/LN_FH/"
"7967","1261","20","LnFHClearedChecks.txt                                                                                                           "
"7968","1266","20","//PayPilotDEV/PayPilotData/PositivePay"
"7969","1266","11","//PayPilotDATN/PositivePay/"
"7970","1267","11","/ARP02/"
"7971","1267","20","/ARP02/                                                                                                                         "
"8013","1315","23","0x73DC7B25F88BB6C7"
"8014","1283","23","U4142LN"
"8015","1284","23","LexisNexisTest"
"8016","1281","23","DEV"
"8017","1282","23","/DATCOMN/OFAC/"
"8018","1210","23","01"
"8019","1211","23","CAFC"
"8020","1214","23","04"
"8021","1213","23","HLBK"
"8022","1242","23","05"
"8023","1229","23","LSAC"
"8024","1243","23","06"
"8025","1230","23","AGTX"
"8026","1244","23","08"
"8027","1231","23","TXFC"
"8028","1245","23","11"
"8029","1232","23","PLBA"
"8030","1246","23","13"
"8031","1233","23","CTFC"
"8032","1247","23","14"
"8033","1234","23","LACA"
"8034","1248","23","16"
"8035","1235","23","LALB"
"8036","1249","23","17"
"8037","1236","23","MILB"
"8038","1250","23","18"
"8039","1237","23","SAGC"
"8040","1251","23","19"
"8041","1238","23","ALFC"
"8042","1252","23","20"
"8043","1239","23","ALAG"
"8044","1253","23","22"
"8045","1240","23","AGNM"
"8046","1254","23","99"
"8047","1241","23","FCBT"
"8048","1320","23","resource:smb://LMS/Archive/"
"8049","1316","23","resource:smb://LMS/"
"8050","1319","23","datafeed/"
"8051","1317","23","*.*"
"8052","1318","23","Cornerstone"
"8053","1321","23","DLFCBTTraining@farmcreditbank.com"
"8054","1322","23","LMS"
"8055","1323","23","/Production"
"8056","1198","27","EBox Download Wells"
"8057","1200","27","resource:smb://EboxWFDATV"
"8058","1199","27","/Production                                                                                                                     "
"8059","1201","27","/outbound/FARMC588_EBOX_1/"
"8060","1202","27","*"
"8061","1203","27","WellsFargo Test"
"8062","1204","27","EBox Processing Wells"
"8063","1207","27","DATVCOMN.CEP1652"
"8064","1208","27","DEV"
"8065","1206","27","resource:smb://EBoxWFDATV/iSeries"
"8066","1205","27","/Development/U4142LN"
"8067","1191","27","Lockbox Download Wells"
"8068","1187","27","resource:smb://LockBoxDATV/"
"8069","1192","27","/Production                                                                                                                     "
"8070","1188","27","/outbound/FARMC588_LBDAL_1/"
"8071","1189","27","*"
"8072","1190","27","WellsFargo Test"
"8073","1193","27","LockBox Processing Wells"
"8074","1196","27","DATVCOMN.CEP1652"
"8075","1197","27","DEV"
"8076","1195","27","resource:smb://LockBoxDATV/iSeries"
"8077","1194","27","/Production                                                                                                                     "
"8079","947","20","bendovr1"
"8080","1315","12","0x73DC7B25F88BB6C7"
"8081","819","12","OFACSend"
"8082","1325","12","OFAC Summary Rpt"
"8083","1283","12","DATOCOMN"
"8084","1282","12","/DATOCOMN/OFAC/"
"8085","818","12","/Development/U4142LN"
"8086","1284","12","LexisNexisTest"
"8087","1281","12","DEV"
"8089","1327","11","GFXProcess"
"8090","1328","11","/GFX/farmcreditpost.txt"
"8091","1329","11","/farmcreditpost.txt"
"8092","1330","11","/Production"
"8093","1331","11","GFXProdTEST"
"8094","1332","23","resource:smb://LMS/"
"8095","1333","23","*.*"
"8096","1334","23","Cornerstone"
"8097","1335","23","datafeed/"
"8098","1336","23","resource:smb://LMS/Archive/"
"8099","1337","23","LMS"
"8100","1338","23","/Production"
"8115","1354","12","InfoImage Send Files"
"8116","1355","12","InfoImageDATO"
"8117","1356","12","/Development/U4142LN"
"8118","1358","12","InfoImageDev"
"8119","1359","12","*ratechange*"
"8123","1362","12","InfoImage Send Files"
"8124","1363","12","InfoImageDATO"
"8125","1364","12","/Development/U4142LN"
"8126","1366","12","InfoImageDev"
"8127","1367","12","*repricing*"
"8128","1357","12","/test"
"8129","1365","12","/test"
"8132","1354","27","InfoImage Send Files"
"8133","1355","27","InfoImageDATV"
"8134","1356","27","/Production"
"8135","1357","27","/test"
"8136","1358","27","InfoImageDEV"
"8137","1359","27","*ratechange*"
"8140","1362","27","InfoImage Send Files"
"8141","1363","27","InfoImageDATV"
"8142","1364","27","/Production                                                                                                                     "
"8143","1365","27","/test"
"8144","1366","27","InfoImageDEV"
"8145","1367","27","*repricing*"
"8147","1256","12","LNFHClearedChecksCpy"
"8148","1258","12","//PayPilotDATO/Cardinal/"
"8149","1259","12","LnFHClearedChecks_Cardinal.txt"
"8150","1257","12","/Development/U4142LN"
"8151","1260","12","/DATOCOMN/LN_FH/"
"8152","1261","12","LnFHClearedChecks.txt"
"8153","827","12","LnFHClearedChecks.txt"
"8154","699","12","LNFHClearedChecksGet"
"8155","1255","12","//PayPilotDATO/ClearedCheck/"
"8156","701","12","/Development/U4142LN"
"8157","898","12","/outbound/ARP03/"
"8158","702","12","oh00542a.pgp"
"8159","801","12","ChaseTest"
"8160","1262","12","LNFHClearedChecksPP"
"8161","1264","12","resource:share://PayPilotDATO"
"8162","1265","12","not used"
"8163","1263","12","/Development/U4142LN"
"8164","1272","12","LnFHPositivePay.pgp"
"8165","1268","12","LNFHPosPayCardinal"
"8166","1271","12","/DATOCOMN/LN_FH/"
"8167","1270","12","LnFHPositivePay.txt"
"8168","1269","12","/Development/U4142LN"
"8169","1277","12","/ARP02/"
"8170","1278","12","oh00542.pgp"
"8171","1276","12","ChaseTest"
"8172","812","12","jppospay.pgp"
"8173","712","12","LNFHPosPayPayPilot"
"8174","1266","12","//PayPilotDATO/PositivePay/"
"8175","713","12","jppospay.txt"
"8176","714","12","/Development/U4142LN/"
"8177","1267","12","/ARP02/"
"8178","715","12","oh00542OPayPilot.pgp"
"8179","803","12","ChaseTest"
"8180","829","12","Money4Nothing"
"8181","1275","12","0x4F967C7CD7BF5B7A"
"8182","1274","12","Money4Nothing"
"8183","1273","12","0xD51101C1B6C2DA53"
"8184","813","12","0x4F967C7CD7BF5B7A"
"8185","839","12","Money4Nothing"
"8186","830","12","0xD51101C1B6C2DA53"
"8187","1368","23","20812"
"8188","1369","23","20813"
"8189","1370","23","20814"
"8190","1371","23","20815"
"8191","1372","23","/DATCOMN/Payroll/Archive"
"8192","1373","23","CopyPayrollReports"
"8193","1374","23","/DATCOMN/Payroll/Payglrpt"
"8194","1375","23","/Production  "
"8195","1376","23","Payroll"
"8196","1377","23","Payroll.zip"
"8197","1378","23","*.pdf"
"8198","1379","23","/DATCOMN/Payroll/Archive"
"8199","1380","23","CopyPayrollReports"
"8200","1381","23","/DATCOMN/Payroll/Payglrpt"
"8201","1382","23","/Production  "
"8202","1383","23","Payroll"
"8203","1384","23","PayrollANN.zip"
"8204","1385","23","*.pdf"
"8205","1386","23","/DATCOMN/Payroll/Archive"
"8206","1387","23","CopyPayrollReports"
"8207","1388","23","/DATCOMN/Payroll/Payglrpt"
"8208","1389","23","/Production  "
"8209","1390","23","Payroll"
"8210","1391","23","PayrollBEN.zip"
"8211","1392","23","*.pdf"
"8212","1393","23","/DATCOMN/Payroll/Archive"
"8213","1394","23","CopyPayrollReports"
"8214","1395","23","/DATCOMN/Payroll/Payglrpt"
"8215","1396","23","/Production  "
"8216","1397","23","Payroll"
"8217","1398","23","PayrollUHC.zip"
"8218","1399","23","*.pdf"
"8219","1368","20","20812"
"8220","1369","20","20813"
"8221","1370","20","20814"
"8222","1371","20","20815"
"8223","1372","20","/DATCOMN/Payroll/Archive"
"8224","1373","20","CopyPayrollReports"
"8225","1374","20","/DATCOMN/Payroll/Payglrpt"
"8226","1375","20","/Development/U4142MV"
"8227","1376","20","PayrollDEV"
"8228","1377","20","Payroll.zip"
"8229","1378","20","*.pdf"
"8230","1379","20","/DATCOMN/Payroll/Archive"
"8231","1380","20","CopyPayrollReports"
"8232","1381","20","/DATCOMN/Payroll/Payglrpt"
"8233","1382","20","/Development/U4142MV"
"8234","1383","20","PayrollDEV"
"8235","1384","20","PayrollANN.zip"
"8236","1385","20","*.pdf"
"8237","1386","20","/DATCOMN/Payroll/Archive"
"8238","1387","20","CopyPayrollReports"
"8239","1388","20","/DATCOMN/Payroll/Payglrpt"
"8240","1389","20","/Development/U4142MV"
"8241","1390","20","PayrollDEV"
"8242","1391","20","PayrollBEN.zip"
"8243","1392","20","*.pdf"
"8246","1354","10","InfoImage Send Files"
"8247","1355","10","InfoImageDATI"
"8248","1356","10","/Production"
"8249","1357","10","/test"
"8250","1358","10","InfoImageDev"
"8251","1359","10","*ratechange*"
"8254","1362","10","InfoImage Send Files"
"8255","1363","10","InfoImageDATI"
"8256","1364","10","/Production"
"8257","1365","10","/test"
"8258","1366","10","InfoImageDev"
"8259","1367","10","*repricing*"
"8260","1198","10","EBox Download Wells"
"8261","1200","10","resource:smb://EboxWFDATI/"
"8262","1199","10","/Development/U4142LN"
"8263","1201","10","/outbound/FARMC588_EBOX_1/"
"8264","1202","10","*"
"8265","1203","10","WellsFargoSFTPtest"
"8266","1204","10","EBox Processing Wells"
"8267","1207","10","DATICOMN.CEP1652"
"8268","1208","10","DEV"
"8269","1206","10","resource:smb://EBoxWFDATI/iSeries"
"8270","1205","10","/Development/U4142LN"
"8271","1191","10","Lockbox Download Wells"
"8272","1187","10","resource:smb://LockBoxDATI/"
"8273","1192","10","/Development/U4142LN"
"8274","1188","10","/outbound/FARMC588_LBDAL_1/"
"8275","1189","10","*"
"8276","1190","10","WellsFargoSFTPtest"
"8277","1193","10","LockBox Processing Wells"
"8278","1196","10","DATICOMN.CEP1652"
"8279","1197","10","DEV"
"8280","1195","10","resource:smb://LockBoxDATI/iSeries"
"8281","1194","10","/Development/U4142LN"
"8284","1160","10","InfoImage Send Files"
"8285","1161","10","InfoImageDATI"
"8286","1162","10","/Production"
"8287","1163","10","/test/billing"
"8288","1164","10","InfoImageDev"
"8289","1165","10","*compbill*"
"8292","1169","10","InfoImage Send Files"
"8293","1170","10","InfoImageDATI"
"8294","1171","10","/Production"
"8295","1172","10","/test/billing"
"8296","1173","10","InfoImageDev"
"8297","1174","10","*compstmt*"
"8300","1178","10","InfoImage Send Files"
"8301","1179","10","InfoImageDATI"
"8302","1180","10","/Production"
"8303","1181","10","/test/billing"
"8304","1182","10","InfoImageDev"
"8305","1183","10","*fhstmt*"
"8308","1132","10","InfoImage Send Files"
"8309","1133","10","InfoImageDATI"
"8310","1134","10","/Production"
"8311","1147","10","/test/billing"
"8312","1136","10","InfoImageDev"
"8313","1138","10","*simpbill_*"
"8316","1140","10","InfoImage Send Files"
"8317","1141","10","InfoImageDATI"
"8318","1142","10","/Production"
"8319","1143","10","/test/billing"
"8320","1144","10","InfoImageDev"
"8321","1146","10","*simpbillstmt*"
"8324","1153","10","InfoImage Send Files"
"8325","1154","10","InfoImageDATI"
"8326","1155","10","/Production"
"8327","1156","10","/test/billing"
"8328","1157","10","InfoImageDev"
"8329","1158","10","*simpstmt*"
"8330","1186","10","0x79D90A0BCF07449E"
"8331","1401","12","/Development/U4142LN"
"8332","1400","12","MoveNetworkFiles"
"8333","1405","12","MicroStrategyTest"
"8334","1402","12","PayPilotDATO"
"8335","1403","12","/Reports"
"8336","1404","12","LA1193*.pdf"
"8337","1406","12","/Cardinal/Archive/"
"8338","1407","12","not used"
"8339","1256","27","LNFHClearedChecksCpy"
"8340","1258","27","//PayPilotDATV/Cardinal/"
"8341","1259","27","LnFHClearedChecks_Cardinal.txt"
"8342","1257","27","/Production"
"8343","1260","27","/DATVCOMN/LN_FH/"
"8344","1261","27","LnFHClearedChecks.txt"
"8345","699","27","LNFHClearedChecksGet"
"8346","1255","27","//PayPilotDATV/ClearedCheck/"
"8347","829","27","Money4Nothing"
"8348","898","27","/outbound/ARP03/"
"8349","702","27","oh00542a.pgp"
"8350","801","27","ChaseTest"
"8351","1262","27","LNFHClearedChecksPP"
"8352","1264","27","resource:share://PayPilotDATV"
"8353","1265","27","not used"
"8354","1263","27","/Production"
"8355","1272","27","LnFHPositivePay.pgp"
"8356","1275","27","0x4F967C7CD7BF5B7A"
"8357","1268","27","LNFHPosPayCardinal"
"8358","1271","27","/DATVCOMN/LN_FH/"
"8359","1270","27","LnFHPositivePay.txt"
"8360","1406","27","/Cardinal/Archive/"
"8361","1274","27","Money4Nothing"
"8362","1269","27","/Production"
"8363","1277","27","/ARP02/"
"8364","1278","27","oh00542.pgp"
"8365","1276","27","ChaseTest"
"8366","1273","27","0xD51101C1B6C2DA53"
"8367","1266","27","//PayPilotDATV/PositivePay/"
"8368","1407","27","not used"
"8369","839","27","Money4Nothing"
"8370","1267","27","/ARP02/"
"8371","830","27","0xD51101C1B6C2DA53"
"8372","1400","27","MoveNetworkFiles"
"8373","1401","27","/Production"
"8374","1405","27","MicroStrategyBuild"
"8375","1402","27","PayPilotDATV"
"8376","1403","27","/Reports"
"8377","1404","27","LA1193*.pdf"
"8378","1408","12","MoveNetworkFiles"
"8379","1409","12","/Development/U4142LN"
"8380","1410","12","MicroStrategyTest"
"8381","1411","12","PayPilotDATO"
"8382","1412","12","/Reports"
"8383","1413","12","LA1038*.pdf"
"8384","1414","12","MoveNetworkFiles"
"8385","1415","12","/Development/U4142LN"
"8386","1416","12","MicroStrategyTest"
"8387","1417","12","PayPilotDATO"
"8388","1418","12","/Reports"
"8389","1419","12","LA1191*.pdf"
"8390","1408","27","MoveNetworkFiles"
"8391","1409","27","/Production"
"8392","1410","27","MicroStrategyBuild"
"8393","1411","27","PayPilotDATV"
"8394","1412","27","/Reports"
"8395","1413","27","LA1038*.pdf"
"8396","1414","27","MoveNetworkFiles"
"8397","1415","27","/Production"
"8398","1416","27","MicroStrategyBuild"
"8399","1417","27","PayPilotDATV"
"8400","1418","27","/Reports"
"8401","1419","27","LA1191*.pdf"
"8402","1191","11","Lockbox Download Wells"
"8403","1187","11","resource:smb://LockBoxDATN/"
"8404","1192","11","/Production"
"8405","1188","11","/outbound/FARMC588_LBDAL_1/"
"8406","1189","11","*"
"8407","1190","11","WellsFargoSFTPtest"
"8408","1193","11","LockBox Processing Wells"
"8409","1196","11","DATNCOMN.CEP1652"
"8410","1197","11","DEV"
"8411","1195","11","resource:smb://LockBoxDATN/iSeries"
"8412","1194","11","/Production"
"8413","1198","11","EBox Download Wells"
"8414","1200","11","resource:smb://EboxWFDATN/"
"8415","1199","11","/Production"
"8416","1201","11","/outbound/FARMC588_EBOX_1/"
"8417","1202","11","*"
"8418","1203","11","WellsFargoSFTPtest"
"8419","1204","11","EBox Processing Wells"
"8420","1207","11","DATNCOMN.CEP1652"
"8421","1208","11","DEV"
"8422","1206","11","resource:smb://EBoxWFDATN/iSeries"
"8423","1205","11","/Development/U4142LN"
"8424","1421","11","resource:share://ACH DATN/"
"8425","1425","11","_NACHA_LIQ_SameDay.txt"
"8426","1423","11","inbound/FARMC588_ACH_1/"
"8427","1424","11","NACHA_LIQ.txt"
"8428","1420","11","WellsFargoSFTPtest"
"8429","1422","11","*NACHA_LIQ_SameDay*"
"8430","1426","11","*NACHA_LIQ_SameDay_Empty*"
"8431","1427","11","NACHA_LIQ"
"8432","1428","11","/Production"
"8435","1160","11","InfoImage Send Files"
"8436","1162","11","/Production"
"8437","1163","11","/test"
"8438","1165","11","*compbill*"
"8439","1161","11","InfoImageDATN"
"8440","1164","11","InfoImageDev"
"8441","1406","11","/Cardinal/Archive/"
"8442","1407","11","not used"
"8443","1408","11","MoveNetworkFiles"
"8444","1409","11","/Production"
"8445","1410","11","MicroStrategyTest"
"8446","1411","11","PayPilotDATN"
"8447","1412","11","/Reports"
"8448","1413","11","LA1038*.pdf"
"8449","1414","11","MoveNetworkFiles"
"8450","1415","11","/Production                                                                                                                     "
"8451","1416","11","MicroStrategyTest"
"8452","1417","11","PayPilotDATN"
"8453","1418","11","/Reports"
"8454","1419","11","LA1191*.pdf"
"8455","1400","11","MoveNetworkFiles"
"8456","1401","11","/Production                                                                                                                     "
"8457","1405","11","MicroStrategyTest"
"8458","1402","11","PayPilotDATN"
"8459","1403","11","/Reports"
"8460","1404","11","LA1193*.pdf"
"8463","1169","11","InfoImage Send Files"
"8464","1170","11","InfoImageDATN"
"8465","1171","11","/Production"
"8466","1172","11","/test"
"8467","1173","11","InfoImageDEV"
"8468","1174","11","*compstmt*"
"8471","1178","11","InfoImage Send Files"
"8472","1179","11","InfoImageDATN"
"8473","1180","11","/Production"
"8474","1181","11","/test"
"8475","1182","11","InfoImageDEV"
"8476","1183","11","*fhstmt*"
"8479","1354","11","InfoImage Send Files"
"8480","1355","11","InfoImageDATN"
"8481","1356","11","/Production                                                                                                                     "
"8482","1357","11","/test"
"8483","1358","11","InfoImageDEV"
"8484","1359","11","*ratechange*"
"8487","1362","11","InfoImage Send Files"
"8488","1363","11","InfoImageDATN"
"8489","1364","11","/Production"
"8490","1365","11","/test"
"8491","1366","11","InfoImageDEV"
"8492","1367","11","*repricing*"
"8495","1132","11","InfoImage Send Files"
"8496","1133","11","InfoImageDATN"
"8497","1134","11","/Production"
"8498","1147","11","/test"
"8499","1136","11","InfoImageDEV"
"8500","1138","11","*simpbill*"
"8503","1140","11","InfoImage Send Files"
"8504","1141","11","InfoImageDATN"
"8505","1142","11","/Production"
"8506","1143","11","/test"
"8507","1144","11","InfoImageDEV"
"8508","1146","11","*simpbillstmt*"
"8511","1153","11","InfoImage Send Files"
"8512","1154","11","InfoImageDATN"
"8513","1155","11","/Production"
"8514","1156","11","/test"
"8515","1157","11","InfoImageDEV"
"8516","1158","11","*simpstmt*"
"8517","1435","11","/DATNCOMN/LN_FH/"
"8518","1436","11","resource:share://PayPilotDATN/PositivePay/"
"8519","1437","11","/ARP02/"
"8520","1441","11","0x4F967C7CD7BF5B7A"
"8521","1431","11","LnFHPositivePay.txt"
"8522","1433","11","oh00542.txt"
"8523","1432","11","jppospay.txt"
"8524","1434","11","oh00542.pgp"
"8525","1430","11","LNFHPosPayCombined"
"8526","1438","11","Money4Nothing"
"8527","1429","11","/Production"
"8528","1439","11","ChaseTest"
"8529","1440","11","0xC0541E23CB22C23E"
"8530","1111","11","Archive/"
"8532","1107","11","PDB_bai.txt"
"8533","1106","11","resource:share://AgrilineFilesDATN/"
"8534","1443","11","/Production"
"8535","1110","11","/outbound/FARMC588_TMDF_4"
"8536","1108","11","*"
"8537","1109","11","WellsFargoSFTPtest"
"8539","1442","11","AgrilinePlusGetFiles"
"8540","1118","11","Archive/"
"8542","1445","11","AgrilinePlusGetFiles"
"8543","1114","11","TPD_bai.txt"
"8544","1446","11","resource:share://AgrilineFilesDATN/"
"8545","1447","11","/Production"
"8546","1117","11","/outbound/FARMC588_TMDF_3"
"8547","1115","11","*"
"8548","1116","11","WellsFargoSFTPtest"
"8549","1119","11","/DATNCOMN/Agriline+/TPD"
"8597","1160","21","InfoImage Send Zip Files"
"8598","1161","21","InfoImageDATU"
"8599","1162","21","/Production"
"8600","1163","21","/test/billing"
"8601","1164","21","InfoImageDev"
"8602","1165","21","*compbill*"
"8605","1169","21","InfoImage Send Zip Files"
"8606","1170","21","InfoImageDATU"
"8607","1171","21","/Production"
"8608","1172","21","/test/billing"
"8609","1173","21","InfoImageDEV"
"8610","1174","21","*compstmt*"
"8613","1178","21","InfoImage Send Zip Files"
"8614","1179","21","InfoImageDATU"
"8615","1180","21","/Production"
"8616","1181","21","/test/billing"
"8617","1182","21","InfoImageDEV"
"8618","1183","21","*fhstmt*"
"8621","1354","21","InfoImage Send Zip Files"
"8622","1355","21","InfoImageDATU"
"8623","1356","21","/Production"
"8624","1357","21","/test"
"8625","1358","21","InfoImageDEV"
"8626","1359","21","*ratechange*"
"8629","1362","21","InfoImage Send Zip Files"
"8630","1363","21","InfoImageDATU"
"8631","1364","21","/Production"
"8632","1365","21","/test"
"8633","1366","21","InfoImageDEV"
"8634","1367","21","*repricing*"
"8637","1132","21","InfoImage Send Zip Files"
"8638","1133","21","InfoImageDATU"
"8639","1134","21","/Production"
"8640","1147","21","/test/billing"
"8641","1136","21","InfoImageDEV"
"8642","1138","21","*simpbill*"
"8645","1140","21","InfoImage Send Zip Files"
"8646","1141","21","InfoImageDATU"
"8647","1142","21","/Production"
"8648","1143","21","/test/billing"
"8649","1144","21","InfoImageDEV"
"8650","1146","21","*simpbillstmt*"
"8653","1153","21","InfoImage Send Zip Files"
"8654","1154","21","InfoImageDATU"
"8655","1155","21","/Production"
"8656","1156","21","/test/billing"
"8657","1157","21","InfoImageDEV"
"8658","1158","21","*simpstmt*"
"8659","1461","11","NACHA_LIQ"
"8660","1462","11","resource:share://ACH DATN/"
"8661","1463","11","_NACHA_LIQ_Regular.txt"
"8662","1464","11","/Production"
"8663","1465","11","inbound/FARMC588_ACH_1/"
"8664","1466","11","NACHA_LIQ.txt"
"8665","1467","11","WellsFargoSFTPtest"
"8666","1468","11","*NACHA_LIQ_Regular*"
"8667","1469","11","*NACHA_LIQ_Regular_Empty*"
"8668","830","10","0xD51101C1B6C2DA53"
"8669","830","21","0xD51101C1B6C2DA53"
"8670","1256","10","LNFHClearedChecksCpy"
"8671","1258","10","//PayPilotDATI/Cardinal/"
"8672","1259","10","LnFHClearedChecks_Cardinal.txt"
"8673","1257","10","/Development/U4142LN"
"8674","1260","10","/DATICOMN/LN_FH/"
"8675","1261","10","LnFHClearedChecks.txt"
"8676","699","10","LNFHClearedChecksGet"
"8677","1255","10","//PayPilotDATI/ClearedCheck/"
"8678","829","10","Money4Nothing"
"8679","898","10","/outbound/ARP03/"
"8680","702","10","oh00542a.pgp"
"8681","801","10","ChaseTest"
"8682","1262","10","LNFHClearedChecksPP"
"8683","1264","10","resource:share://PayPilotDATI"
"8684","1265","10","not used"
"8685","1263","10","/Development/U4142LN"
"8686","1272","10","LnFHPositivePay.pgp"
"8687","1275","10","0x4F967C7CD7BF5B7A"
"8688","1268","10","LNFHPosPayCardinal"
"8689","1271","10","/DATICOMN/LN_FH/"
"8690","1270","10","LnFHPositivePay.txt"
"8691","1406","10","/Cardinal/Archive/"
"8692","1274","10","Money4Nothing"
"8693","1269","10","/Development/U4142LN"
"8694","1277","10","/ARP02/"
"8695","1278","10","oh00542.pgp"
"8696","1276","10","ChaseTest"
"8697","1273","10","0xD51101C1B6C2DA53"
"8698","1266","10","//PayPilotDATI/PositivePay/"
"8699","1407","10","not used"
"8700","839","10","Money4Nothing"
"8701","1267","10","/ARP02/"
"8702","1435","10","/DATICOMN/LN_FH/"
"8703","1436","10","resource:share://PayPilotDATI/PositivePay/"
"8704","1437","10","/ARP02/"
"8705","1441","10","0x4F967C7CD7BF5B7A"
"8706","1431","10","LnFHPositivePay.txt"
"8707","1433","10","oh00542.txt"
"8708","1432","10","jppospay.txt"
"8709","1434","10","oh00542.pgp"
"8710","1430","10","LNFHPosPayCombined"
"8711","1438","10","Money4Nothing"
"8712","1429","10","/Development/U4142LN"
"8713","1439","10","ChaseTest"
"8714","1440","10","0xD51101C1B6C2DA53"
"8715","1408","10","MoveNetworkFiles"
"8716","1409","10","/Development/U4142LN"
"8717","1410","10","MicroStrategyTest"
"8718","1411","10","PayPilotDATI"
"8719","1412","10","/Reports"
"8720","1413","10","LA1038*.pdf"
"8721","1414","10","MoveNetworkFiles"
"8722","1415","10","/Development/U4142LN"
"8723","1416","10","MicroStrategyTest"
"8724","1417","10","PayPilotDATI"
"8725","1418","10","/Reports"
"8726","1419","10","LA1191*.pdf"
"8727","1400","10","MoveNetworkFiles"
"8728","1401","10","/Development/U4142LN"
"8729","1405","10","MicroStrategyTest"
"8730","1402","10","PayPilotDATI"
"8731","1403","10","/Reports"
"8732","1404","10","LA1193*.pdf"
"8797","1470","23","/DATCOMN/LN_FH/"
"8821","1473","11","CapitalFarm"
"8822","1474","11","resource:share://Mobile RDC DATN/"
"8824","1472","11","CapitalFarm*"
"8826","1475","11","mRDCNachaGet"
"8827","1475","23","mRDCNachaGet"
"8828","1473","23","CapitalFarm"
"8829","1474","23","Mobile RDC"
"8830","1476","23","/Development/U4142LN"
"8831","1472","23","Capital Farm*.*"
"8832","1471","23","Ensenta"
"8833","1481","20","CAFC"
"8834","1480","20","DEV"
"8835","1479","20","mRDC"
"8836","1477","20","mRDCgetCardinal"
"8837","1478","20","/Development/U4142LN"
"8838","1482","20","OSBETADATM"
"8839","1483","20","T30"
"8840","1475","20","mRDCNachaGet"
"8841","1473","20","CapitalFarm"
"8842","1474","20","resource:share://Mobile RDC/"
"8843","1476","20","/Development/U4142LN"
"8844","1472","20","Capital Farm*.*"
"8845","1471","20","Ensenta"
"8846","1482","11","OSBETADATN"
"8847","1478","11","/Production"
"8848","1481","11","CAFC"
"8849","1483","11","T30"
"8850","1480","11","DEV"
"8851","1479","11","mRDC DATN"
"8852","1477","11","mRDCgetCardinal"
"8853","1193","21","LockBox Processing Wells"
"8854","1196","21","DATUCOMN.CEP1652"
"8855","1197","21","DEV"
"8856","1195","21","resource:smb://LockBoxDATU/iSeries"
"8857","1194","21","/Production"
"8858","1191","21","Lockbox Download Wells"
"8859","1187","21","resource:smb://LockBoxDATV/"
"8860","1192","21","/Production"
"8861","1188","21","/outbound/FARMC588_LBDAL_1/"
"8862","1189","21","*"
"8863","1190","21","WellsFargo Test"
"8864","1198","21","EBox Download Wells"
"8865","1200","21","resource:smb://EboxWFDATU"
"8866","1199","21","/Production"
"8867","1201","21","/outbound/FARMC588_EBOX_1/"
"8868","1202","21","*"
"8869","1203","21","WellsFargo Test"
"8870","1204","21","EBox Processing Wells"
"8871","1207","21","DATUCOMN.CEP1652"
"8872","1208","21","DEV"
"8873","1206","21","resource:smb://EBoxWFDATU/iSeries"
"8874","1205","21","/Production"
"8879","1489","20","/Development/U4142LN"
"8880","1488","20","CopyNetworkFiles"
"8881","1490","20","PDFData/"
"8882","1491","20","Heritage/S61/CardinalReportsDaily/"
"8883","1492","20","Heritage/S61/CardinalReportsDailyOld/"
"8884","1496","20","Heritage/T04/CardinalReportsDaily/"
"8885","1497","20","Heritage/T04/CardinalReportsDailyOld/"
"8886","1493","20","CopyNetworkFiles"
"8887","1494","20","/Development/U4142LN"
"8888","1495","20","PDFData/"
"8900","1490","23","PDFData/"
"8901","1491","23","Heritage/S61/CardinalReportsDaily/"
"8902","1492","23","Heritage/S61/CardinalReportsDailyOld/"
"8903","1489","23","/Development/U4142LN"
"8904","1488","23","CopyNetworkFiles"
"8905","1496","23","Heritage/T04/CardinalReportsDaily/"
"8906","1493","23","CopyNetworkFiles"
"8907","1494","23","/Development/U4142LN"
"8908","1495","23","PDFData/"
"8909","1497","23","Heritage/T04/CardinalReportsDailyOld/"
"8910","1481","21","CAFC"
"8911","1483","21","T30"
"8912","1480","21","DEV"
"8913","1479","21","mRDC DATU"
"8914","1477","21","mRDCgetCardinal"
"8915","1478","21","/Development/U4142LN"
"8916","1482","21","OSBLDDATU"
"8917","1475","21","mRDCNachaGet"
"8918","1473","21","CapitalFarm"
"8919","1474","21","resource:share://Mobile RDC DATU/"
"8920","1476","21","/Development/U4142LN"
"8921","1472","21","CapitalFarm*"
"8922","1471","21","Ensenta"
"8933","1098","11","resource:share://AgrilineFilesDATN/Archive/"
"8934","1448","11","AgrilinePlusCheckImage"
"8935","1449","11","/Production"
"8936","1095","11","/outbound/FARMC588_IFI_2/"
"8937","1096","11","*"
"8938","1097","11","WellsFargoSFTPtest"
"8939","1505","11","Archive/"
"8940","1451","11","AgrilinePlusSendFiles"
"8941","1454","11","CheckOrder.txt"
"8942","1455","11","resource:share://AgrilineFilesDATN/"
"8943","1452","11","/Development/U4142LN"
"8944","1456","11","/"
"8945","1457","11","FARM_CREDIT_CHK_CheckOrder.txt"
"8947","1513","11","/DATNCOMN/Agriline+/PDB"
"8948","1090","11","Archive/"
"8949","1459","11","AgrilinePlusSendFiles"
"8950","1086","11","Suspect.txt"
"8951","1092","11","resource:share://AgrilineFilesDATN/"
"8952","1460","11","/Development/U4142LN"
"8953","1089","11","inbound/FARMC588_ARPP_1/"
"8954","1087","11","Suspect.txt"
"8955","1088","11","WellsFargoSFTPtest"
"8956","1514","11","InfoImage Send Files"
"8957","1515","11","InfoImageDATN"
"8958","1516","11","/Production"
"8959","1517","11","/test"
"8960","1518","11","InfoImageTest"
"8961","1519","11","*fcbt_acct*"
"8962","1526","11","mRDCNachaGet"
"8963","1528","11","resource:share://Mobile RDC DATN/"
"8964","1529","11","/Development/U4142LN"
"8966","1520","11","mRDCNachaGet"
"8967","1522","11","resource:share://Mobile RDC DATN/"
"8968","1523","11","/Production"
"8970","1532","11","mRDCNachaGet"
"8971","1534","11","resource:share://Mobile RDC DATN/"
"8972","1535","11","/Production"
"8974","1527","11","CentralTx"
"8975","1530","11","CentralTexas*"
"8976","1521","11","PlainsLand"
"8977","1524","11","PlainsLand*"
"8978","1533","11","TexasFarm"
"8979","1536","11","TexasFarm*"
"8980","1538","11","CTFC"
"8981","1540","11","DEV"
"8982","1541","11","mRDC DATN"
"8983","1542","11","mRDCgetCardinal"
"8984","1543","11","/Production"
"8985","1544","11","OSBETADATN"
"8986","1539","11","T47"
"8987","1545","11","PLBA"
"8988","1546","11","S01"
"8989","1547","11","DEV"
"8990","1548","11","mRDC DATN"
"8991","1549","11","mRDCgetCardinal"
"8992","1550","11","/Production"
"8993","1551","11","OSBETADATN"
"8994","1552","11","TXFC"
"8995","1553","11","T08"
"8996","1554","11","DEV"
"8997","1555","11","mRDC DATN"
"8998","1556","11","mRDCgetCardinal"
"8999","1557","11","/Production"
"9000","1558","11","OSBETADATN"
"9001","1098","21","resource:share://AgrilineFilesDATU/Archive/"
"9002","1448","21","AgrilinePlusCheckImage"
"9003","1449","21","/Development/U4142LN"
"9004","1095","21","/outbound/FARMC588_IFI_2/"
"9005","1096","21","*"
"9006","1097","21","WellsFargoSFTPtest"
"9007","1505","21","Archive/"
"9008","1451","21","AgrilinePlusSendFiles"
"9009","1454","21","CheckOrder.txt"
"9010","1455","21","resource:share://AgrilineFilesDATU/"
"9011","1452","21","/Development/U4142LN"
"9012","1456","21","inbound/"
"9013","1457","21","FC"
"9014","1458","21","NewCourse SFTP"
"9015","1111","21","Archive/"
"9016","1442","21","AgrilinePlusGetFiles"
"9017","1107","21","PDB_bai.txt"
"9018","1106","21","resource:share://AgrilineFilesDATU/"
"9019","1443","21","/Development/U4142LN"
"9020","1110","21","/outbound/FARMC588_TMDF_4/"
"9021","1108","21","*"
"9022","1109","21","WellsFargoSFTPtest"
"9023","1513","21","/DATUCOMN/Agriline+/PDB"
"9024","1090","21","Archive/"
"9025","1459","21","AgrilinePlusSendFiles"
"9026","1086","21","Suspect.txt"
"9027","1092","21","resource:share://AgrilineFilesDATU/"
"9028","1460","21","/Development/U4142LN"
"9029","1089","21","/outbound/FARMC588_ARPP_1/"
"9030","1087","21","Suspect.txt"
"9031","1088","21","WellsFargoSFTPtest"
"9032","1118","21","Archive/"
"9033","1445","21","AgrilinePlusGetFiles"
"9034","1114","21","TPD_bai.txt"
"9035","1446","21","resource:share://AgrilineFilesDATU/"
"9036","1447","21","/Development/U4142LN"
"9037","1117","21","/outbound/FARMC588_TMDF_3/"
"9038","1115","21","*"
"9039","1116","21","WellsFargoSFTPtest"
"9040","1119","21","/DATUCOMN/Agriline+/TPD"
"9041","1186","11","0x79D90A0BCF07449E"
"9042","1532","21","mRDCNachaGet"
"9043","1533","21","TexasFarm"
"9044","1534","21","resource:share://Mobile RDC DATU/"
"9045","1535","21","/Development/U4142LN"
"9046","1536","21","TexasFarm*"
"9047","1537","21","Ensenta"
"9048","1552","21","TXFC"
"9049","1553","21","T08"
"9050","1554","21","DEV"
"9051","1555","21","mRDC DATU"
"9052","1556","21","mRDCgetCardinal"
"9053","1557","21","/Development/U4142LN"
"9054","1558","21","OSBLDDATU"
"9055","1514","21","InfoImage Send Files"
"9056","1515","21","InfoImageDATU"
"9057","1516","21","/Development/U4142LN"
"9058","1517","21","/test"
"9059","1518","21","InfoImageProd"
"9060","1519","21","*fcbt_acct*"
"9061","1186","21","0x82C696DCE176ED64"
"9062","1098","27","resource:share://AgrilineFilesDATV/Archive/"
"9063","1448","27","AgrilinePlusCheckImage"
"9064","1449","27","/Production                                                                                                                     "
"9065","1095","27","/outbound/FARMC588_IFI_2/"
"9066","1096","27","*"
"9067","1097","27","WellsFargoSFTPtest"
"9068","1505","27","Archive/"
"9069","1451","27","AgrilinePlusSendFiles"
"9070","1454","27","CheckOrder.txt"
"9071","1455","27","resource:share://AgrilineFilesDATV"
"9072","1452","27","/Production                                                                                                                     "
"9073","1456","27","inbound/"
"9074","1457","27","FC"
"9076","1111","27","Archive/"
"9077","1442","27","AgrilinePlusGetFiles"
"9078","1107","27","PDB_bai.txt"
"9079","1106","27","resource:share://AgrilineFilesDATV/"
"9080","1443","27","/Production                                                                                                                     "
"9081","1110","27","/outbound/FARMC588_TMDF_4                                                                                                       "
"9082","1108","27","*"
"9083","1109","27","WellsFargoSFTPtest"
"9084","1513","27","/DATVCOMN/Agriline+/PDB"
"9085","1090","27","Archive/"
"9086","1459","27","AgrilinePlusSendFiles                                                                                                           "
"9087","1086","27","Suspect.txt"
"9088","1092","27","resource:share://AgrlineFilesDATV/"
"9089","1460","27","/Production                                                                                                                     "
"9090","1089","27","/outbound/FARMC588_ARPP_1/"
"9091","1087","27","Suspect.txt"
"9092","1088","27","WellsFargoSFTPtest"
"9093","1118","27","Archive/"
"9094","1445","27","AgrilinePlusGetFiles"
"9095","1114","27","TPD_bai.txt"
"9096","1446","27","resource:share://AgrlineFilesDATV/"
"9097","1447","27","/Production                                                                                                                     "
"9098","1117","27","/outbound/FARMC588_TMDF_3                                                                                                       "
"9099","1115","27","*"
"9100","1116","27","WellsFargoSFTPtest"
"9101","1119","27","/DATVCOMN/Agriline+/TPD"
"9102","1560","11","SailPointGFXtest"
"9103","1327","13","GFXProcess"
"9104","1560","13","SailPointGFX"
"9105","1330","13","/Development/U4142LN"
"9106","1328","13","/GFX/farmcreditpost.txt"
"9107","1329","13","/farmcreditpost.txt"
"9108","1331","13","GFXProd"
"9109","1561","13","MaskCSV"
"9110","1562","13","CRUploadQtrly.csv"
"9111","1563","13","CRUpload"
"9112","1564","13","DEV"
"9113","1565","13","DATXCOMN.CRUADJRAW"
"9114","1566","13","bendovr1"
"9115","1567","13","/Development/U4142MV"
"9116","1568","13","MaskCSV"
"9117","1569","13","UCSQLFIN"
"9118","979","10","/DATICOMN/Payroll/Archive/"
"9119","974","10","Payroll"
"9120","977","10","/DATICOMN/Payroll/prglhc.txt"
"9121","975","10","/Production"
"9122","976","10","prglhc.txt"
"9123","978","10","AgFirst"
"9124","1371","10","24474"
"9125","1049","13","DEV"
"9126","1047","13","CopyMASK"
"9127","1048","13","/Development/U4142MV"
"9128","1050","13","MaskCSV"
"9129","1371","11","24770"
"9130","1368","11","24769"
"9131","1369","11","24767"
"9132","1370","11","24768"
"9133","1372","11","/DATNCOMN/Payroll/Archive"
"9134","1373","11","CopyPayrollReports"
"9135","1374","11","/DATNCOMN/Payroll/Payglrpt"
"9136","1375","11","/Production"
"9137","1376","11","PayrollDEV"
"9138","1377","11","Payroll.zip"
"9139","1378","11","*.pdf"
"9140","1379","11","/DATNCOMN/Payroll/Archive"
"9141","1380","11","CopyPayrollReports"
"9142","1381","11","/DATNCOMN/Payroll/Payglrpt"
"9143","1382","11","/Production"
"9144","1383","11","PayrollDEV"
"9145","1384","11","PayrollANN.zip"
"9146","1385","11","*.pdf"
"9147","1386","11","/DATNCOMN/Payroll/Archive"
"9148","1387","11","CopyPayrollReports"
"9149","1388","11","/DATNCOMN/Payroll/Payglrpt"
"9150","1389","11","/Production"
"9151","1390","11","PayrollDEV"
"9152","1391","11","PayrollBEN.zip"
"9153","1392","11","*.pdf"
"9154","1393","11","/DATNCOMN/Payroll/Archive"
"9155","1394","11","/CopyPayrollReports"
"9156","1395","11","/DATNCOMN/Payroll/Payglrpt"
"9157","1396","11","/Production"
"9158","1397","11","PayrollDEV"
"9159","1398","11","PayrollUHC.zip"
"9160","1399","11","*.pdf"
"9161","1570","20","/Archive"
"9162","1579","20","SFTPGetFiles"
"9163","1573","20","resource:share://Controlled Disbursements Test"
"9164","1572","20","/BAI_JPM"
"9165","1578","20","/Development/U4142LN"
"9166","1574","20","/outbound/BAI2"
"9167","1575","20","*"
"9168","1576","20","Chase"
"9169","1571","20","JPM_Previous_Day.txt"
"9170","1577","20","/DATMCOMN/CTLDISB"
"9171","1580","20","/Archive"
"9172","1588","20","SFTPGetFiles"
"9173","1581","20","Wells_Previous_Day.txt"
"9174","1583","20","resource:share://Controlled Disbursements Test"
"9175","1582","20","/BAI_WFB"
"9176","1589","20","/Development/U4142LN"
"9177","1584","20","/outbound/FARMC588_TMDF_6"
"9178","1585","20","*"
"9179","1586","20","WellsFargoSFTPtest"
"9180","1587","20","/DATMCOMN/CTLDISB"
"9191","1590","20","/Archive"
"9192","1598","20","SFTPGetFiles"
"9193","1591","20","Wells_Intra_Day.txt"
"9194","1592","20","resource:share://Controlled Disbursements Test"
"9195","1593","20","/BAI_WFB"
"9196","1599","20","/Development/U4142LN"
"9197","1594","20","/outbound/FARMC588_TMDF_7"
"9198","1595","20","*"
"9199","1596","20","WellsFargoSFTPtest"
"9200","1597","20","/DATMCOMN/CTLDISB"
"9221","1561","23","MaskCSV"
"9222","1562","23","CRUploadQtrly.csv"
"9223","1563","23","CRUpload"
"9224","1564","23","DEV"
"9225","1565","23","DATCOMN.CRUADJRAW"
"9226","1566","23","bendovr1"
"9227","1567","23","/Betatest"
"9228","1568","23","MaskCSV"
"9229","1569","23","UCSQLFIN"
"9230","1630","20","PULL"
"9231","1631","20","CopyIFSFile"
"9232","1632","20","/DATMCOMN/LN_FH/LnFHClearedChecks.txt"
"9233","1633","20","/BAI JPM/LnFHClearedChecks.txt"
"9234","1634","20","/PRODUCTION"
"9235","1635","20","Controlled Disbursements"
"9236","1636","20","PULL"
"9237","1637","20","CopyIFSFile"
"9238","1638","20","/DATMCOMN/PATCLRCHK/PatClearedChecks.txt"
"9239","1639","20","/BAI JPM/PatClearedChecks.txt"
"9240","1640","20","/PRODUCTION"
"9241","1641","20","Controlled Disbursements"
"9242","1642","20","CopyNetworkFile"
"9243","1643","20","/Development/U4142LN"
"9245","1644","20","resource:share://AgrilineFilesDATL/Archive/"
"9247","1645","20","resource:share://Controlled Disbursements/BAI WFC/"
"9248","1646","20","TPD_bai.txt"
"9249","1647","20","TPD_bai.txt"
"9250","1561","11","MaskCSV"
"9251","1562","11","CRUploadQtrly.csv"
"9252","1563","11","CRUpload"
"9253","1564","11","DEV"
"9254","1565","11","DATNCOMN.CRUADJRAW"
"9255","1566","11","bendovr1"
"9256","1568","11","MaskCSV"
"9257","1569","11","UCSQLFIN"
"9258","1567","11","/Production"
"9297","1648","20","/Archive"
"9298","1649","20","SFTPGetFiles"
"9299","1650","20","Wells_Fargo_ACH_3.txt"
"9300","1651","20","resource:share://Controlled Disbursements Test"
"9301","1652","20","/Wells_ACH"
"9302","1653","20","/Development/U4142LN"
"9303","1654","20","/outbound/FARMC588_ACH_3"
"9304","1655","20","*"
"9305","1656","20","WellsFargoSFTPtest"
"9306","1657","20","/DATMCOMN/CTLDISB"
"9307","1658","20","/Archive"
"9308","1659","20","SFTPGetFiles"
"9309","1660","20","Wells_Fargo_ACH_4.txt"
"9310","1661","20","resource:share://Controlled Disbursements Test"
"9311","1662","20","/Wells_ACH"
"9312","1663","20","/Development/U4142LN"
"9313","1664","20","/outbound/FARMC588_ACH_4"
"9314","1665","20","*"
"9315","1666","20","WellsFargoSFTPtest"
"9316","1667","20","/DATMCOMN/CTLDISB"
"9317","1669","20","fedach.txt"
"9318","1668","20","/U4142LN/"
"9333","1484","20","SSNACHA"
"9334","13","23","/Development/U4142AP"
"9335","1570","11","/Archive"
"9336","1579","11","SFTPGetFiles"
"9337","1571","11","JPM_Previous_Day.txt"
"9338","1573","11","resource:share://Controlled Disbursements DATN"
"9339","1572","11","/BAI_JPM"
"9340","1578","11","/Production"
"9341","1574","11","/outbound/BAI2"
"9342","1575","11","*"
"9344","1577","11","/DATNCOMN/CTLDISB"
"9345","1648","11","/Archive"
"9346","1649","11","SFTPGetFiles"
"9347","1650","11","Wells_Fargo_ACH_3.txt"
"9348","1651","11","resource:share://Controlled Disbursements DATN"
"9349","1652","11","/Wells_ACH"
"9350","1653","11","/Production"
"9351","1654","11","/outbound/FARMC588_ACH_3"
"9352","1655","11","*"
"9353","1656","11","WellsFargoSFTPtest"
"9354","1657","11","/DATNCOMN/CTLDISB"
"9355","1658","11","/Archive"
"9356","1659","11","SFTPGetFiles"
"9357","1660","11","Wells_Fargo_ACH_4.txt"
"9358","1661","11","resource:share://Controlled Disbursements DATN"
"9359","1662","11","/Wells_ACH"
"9360","1663","11","/Development/U4142LN"
"9361","1664","11","/outbound/FARMC588_ACH_4"
"9362","1665","11","*"
"9363","1666","11","WellsFargoSFTPtest"
"9364","1667","11","/DATNCOMN/CTLDISB"
"9365","1580","11","/Archive"
"9366","1588","11","SFTPGetFiles"
"9367","1581","11","Wells_Previous_Day.txt"
"9368","1583","11","resource:share://Controlled Disbursements DATN"
"9369","1582","11","/BAI_WFB"
"9370","1589","11","/Production"
"9371","1584","11","/outbound/FARMC588_TMDF_6"
"9372","1585","11","*"
"9373","1586","11","WellsFargoSFTPtest"
"9374","1587","11","/DATNCOMN/CTLDISB"
"9375","1590","11","/Archive"
"9376","1598","11","SFTPGetFiles"
"9377","1591","11","Wells_Intra_Day.txt"
"9378","1592","11","resource:share://Controlled Disbursements DATN"
"9379","1593","11","/BAI_WFB"
"9380","1599","11","/Production"
"9381","1594","11","/outbound/FARMC588_TMDF_7"
"9382","1595","11","*"
"9384","1597","11","/DATNCOMN/CTLDISB"
"9385","1570","21","/Archive"
"9386","1579","21","SFTPGetFiles"
"9387","1571","21","JPM_Previous_Day.txt"
"9388","1573","21","resource:share://Controlled Disbursements Build"
"9389","1572","21","/BAI_JPM"
"9390","1578","21","/Development/U4142LN"
"9391","1574","21","/outbound/BAI2"
"9392","1575","21","*"
"9393","1576","21","Chase"
"9394","1577","21","/DATUCOMN/CTLDISB"
"9395","1648","21","/Archive"
"9396","1649","21","SFTPGetFiles"
"9397","1650","21","Wells_Fargo_ACH_3.txt"
"9398","1651","21","resource:share://Controlled Disbursements Build"
"9399","1652","21","/Wells_ACH"
"9400","1653","21","/Development/U4142LN"
"9401","1654","21","/outbound/FARMC588_ACH_3"
"9402","1655","21","*"
"9403","1656","21","WellsFargoSFTP"
"9404","1657","21","/DATUCOMN/CTLDISB"
"9405","1658","21","/Archive"
"9406","1659","21","SFTPGetFiles"
"9407","1660","21","Wells_Fargo_ACH_4.txt"
"9408","1661","21","resource:share://Controlled Disbursements Build"
"9409","1662","21","/Wells_ACH"
"9410","1663","21","/Development/U4142LN"
"9411","1664","21","/outbound/FARMC588_ACH_4"
"9412","1665","21","*"
"9413","1666","21","WellsFargoSFTP"
"9414","1667","21","/DATUCOMN/CTLDISB"
"9415","1580","21","/Archive"
"9416","1588","21","SFTPGetFiles"
"9417","1581","21","Wells_Previous_Day.txt"
"9418","1583","21","resource:share://Controlled Disbursements Build"
"9419","1582","21","/BAI_WFB"
"9420","1589","21","/Development/U4142LN"
"9421","1584","21","/outbound/FARMC588_TMDF_6"
"9422","1585","21","*"
"9423","1586","21","WellsFargoSFTP"
"9424","1587","21","/DATUCOMN/CTLDISB"
"9425","1590","21","/Archive"
"9426","1598","21","SFTPGetFiles"
"9427","1591","21","Wells_Intra_Day.txt"
"9428","1592","21","resource:share://Controlled Disbursements Build"
"9429","1593","21","/BAI_WFB"
"9430","1599","21","/Development/U4142LN"
"9431","1594","21","/outbound/FARMC588_TMDF_7"
"9432","1595","21","*"
"9433","1596","21","WellsFargoSFTP"
"9434","1597","21","/DATUCOMN/CTLDISB"
"9435","1670","23","/Archive"
"9436","1671","23","SFTPGetFiles"
"9437","1672","23","JPM_Previous_Day.txt"
"9438","1673","23","resource:share://Controlled Disbursements"
"9439","1674","23","/BAI_JPM"
"9440","1675","23","/Production"
"9441","1676","23","/outbound/BAI2"
"9442","1677","23","*"
"9443","1678","23","Chase"
"9444","1679","23","/DATCOMN/CTLDISB"
"9445","1680","23","/Archive"
"9446","1681","23","SFTPGetFiles"
"9447","1682","23","Wells_Fargo_ACH_3.txt"
"9448","1683","23","resource:share://Controlled Disbursements"
"9449","1684","23","/Wells_ACH"
"9450","1685","23","/Production"
"9451","1686","23","/outbound/FARMC588_ACH_3"
"9452","1687","23","*"
"9453","1688","23","WellsFargoSFTPtest"
"9454","1689","23","/DATCOMN/CTLDISB"
"9455","1690","23","/Archive"
"9456","1691","23","SFTPGetFiles"
"9457","1692","23","Wells_Previous_Day.txt"
"9458","1693","23","resource:share://Controlled Disbursements"
"9459","1694","23","/BAI_WFB"
"9460","1695","23","/Production"
"9461","1696","23","/outbound/FARMC588_TMDF_6"
"9462","1697","23","*"
"9463","1698","23","WellsFargoSFTPtest"
"9464","1699","23","/DATCOMN/CTLDISB"
"9465","1700","23","/Archive"
"9466","1701","23","SFTPGetFiles"
"9467","1702","23","Wells_Intra_Day.txt"
"9468","1703","23","resource:share://Controlled Disbursements"
"9469","1704","23","/BAI_WFB"
"9470","1705","23","/Production"
"9471","1706","23","/outbound/FARMC588_TMDF_7"
"9472","1707","23","*"
"9473","1708","23","WellsFargoSFTPtest"
"9474","1709","23","/DATCOMN/CTLDISB"
"9475","34","23","PAID"
"9476","1710","23","GetQ2UserReports"
"9477","1714","23","resource:smb://SailPointQ2/"
"9478","1711","23","/PRODUCTION"
"9479","1713","23","Inbound/"
"9480","1712","23","Q2SFTP"
"9481","1715","23","larry.neal@farmcreditbank.com"
"9482","1716","23","larry.neal@farmcreditbank.com"
"9483","1504","20","WellsFargoSFTPtest"
"9484","1485","20","741110170"
"9485","1486","20","FARM CREDIT BANK OF TX"
"9486","47","20","161.231.1.121"
"9487","49","20","unknownpw"
"9488","50","20","inbound/FARMC588_ACH_2/"
"9489","48","20","209840"
"9490","52","11","SSACH"
"9491","1717","23","MaskCSV"
"9492","1718","23","CRHFMUploadQtrly.csv"
"9493","1719","23","CRHFMUpload"
"9494","1720","23","DEV"
"9495","1721","23","DATCOMN.CRHFMRAW"
"9496","1722","23","bendovr1"
"9497","1723","23","/Development/U4142MV"
"9498","1724","23","MaskCSV"
"9499","1725","23","UCSQLFIN"
"9500","965","23","/DATCOMN/Payroll/Archive/"
"9501","966","23","Payroll"
"9502","963","23","/DATCOMN/Payroll/prglta.txt"
"9503","967","23","/Production"
"9504","962","23","prglta.txt"
"9505","964","23","AgFirst"
"9506","752","23","DailyReports"
"9507","753","23","/Development/U4142LN"
"9508","734","23","EOMReports"
"9509","735","23","/Development/U4142LN"
"9510","750","23","RepricingLetters"
"9511","751","23","/Development/U4142LN"
"9512","1726","12","mRDCNachaGet"
"9513","1727","12","AgTexas"
"9514","1728","12","resource:share://Mobile RDC/"
"9515","1729","12","/Production"
"9516","1730","12","AGTXAgTexas*"
"9517","1731","12","Ensenta"
"9518","1732","12","AGTX"
"9519","1733","12","T16"
"9520","1734","12","DEV"
"9521","1735","12","mRDC DATO"
"9522","1736","12","mRDCgetCardinal"
"9523","1737","12","/Production"
"9524","1738","12","OSBETADATO"
"9525","1475","27","mRDCNachaGet                                                                                                                    "
"9526","1473","27","CapitalFarm                                                                                                                     "
"9527","1472","27","CapitalFarm*                                                                                                                    "
"9529","1526","27","mRDCNachaGet                                                                                                                    "
"9530","1527","27","CentralTx                                                                                                                       "
"9531","1529","27","/Development/U4142LN                                                                                                            "
"9532","1530","27","CentralTexas*                                                                                                                   "
"9533","1474","27","resource:share://Mobile RDC DATV/"
"9534","1476","11","/Production"
"9535","1476","27","/Production                                                                                                                     "
"9536","1528","27","resource:share://Mobile RDC DATV/"
"9538","1520","27","mRDCNachaGet                                                                                                                    "
"9539","1521","27","PlainsLand                                                                                                                      "
"9540","1522","27","resource:share://Mobile RDC DATV/"
"9541","1523","27","/Production                                                                                                                     "
"9542","1524","27","PlainsLand*                                                                                                                     "
"9544","1532","27","mRDCNachaGet                                                                                                                    "
"9545","1533","27","TexasFarm                                                                                                                       "
"9546","1534","27","resource:share://Mobile RDC DATV/"
"9547","1535","27","/Production                                                                                                                     "
"9548","1536","27","TexasFarm*                                                                                                                      "
"9550","900","27","10                                                                                                                              "
"9551","837","27","FCBLoanChecks.pgp                                                                                                               "
"9552","901","27","1                                                                                                                               "
"9553","1077","27","Y                                                                                                                               "
"9554","1078","27","AGRILINEER                                                                                                                      "
"9555","823","27","Money4Nothing                                                                                                                   "
"9556","895","27","/outbound/CSH01/                                                                                                                "
"9557","842","27","GET                                                                                                                             "
"9558","843","27","oh00511a.txt                                                                                                                    "
"9559","855","27","180                                                                                                                             "
"9560","844","27","oh00511a.pgp                                                                                                                    "
"9561","851","27","SFTP Process with PGP                                                                                                           "
"9562","846","27","/DATVCOMN/AP_ClearedChecks/oh00511a.txt"
"9563","854","27","2                                                                                                                               "
"9564","847","27","Money4Nothing                                                                                                                   "
"9565","852","27","/Production                                                                                                                     "
"9566","896","27","/outbound/ARP01/                                                                                                                "
"9567","848","27","oh00511.pgp                                                                                                                     "
"9568","849","27","ChaseAPTest                                                                                                                     "
"9569","867","27","PUT                                                                                                                             "
"9570","868","27","APPositivePay.pgp                                                                                                               "
"9571","869","27","0x4F967C7CD7BF5B7A                                                                                                              "
"9572","870","27","SFTP Process with PGP                                                                                                           "
"9573","871","27","/DATVCOMN/AP_ClearedChecks/APPositivePay.txt"
"9574","872","27","Money4Nothing                                                                                                                   "
"9575","873","27","/Production                                                                                                                     "
"9576","874","27","/ARP01/APPositivePay.pgp                                                                                                        "
"9577","875","27","ChaseAPTest                                                                                                                     "
"9578","876","27","0xD51101C1B6C2DA53                                                                                                              "
"9579","1570","27","/Archive                                                                                                                        "
"9580","1579","27","SFTPGetFiles                                                                                                                    "
"9581","1571","27","JPM_Previous_Day.txt                                                                                                            "
"9582","1573","27","resource:share://Controlled Disbursements DATN                                                                                  "
"9583","1572","27","/BAI_JPM                                                                                                                        "
"9584","1578","27","/Production                                                                                                                     "
"9585","1574","27","/outbound/BAI2                                                                                                                  "
"9586","1575","27","*                                                                                                                               "
"9587","1577","27","/DATNCOMN/CTLDISB                                                                                                               "
"9588","1648","27","/Archive                                                                                                                        "
"9589","1649","27","SFTPGetFiles                                                                                                                    "
"9590","1650","27","Wells_Fargo_ACH_3.txt                                                                                                           "
"9591","1576","11","ChaseTest"
"9592","1576","27","ChaseTest                                                                                                                       "
"9593","1651","27","resource:share://Controlled Disbursements DATN                                                                                  "
"9594","1652","27","/Wells_ACH                                                                                                                      "
"9595","1653","27","/Production                                                                                                                     "
"9596","1654","27","/outbound/FARMC588_ACH_3                                                                                                        "
"9597","1655","27","*                                                                                                                               "
"9598","1656","27","WellsFargoSFTPtest                                                                                                              "
"9599","1657","27","/DATVCOMN/CTLDISB"
"9600","1658","27","/Archive                                                                                                                        "
"9601","1659","27","SFTPGetFiles                                                                                                                    "
"9602","1660","27","Wells_Fargo_ACH_4.txt                                                                                                           "
"9603","1661","27","resource:share://Controlled Disbursements DATN                                                                                  "
"9604","1662","27","/Wells_ACH                                                                                                                      "
"9605","1663","27","/Development/U4142LN                                                                                                            "
"9606","1664","27","/outbound/FARMC588_ACH_4                                                                                                        "
"9607","1665","27","*                                                                                                                               "
"9608","1666","27","WellsFargoSFTPtest                                                                                                              "
"9609","1667","27","/DATVCOMN/CTLDISB"
"9610","1580","27","/Archive                                                                                                                        "
"9611","1588","27","SFTPGetFiles                                                                                                                    "
"9612","1581","27","Wells_Previous_Day.txt                                                                                                          "
"9613","1583","27","resource:share://Controlled Disbursements DATN                                                                                  "
"9614","1582","27","/BAI_WFB                                                                                                                        "
"9615","1589","27","/Production                                                                                                                     "
"9616","1584","27","/outbound/FARMC588_TMDF_6                                                                                                       "
"9617","1585","27","*                                                                                                                               "
"9618","1586","27","WellsFargoSFTPtest                                                                                                              "
"9619","1587","27","/DATVCOMN/CTLDISB"
"9620","1590","27","/Archive                                                                                                                        "
"9621","1598","27","SFTPGetFiles                                                                                                                    "
"9622","1591","27","Wells_Intra_Day.txt                                                                                                             "
"9623","1592","27","resource:share://Controlled Disbursements DATN                                                                                  "
"9624","1593","27","/BAI_WFB                                                                                                                        "
"9625","1599","27","/Production                                                                                                                     "
"9626","1594","27","/outbound/FARMC588_TMDF_7                                                                                                       "
"9627","1595","27","*                                                                                                                               "
"9628","1597","27","/DATVCOMN/CTLDISB"
"9629","952","27","FRB Services ABA Download                                                                                                       "
"9630","949","27","DATVCOMN"
"9631","951","27","/Production                                                                                                                     "
"9632","1514","27","InfoImage Send Files                                                                                                            "
"9633","1515","27","InfoImageDATV"
"9634","1516","27","/Production                                                                                                                     "
"9635","1517","27","/test                                                                                                                           "
"9636","1518","27","InfoImageTest                                                                                                                   "
"9637","1519","27","*fcbt_acct*                                                                                                                     "
"9638","1435","27","/DATVCOMN/LN_FH/"
"9639","1436","27","resource:share://PayPilotDATV/PositivePay/"
"9640","1437","27","/ARP02/                                                                                                                         "
"9641","1441","27","0x4F967C7CD7BF5B7A                                                                                                              "
"9642","1431","27","LnFHPositivePay.txt                                                                                                             "
"9643","1433","27","oh00542.txt                                                                                                                     "
"9644","1432","27","jppospay.txt                                                                                                                    "
"9645","1434","27","oh00542.pgp                                                                                                                     "
"9646","1430","27","LNFHPosPayCombined                                                                                                              "
"9647","1438","27","Money4Nothing                                                                                                                   "
"9648","1429","27","/Production                                                                                                                     "
"9649","1439","27","ChaseTest                                                                                                                       "
"9650","1440","27","0xC0541E23CB22C23E                                                                                                              "
"9651","554","27","SFTP Process                                                                                                                    "
"9652","555","27","/DATVCOMN/MinnMut/Incoming.txt"
"9653","1461","27","NACHA_LIQ                                                                                                                       "
"9654","1462","27","resource:share://ACH DATV/"
"9655","1463","27","_NACHA_LIQ_Regular.txt                                                                                                          "
"9656","1464","27","/Production                                                                                                                     "
"9657","1465","27","inbound/FARMC588_ACH_1/                                                                                                         "
"9658","1466","27","NACHA_LIQ.txt                                                                                                                   "
"9659","1467","27","WellsFargoSFTPtest                                                                                                              "
"9660","1468","27","*NACHA_LIQ_Regular*                                                                                                             "
"9661","1469","27","*NACHA_LIQ_Regular_Empty*                                                                                                       "
"9662","1427","27","NACHA_LIQ                                                                                                                       "
"9663","1421","27","resource:share://ACH DATV/"
"9664","1425","27","_NACHA_LIQ_SameDay.txt                                                                                                          "
"9665","1428","27","/Production                                                                                                                     "
"9666","1423","27","inbound/FARMC588_ACH_1/                                                                                                         "
"9667","1424","27","NACHA_LIQ.txt                                                                                                                   "
"9668","1420","27","WellsFargoSFTPtest                                                                                                              "
"9669","1422","27","*NACHA_LIQ_SameDay*                                                                                                             "
"9670","1426","27","*NACHA_LIQ_SameDay_Empty*                                                                                                       "
"9671","1052","27","GET                                                                                                                             "
"9672","1053","27","WellsFargo Test                                                                                                                 "
"9673","1054","27","GET                                                                                                                             "
"9674","1055","27","WellsFargo Test                                                                                                                 "
"9675","1481","27","CAFC                                                                                                                            "
"9676","1483","27","T30                                                                                                                             "
"9677","1480","27","DEV                                                                                                                             "
"9678","1479","27","mRDC DATV"
"9679","1477","27","mRDCgetCardinal                                                                                                                 "
"9680","1478","27","/Production                                                                                                                     "
"9681","1482","27","OSBETADATV"
"9682","1538","27","CTFC                                                                                                                            "
"9683","1539","27","T47                                                                                                                             "
"9684","1540","27","DEV                                                                                                                             "
"9685","1541","27","mRDC DATV"
"9686","1542","27","mRDCgetCardinal                                                                                                                 "
"9687","1543","27","/Production                                                                                                                     "
"9688","1544","27","OSBETADATV"
"9689","1545","27","PLBA                                                                                                                            "
"9690","1546","27","S01                                                                                                                             "
"9691","1547","27","DEV                                                                                                                             "
"9692","1548","27","mRDC DATV"
"9693","1549","27","mRDCgetCardinal                                                                                                                 "
"9694","1550","27","/Production                                                                                                                     "
"9695","1551","27","OSBETADATV"
"9696","1552","27","TXFC                                                                                                                            "
"9697","1553","27","T08                                                                                                                             "
"9698","1554","27","DEV                                                                                                                             "
"9699","1555","27","mRDC DATV"
"9700","1556","27","mRDCgetCardinal                                                                                                                 "
"9701","1557","27","/Production                                                                                                                     "
"9702","1558","27","OSBETADATV"
"9703","1327","27","GFXProcess                                                                                                                      "
"9704","1328","27","/GFX/farmcreditpost.txt                                                                                                         "
"9705","1329","27","/farmcreditpost.txt                                                                                                             "
"9706","1330","27","/Production                                                                                                                     "
"9707","1331","27","GFXProdTEST                                                                                                                     "
"9708","1560","27","SailPointGFXtest                                                                                                                "
"9709","126","11","AGRILINE                                                                                                                        "
"9710","36","11","AGSWEEP                                                                                                                         "
"9711","63","11","AGSWEEP                                                                                                                         "
"9712","27","11","AGSWEEP                                                                                                                         "
"9713","39","11","AGSWEEP                                                                                                                         "
"9714","40","11","AGSWEEP                                                                                                                         "
"9715","28","11","AGSWEEP                                                                                                                         "
"9716","29","11","AGSWEEP                                                                                                                         "
"9717","30","11","AGSWEEP                                                                                                                         "
"9718","31","11","AGSWEEP                                                                                                                         "
"9719","32","11","AGSWEEP                                                                                                                         "
"9720","51","11","AGSWEEP                                                                                                                         "
"9721","37","11","SSACH                                                                                                                           "
"9722","45","11","SSACH                                                                                                                           "
"9723","46","11","SSACH                                                                                                                           "
"9724","1029","27","dev@farmcreditbank.com                                                                                                          "
"9725","1033","27","SendSimpleEmail                                                                                                                 "
"9726","1034","27","Development/U4142LN                                                                                                             "
"9727","1031","27","iseries data change                                                                                                             "
"9728","1032","27","develop.farmcreditbank.com                                                                                                      "
"9729","1030","27","larry.neal@farmcreditbank.com                                                                                                   "
"9730","1056","27","/test/olas                                                                                                                      "
"9731","1059","27","/test/tax                                                                                                                       "
"9732","197","27","150                                                                                                                             "
"9733","961","23","/DATCOMN/Payroll/Archive/"
"9734","957","23","Payroll"
"9735","960","23","/DATCOMN/Payroll/prglee.txt"
"9736","956","23","/Production"
"9737","959","23","prglee.txt"
"9738","958","23","AgFirst"
"9739","973","23","/DATCOMN/Payroll/Archive/"
"9740","968","23","Payroll"
"9741","971","23","/DATCOMN/Payroll/prgler.txt"
"9742","969","23","/Production"
"9743","970","23","prgler.txt"
"9744","972","23","AgFirst"
"9745","979","23","/DATCOMN/Payroll/Archive/"
"9746","974","23","Payroll"
"9747","977","23","/DATCOMN/Payroll/prglhc.txt"
"9748","975","23","/Production"
"9749","976","23","prglhc.txt"
"9750","978","23","AgFirst"
"9751","1505","12","Archive/"
"9752","1451","12","AgrilinePlusSendFiles"
"9753","1454","12","CheckOrder.txt"
"9754","1455","12","resource:share://AgrilineFilesDATO/"
"9755","1452","12","/Production"
"9756","1456","12","/"
"9757","1457","12","FARM_CREDIT_CHK_CheckOrderTest.txt"
"9758","1458","12","DeluxeTest"
"9759","1098","12","resource:share://AgrilineFilesDATO/Archive/"
"9760","1448","12","AgrilinePlusCheckImage                                                                                                          "
"9761","1449","12","/Production                                                                                                                     "
"9762","1095","12","/outbound/FARMC588_IFI_2/                                                                                                       "
"9763","1096","12","*                                                                                                                               "
"9764","1097","12","WellsFargoSFTPtest                                                                                                              "
"9765","1111","12","Archive/                                                                                                                        "
"9766","1442","12","AgrilinePlusGetFiles                                                                                                            "
"9767","1107","12","PDB_bai.txt                                                                                                                     "
"9768","1106","12","resource:share://AgrilineFilesDATO/"
"9769","1443","12","/Production                                                                                                                     "
"9770","1110","12","/outbound/FARMC588_TMDF_4                                                                                                       "
"9771","1108","12","*                                                                                                                               "
"9772","1109","12","WellsFargoSFTPtest                                                                                                              "
"9773","1513","12","/DATOCOMN/Agriline+/PDB"
"9774","1090","12","Archive/                                                                                                                        "
"9775","1459","12","AgrilinePlusSendFiles                                                                                                           "
"9776","1086","12","Suspect.txt                                                                                                                     "
"9777","1092","12","resource:share://AgrilineFilesDATO/"
"9778","1460","12","/Production                                                                                                                     "
"9779","1089","12","/inbound/FARMC588_ARPP_1/"
"9780","1087","12","Suspect.txt                                                                                                                     "
"9781","1088","12","WellsFargoSFTPtest                                                                                                              "
"9782","1118","12","Archive/                                                                                                                        "
"9783","1445","12","AgrilinePlusGetFiles                                                                                                            "
"9784","1114","12","TPD_bai.txt                                                                                                                     "
"9785","1446","12","resource:share://AgrilineFilesDATO/"
"9786","1447","12","/Production                                                                                                                     "
"9787","1117","12","/outbound/FARMC588_TMDF_3                                                                                                       "
"9788","1115","12","*                                                                                                                               "
"9789","1116","12","WellsFargoSFTPtest                                                                                                              "
"9790","1119","12","/DATNCOMN/Agriline+/TPD                                                                                                         "
"9791","1739","20","NACHA_CARD"
"9792","1740","20","resource:smb://Nacha Prod/"
"9793","1741","20","NACHA_CARD.txt"
"9794","1742","20","/Production"
"9795","1743","20","inbound/FARMC588_ACH_1/"
"9796","1744","20","NACHA_CARD.txt"
"9797","1745","20","WellsFargoSFTPtest"
"9798","1739","23","NACHA_CARD"
"9799","1741","23","NACHA_CARD.TXT"
"9800","1745","23","WellsFargoSFTPtest"
"9801","1742","23","/PRODUCTION"
"9802","1743","23","INBOUND/FARMC588_ACH_1/"
"9803","1740","23","RESOURCE:SMB://NACHA TEST/"
"9804","1744","23","NACHA_CARD.TXT"
"9805","1746","23","TPG_DevArchive"
"9806","1747","23","/debtextract.csv"
"9807","1748","23","TPG_DebtExtract"
"9808","1749","23","DEV"
"9809","1750","23","U4142MV.CRTPGDBRAW"
"9810","1751","23","bendovr1"
"9811","1752","23","/Development/U4142MV"
"9812","1753","23","TPG_Prod"
"9813","1754","23","UCSQLFIN"
"9814","1458","11","DeluxeTest"
"9815","1098","10","resource:share://AgrilineFilesDATI/Archive/"
"9816","1448","10","AgrilinePlusCheckImage                                                                                                          "
"9817","1449","10","/Production                                                                                                                     "
"9818","1095","10","/outbound/FARMC588_IFI_2/                                                                                                       "
"9819","1096","10","*                                                                                                                               "
"9820","1097","10","WellsFargoSFTPtest                                                                                                              "
"9821","1505","10","Archive/                                                                                                                        "
"9822","1451","10","AgrilinePlusSendFiles                                                                                                           "
"9823","1454","10","CheckOrder.txt                                                                                                                  "
"9824","1455","10","resource:share://AgrilineFilesDATI/"
"9825","1452","10","/Development/U4142LN                                                                                                            "
"9826","1456","10","/                                                                                                                               "
"9827","1457","10","FARM_CREDIT_CHK_CheckOrder.txt                                                                                                  "
"9828","1458","10","DeluxeTest                                                                                                                      "
"9829","1111","10","Archive/                                                                                                                        "
"9830","1442","10","AgrilinePlusGetFiles                                                                                                            "
"9831","1107","10","PDB_bai.txt                                                                                                                     "
"9832","1106","10","resource:share://AgrilineFilesDATI/"
"9833","1443","10","/Production                                                                                                                     "
"9834","1110","10","/outbound/FARMC588_TMDF_4                                                                                                       "
"9835","1108","10","*                                                                                                                               "
"9836","1109","10","WellsFargoSFTPtest                                                                                                              "
"9837","1513","10","/DATNCOMN/Agriline+/PDB                                                                                                         "
"9838","1090","10","Archive/                                                                                                                        "
"9839","1459","10","AgrilinePlusSendFiles                                                                                                           "
"9840","1086","10","Suspect.txt                                                                                                                     "
"9841","1092","10","resource:share://AgrilineFilesDATI/"
"9842","1460","10","/Development/U4142LN                                                                                                            "
"9843","1089","10","inbound/FARMC588_ARPP_1/                                                                                                        "
"9844","1087","10","Suspect.txt                                                                                                                     "
"9845","1088","10","WellsFargoSFTPtest                                                                                                              "
"9846","1118","10","Archive/                                                                                                                        "
"9847","1445","10","AgrilinePlusGetFiles                                                                                                            "
"9848","1114","10","TPD_bai.txt                                                                                                                     "
"9849","1446","10","resource:share://AgrilineFilesDATI/"
"9850","1447","10","/Production                                                                                                                     "
"9851","1117","10","/outbound/FARMC588_TMDF_3                                                                                                       "
"9852","1115","10","*                                                                                                                               "
"9853","1116","10","WellsFargoSFTPtest                                                                                                              "
"9854","1119","10","/DATNCOMN/Agriline+/TPD                                                                                                         "
"9855","797","12","/Production"
"9856","796","12","CopyToIFS"
"9857","1755","21","InfoImage Send Files"
"9858","1756","21","InfoImageDATU"
"9859","1757","21","/Production"
"9860","1758","21","/test"
"9861","1759","21","InfoImage"
"9862","1760","21","*cif*"
"9863","1755","11","InfoImage Send Files"
"9864","1756","11","InfoImageDATN"
"9865","1757","11","/Production"
"9866","1758","11","/cif"
"9867","1759","11","InfoImage"
"9868","1760","11","*cif*"
"9869","1484","11","SSNACHA"
"9870","1504","11","Test Resource"
"9871","1485","11","741110170"
"9872","1486","11","FARM CREDIT BANK OF TX"
"9873","1761","13","LoanIQgenDATX"
"9874","783","12","TAXESSENT"
"9875","782","12","TAXESSENT"
"9876","784","12","PGP"
"9877","785","12","NONE"
"9878","786","12","IRS Tax File"
"9879","918","12","Default Key Ring"
"9880","788","12","SFTP PGP Put InfoImage Zip Files"
"9881","921","12","/Production"
"9882","917","12","0x31FDE0027AD02335"
"9883","1059","12","/test/tax"
"9884","789","12","InfoImage"
"9885","790","12","/DATOCOMN/TAX"
"9886","793","12","USE PGM PARM"
"9887","792","12","NONE"
"9888","1327","12","GFXProcess"
"9889","1328","12","/GFX/farmcreditpost.txt"
"9890","1329","12","/farmcreditpost.txt"
"9891","1330","12","/Production"
"9892","1331","12","GFXtest"
"9893","1560","12","SailPointGFXtest"
"9894","922","23","/DATCOMN/Patronage/FCBPatronageChecks"
"9895","923","23","FCBT_patronage"
"9896","621","23","0x31FDE0027AD02335"
"9897","616","23","SFTP PGP Put InfoImage Checks"
"9898","924","23","/DATCOMN/Patronage/FCBPatronageChecks"
"9899","1058","23","/test"
"9900","926","23","FCBT_patronage"
"9901","913","23","InfoImage"
"9902","925","23","FCBT_patronage"
"9903","617","23","/Production"
"9904","1762","12","NACHA_LIQ"
"9905","1763","12","resource:share://NACHA Test_DATO/"
"9906","1764","12","AgBanking_NACHA_LIQ_Regular.txt"
"9907","1765","12","/Development/U4142MV"
"9908","1766","12","inbound/FARMC588_ACH_7/"
"9909","1767","12","NACHA_LIQ.txt"
"9910","1768","12","WellsFargoSFTPtest"
"9911","1769","12","*AgBanking_NACHA_LIQ_Regular*"
"9912","1770","12","*AgBanking_NACHA_LIQ_Regular_Empty*"
"9913","1771","12","NACHA_LIQ"
"9914","1772","12","resource:share://NACHA Test_DATO/"
"9915","1773","12","AgSweep_NACHA_LIQ_Regular.txt"
"9916","1774","12","/Development/U4142MV"
"9917","1775","12","inbound/FARMC588_ACH_2/"
"9918","1776","12","NACHA_LIQ.txt"
"9919","1777","12","WellsFargoSFTPtest"
"9920","1778","12","*AgSweep_NACHA_LIQ_Regular*"
"9921","1779","12","*AgSweep_NACHA_LIQ_Regular_Empty*"
"9922","1780","12","NACHA_LIQ"
"9923","1781","12","resource:share://NACHA Test_DATO/"
"9924","1782","12","FastCash_NACHA_LIQ_Regular.txt"
"9925","1783","12","/Development/U4142MV"
"9926","1784","12","inbound/FARMC588_ACH_8/"
"9927","1785","12","NACHA_LIQ.txt"
"9928","1786","12","WellsFargoSFTPtest"
"9929","1787","12","*FastCash_NACHA_LIQ_Regular*"
"9930","1788","12","*FastCash_NACHA_LIQ_Regular_Empty*"
"9931","1789","12","NACHA_LIQ"
"9932","1790","12","resource:share://NACHA Test_DATO/"
"9933","1791","12","AgBanking_NACHA_LIQ_SameDay.txt"
"9934","1792","12","/Development/U4142MV"
"9935","1793","12","inbound/FARMC588_ACH_7/"
"9936","1794","12","NACHA_LIQ.txt"
"9937","1795","12","WellsFargoSFTPtest"
"9938","1796","12","*AgBanking_NACHA_LIQ_SameDay*"
"9939","1797","12","*AgBanking_NACHA_LIQ_SameDay_Empty*"
"9940","1798","12","NACHA_LIQ"
"9941","1799","12","resource:share://NACHA Test_DATO/"
"9942","1800","12","FastCash_NACHA_LIQ_SameDay.txt"
"9943","1801","12","/Development/U4142MV"
"9944","1802","12","inbound/FARMC588_ACH_8/"
"9945","1803","12","NACHA_LIQ.txt"
"9946","1804","12","WellsFargoSFTPtest"
"9947","1805","12","*FastCash_NACHA_LIQ_SameDay*"
"9948","1806","12","*FastCash_NACHA_LIQ_SameDay_Empty*"
"9949","1807","12","NACHA_LIQ"
"9950","1808","12","resource:share://NACHA Test_DATO/"
"9951","1809","12","PAID_NACHA_LIQ_SameDay.txt"
"9952","1810","12","/Development/U4142MV"
"9953","1811","12","inbound/FARMC588_ACH_9/"
"9954","1812","12","NACHA_LIQ.txt"
"9955","1813","12","WellsFargoSFTPtest"
"9956","1814","12","*PAID_NACHA_LIQ_SameDay*"
"9957","1815","12","*PAID_NACHA_LIQ_SameDay_Empty*"
"9958","1762","27","NACHA_LIQ"
"9959","1763","27","resource:share://NACHA Test_DATV/"
"9960","1764","27","AgBanking_NACHA_LIQ_Regular.txt"
"9961","1765","27","/Development/U4142MV"
"9962","1766","27","inbound/FARMC588_ACH_7/"
"9963","1767","27","NACHA_LIQ.txt"
"9964","1768","27","WellsFargoSFTPtest"
"9965","1769","27","*AgBanking_NACHA_LIQ_Regular*"
"9966","1770","27","*AgBanking_NACHA_LIQ_Regular_Empty*"
"9967","1789","27","NACHA_LIQ"
"9968","1790","27","resource:share://NACHA Test_DATV/"
"9969","1791","27","AgBanking_NACHA_LIQ_SameDay.txt"
"9970","1792","27","/Development/U4142MV"
"9971","1793","27","inbound/FARMC588_ACH_7/"
"9972","1794","27","NACHA_LIQ.txt"
"9973","1795","27","WellsFargoSFTPtest"
"9974","1796","27","*AgBanking_NACHA_LIQ_SameDay*"
"9975","1797","27","*AgBanking_NACHA_LIQ_SameDay_Empty*"
"9976","1771","27","NACHA_LIQ"
"9977","1772","27","resource:share://NACHA Test_DATV/"
"9978","1773","27","AgSweep_NACHA_LIQ_Regular.txt"
"9979","1774","27","/Development/U4142MV"
"9980","1775","27","inbound/FARMC588_ACH_2/"
"9981","1776","27","NACHA_LIQ.txt"
"9982","1777","27","WellsFargoSFTPtest"
"9983","1778","27","*AgSweep_NACHA_LIQ_Regular*"
"9984","1779","27","*AgSweep_NACHA_LIQ_Regular_Empty*"
"9985","1780","27","NACHA_LIQ"
"9986","1781","27","resource:share://NACHA Test_DATV/"
"9987","1782","27","FastCash_NACHA_LIQ_Regular.txt"
"9988","1783","27","/Development/U4142MV"
"9989","1784","27","inbound/FARMC588_ACH_8/"
"9990","1785","27","NACHA_LIQ.txt"
"9991","1786","27","WellsFargoSFTPtest"
"9992","1787","27","*FastCash_NACHA_LIQ_Regular*"
"9993","1788","27","*FastCash_NACHA_LIQ_Regular_Empty*"
"9994","1798","27","NACHA_LIQ"
"9995","1799","27","resource:share://NACHA Test_DATV/"
"9996","1800","27","FastCash_NACHA_LIQ_SameDay.txt"
"9997","1801","27","/Development/U4142MV"
"9998","1802","27","inbound/FARMC588_ACH_8/"
"9999","1803","27","NACHA_LIQ.txt"
"10000","1804","27","WellsFargoSFTPtest"
"10001","1805","27","*FastCash_NACHA_LIQ_SameDay*"
"10002","1806","27","*FastCash_NACHA_LIQ_SameDay_Empty*"
"10003","1807","27","NACHA_LIQ"
"10004","1808","27","resource:share://NACHA Test_DATV/"
"10005","1809","27","PAID_NACHA_LIQ_SameDay.txt"
"10006","1810","27","/Development/U4142MV"
"10007","1811","27","inbound/FARMC588_ACH_9/"
"10008","1812","27","NACHA_LIQ.txt"
"10009","1813","27","WellsFargoSFTPtest"
"10010","1814","27","*PAID_NACHA_LIQ_SameDay*"
"10011","1815","27","*PAID_NACHA_LIQ_SameDay_Empty*"
"10022","1826","11","BIBETADATN"
"10023","1827","23","outbound/FARMC588_ACH_11/"
"10024","1828","23","*AgBanking.TXT"
"10025","1829","23","NACHA_Returns"
"10026","1830","23","resource:smb://NACHAReturn/"
"10027","1831","23","/Production"
"10028","1832","23","Wells Fargo SFTP"
"10029","1833","23","outbound/FARMC588_ACH_12/"
"10030","1834","23","*FastCash.TXT"
"10031","1835","23","NACHA_Returns"
"10032","1836","23","resource:smb://NACHAReturn/"
"10033","1837","23","/Production"
"10034","1838","23","Wells Fargo SFTP"
"10035","1839","23","outbound/FARMC588_ACH_13/"
"10036","1840","23","*Paid.TXT"
"10037","1841","23","NACHA_Returns"
"10038","1842","23","resource:smb://NACHAReturn/"
"10039","1843","23","/Production"
"10040","1844","23","Wells Fargo SFTP"
"10041","1845","23","outbound/FARMC588_ACH_??/"
"10042","1846","23","*Bushel???.TXT"
"10043","1847","23","NACHA_Returns"
"10044","1848","23","resource:smb://NACHAReturn/"
"10045","1849","23","/Production"
"10046","1850","23","Wells Fargo SFTP"
"10047","1826","10","BIBETADATI"
"10048","1826","20","BIBETADATM"
"10049","1826","12","BIBETADATO"
"10050","1826","21","BIBLDDATU"
"10051","1826","27","BIBLDDATV"
"10052","1826","13","BIBETADATX"
"10053","1832","11","Wells Fargo SFTP"
"10054","1831","11","/Development/U4142LN"
"10055","1830","11","resource:smb://NACHAReturn/"
"10056","1828","11","*AgBanking.TXT"
"10057","1827","11","/outbound/FARMC588_ACH_11"
"10058","1829","11","NACHA_Returns"
"10059","1833","11","/outbound/FARMC588_ACH_12/"
"10060","1834","11","*FastCash.TXT"
"10061","1835","11","NACHA_Returns"
"10062","1836","11","resource:smb://NACHAReturn/"
"10063","1838","11","Wells Fargo SFTP"
"10064","1837","11","/Development/U4142LN"
"10065","1839","11","/outbound/FARMC588_ACH_13/"
"10066","1840","11","*Paid.TXT"
"10067","1841","11","NACHA_Returns"
"10068","1842","11","resource:smb://NACHAReturn/"
"10069","1843","11","/Development/U4142LN"
"10070","1844","11","Wells Fargo SFTP"
"10071","1762","11","NACHA_LIQ"
"10072","1763","11","resource:share://NACHA Test_DATN/"
"10073","1764","11","AgBanking_NACHA_LIQ_Regular.txt"
"10074","1765","11","/Development/U4142MV"
"10075","1766","11","inbound/FARMC588_ACH_7/"
"10076","1767","11","NACHA_LIQ.txt"
"10077","1768","11","WellsFargoSFTPtest"
"10078","1769","11","*AgBanking_NACHA_LIQ_Regular*"
"10079","1770","11","*AgBanking_NACHA_LIQ_Regular_Empty*"
"10080","1789","11","NACHA_LIQ"
"10081","1790","11","resource:share://NACHA Test_DATN/"
"10082","1791","11","AgBanking_NACHA_LIQ_SameDay.txt"
"10083","1792","11","/Development/U4142MV"
"10084","1793","11","inbound/FARMC588_ACH_7/"
"10085","1794","11","NACHA_LIQ.txt"
"10086","1795","11","WellsFargoSFTPtest"
"10087","1796","11","*AgBanking_NACHA_LIQ_SameDay*"
"10088","1797","11","*AgBanking_NACHA_LIQ_SameDay_Empty*"
"10089","1771","11","NACHA_LIQ"
"10090","1772","11","resource:share://NACHA Test_DATN/"
"10091","1773","11","AgSweep_NACHA_LIQ_Regular.txt"
"10092","1774","11","/Development/U4142MV"
"10093","1775","11","inbound/FARMC588_ACH_2/"
"10094","1776","11","NACHA_LIQ.txt"
"10095","1777","11","WellsFargoSFTPtest"
"10096","1778","11","*AgSweep_NACHA_LIQ_Regular*"
"10097","1779","11","*AgSweep_NACHA_LIQ_Regular_Empty*"
"10098","1780","11","NACHA_LIQ"
"10099","1781","11","resource:share://NACHA Test_DATN/"
"10100","1782","11","FastCash_NACHA_LIQ_Regular.txt"
"10101","1783","11","/Development/U4142MV"
"10102","1784","11","inbound/FARMC588_ACH_8/"
"10103","1785","11","NACHA_LIQ.txt"
"10104","1786","11","WellsFargoSFTPtest"
"10105","1787","11","*FastCash_NACHA_LIQ_Regular*"
"10106","1788","11","*FastCash_NACHA_LIQ_Regular_Empty*"
"10107","1798","11","NACHA_LIQ"
"10108","1799","11","resource:share://NACHA Test_DATN/"
"10109","1800","11","FastCash_NACHA_LIQ_SameDay.txt"
"10110","1801","11","/Development/U4142MV"
"10111","1802","11","inbound/FARMC588_ACH_8/"
"10112","1803","11","NACHA_LIQ.txt"
"10113","1804","11","WellsFargoSFTPtest"
"10114","1806","11","*FastCash_NACHA_LIQ_SameDay_Empty*"
"10115","1805","11","*FastCash_NACHA_LIQ_SameDay*"
"10116","1807","11","NACHA_LIQ"
"10117","1808","11","resource:share://NACHA Test_DATN/"
"10118","1809","11","PAID_NACHA_LIQ_SameDay.txt"
"10119","1810","11","/Development/U4142MV"
"10120","1811","11","inbound/FARMC588_ACH_9/"
"10121","1812","11","NACHA_LIQ.txt"
"10122","1813","11","WellsFargoSFTPtest"
"10123","1814","11","*PAID_NACHA_LIQ_SameDay*"
"10124","1815","11","*PAID_NACHA_LIQ_SameDay_Empty*"
"10125","1762","10","NACHA_LIQ"
"10126","1763","10","resource:share://NACHA Test_DATI/"
"10127","1764","10","AgBanking_NACHA_LIQ_Regular.txt"
"10128","1765","10","/Development/U4142MV"
"10129","1766","10","inbound/FARMC588_ACH_7/"
"10130","1767","10","NACHA_LIQ.txt"
"10131","1768","10","WellsFargoSFTPtest"
"10132","1769","10","*AgBanking_NACHA_LIQ_Regular*"
"10133","1770","10","*AgBanking_NACHA_LIQ_Regular_Empty*"
"10134","1789","10","NACHA_LIQ"
"10135","1790","10","resource:share://NACHA Test_DATI/"
"10136","1791","10","AgBanking_NACHA_LIQ_SameDay.txt"
"10137","1792","10","/Development/U4142MV"
"10138","1793","10","inbound/FARMC588_ACH_7/"
"10139","1794","10","NACHA_LIQ.txt"
"10140","1795","10","WellsFargoSFTPtest"
"10141","1796","10","*AgBanking_NACHA_LIQ_SameDay*"
"10142","1797","10","*AgBanking_NACHA_LIQ_SameDay_Empty*"
"10143","1771","10","NACHA_LIQ"
"10144","1772","10","resource:share://NACHA Test_DATI/"
"10145","1773","10","AgSweep_NACHA_LIQ_Regular.txt"
"10146","1774","10","/Development/U4142MV"
"10147","1775","10","inbound/FARMC588_ACH_2/"
"10148","1776","10","NACHA_LIQ.txt"
"10149","1777","10","WellsFargoSFTPtest"
"10150","1778","10","*AgSweep_NACHA_LIQ_Regular*"
"10151","1779","10","*AgSweep_NACHA_LIQ_Regular_Empty*"
"10152","1780","10","NACHA_LIQ"
"10153","1781","10","resource:share://NACHA Test_DATI/"
"10154","1782","10","FastCash_NACHA_LIQ_Regular.txt"
"10155","1783","10","/Development/U4142MV"
"10156","1785","10","NACHA_LIQ.txt"
"10157","1786","10","WellsFargoSFTPtest"
"10158","1787","10","*FastCash_NACHA_LIQ_Regular*"
"10159","1788","10","*FastCash_NACHA_LIQ_Regular_Empty*"
"10160","1784","10","inbound/FARMC588_ACH_8/"
"10161","1798","10","NACHA_LIQ"
"10162","1799","10","resource:share://NACHA Test_DATI/"
"10163","1800","10","FastCash_NACHA_LIQ_SameDay.txt"
"10164","1801","10","/Development/U4142MV"
"10165","1802","10","inbound/FARMC588_ACH_8/"
"10166","1803","10","NACHA_LIQ.txt"
"10167","1804","10","WellsFargoSFTPtest"
"10168","1805","10","*FastCash_NACHA_LIQ_SameDay*"
"10169","1806","10","*FastCash_NACHA_LIQ_SameDay_Empty*"
"10170","1807","10","NACHA_LIQ"
"10171","1808","10","resource:share://NACHA Test_DATI/"
"10172","1809","10","PAID_NACHA_LIQ_SameDay.txt"
"10173","1810","10","/Development/U4142MV"
"10174","1811","10","inbound/FARMC588_ACH_9/"
"10175","1812","10","NACHA_LIQ.txt"
"10176","1813","10","WellsFargoSFTPtest"
"10177","1814","10","*PAID_NACHA_LIQ_SameDay*"
"10178","1815","10","*PAID_NACHA_LIQ_SameDay_Empty*"
"10179","1827","12","/outbound/FARMC588_ACH_11"
"10180","1828","12","*AgBanking.TXT"
"10181","1829","12","NACHA_Returns"
"10182","1830","12","resource:smb://NACHAReturnDATO/"
"10183","1831","12","/Development/U4142LN"
"10184","1832","12","Wells Fargo SFTP"
"10185","1833","12","/outbound/FARMC588_ACH_12/"
"10186","1834","12","*FastCash.TXT"
"10187","1835","12","NACHA_Returns"
"10188","1836","12","resource:smb://NACHAReturnDATO/"
"10189","1837","12","/Development/U4142LN"
"10190","1838","12","Wells Fargo SFTP"
"10191","1839","12","/outbound/FARMC588_ACH_13/"
"10192","1840","12","*Paid.TXT"
"10193","1841","12","NACHA_Returns"
"10194","1842","12","resource:smb://NACHAReturnDATO/"
"10195","1843","12","/Development/U4142LN"
"10196","1844","12","Wells Fargo SFTP"
"10197","1860","12","NACHA_LIQ"
"10198","1861","12","resource:share://NACHA Test_DATO/"
"10199","1862","12","Bushel_NACHA_LIQ_SameDay.txt"
"10200","1863","12","/Development/U4142MV"
"10201","1864","12","inbound/FARMC588_ACH_6/"
"10202","1865","12","NACHA_LIQ.txt"
"10203","1866","12","WellsFargoSFTPtest"
"10204","1867","12","*Bushel_NACHA_LIQ_SameDay*"
"10205","1868","12","*Bushel_NACHA_LIQ_SameDay_Empty*"
"10206","1851","12","NACHA_LIQ"
"10207","1852","12","resource:share://NACHA Test_DATO/"
"10208","1853","12","Bushel_NACHA_LIQ_Regular.txt"
"10209","1854","12","/Development/U4142MV"
"10210","1855","12","inbound/FARMC588_ACH_6/"
"10211","1856","12","NACHA_LIQ.txt"
"10212","1857","12","WellsFargoSFTPtest"
"10213","1858","12","*Bushel_NACHA_LIQ_Regular*"
"10214","1859","12","*Bushel_NACHA_LIQ_Regular_Empty*"
"10215","1845","12","/outbound/FARMC588_ACH_10"
"10216","1846","12","*Bushel.TXT"
"10217","1847","12","NACHA_Returns"
"10218","1848","12","resource:smb://NACHAReturnDATO/"
"10219","1849","12","/Development/U4142LN"
"10220","1850","12","Wells Fargo SFTP"
