CONFIGURATION_VARIABLE_DEFINITION_IDENTITY,CONFIGURATION_EXTENT_IDENTITY,CONFIGURATION_VARIABLE_TYPE_IDENTITY,CONFIGURATION_VARIABLE_DEFINITION_NAME,CONFIGURATION_VARIABLE_DEFINITION_DESCRIPTION,CONFIGURATION_VALUES_ARE_RESTRICTED_FLAG,CONFIGURATION_VARIABLE_DEFINITION_INFORMATION
"63","38","1","CMProduct                                         ","Cash Mgmt Product                                 ","0",""
"64","39","1","CMProduct                                         ","Product for this Program                          ","0",""
"65","28","1","DeleteJoblogs                                     ","Delete GA Joblogs                                 ","1",""
"66","40","6","RemoteIPAddress                                   ","Remote IP Address                                 ","0",""
"67","40","1","RemotePassword                                    ","Remote Password                                   ","0",""
"68","40","1","RemotePath                                        ","Remote Path                                       ","0",""
"7","2","1","HostUser                                          ","iSeries User ID for connections                   ","0",""
"8","2","1","HostPassword                                      ","iSeries User Password for connections             ","0",""
"69","40","1","RemoteUser                                        ","Remote User                                       ","0",""
"1028","159","1","CMProduct                                         ","Cash Managment Product                            ","0",""
"1029","160","1","FromAddress                                       ","From Address                                      ","0",""
"12","4","6","HostIPAddress                                     ","Server IP address                                 ","0",""
"13","3","1","ProjectPath                                       ","IFS Location for Projects                         ","0",""
"1030","160","1","ToAddress                                         ","To Address                                        ","0",""
"1031","160","1","SubjectLine                                       ","Subject Line                                      ","0",""
"16","5","1","CMProduct                                         ","Cash Management Product Name                      ","0",""
"17","6","1","CMProduct                                         ","Cash Management Product Name                      ","0",""
"18","7","1","CMProduct                                         ","Cash Management Product Name                      ","0",""
"19","8","1","CMProduct                                         ","Cash Management Product Name                      ","0",""
"20","10","1","CMProduct                                         ","Cash Management Product Name                      ","0",""
"21","11","1","CMProduct                                         ","Cash Management Product Name                      ","0",""
"22","9","1","CMProduct                                         ","Cash Management Product Name                      ","0",""
"23","12","1","CMProduct                                         ","Cash Management Product Name                      ","0",""
"24","13","1","CMProduct                                         ","Cash Management Product Name                      ","0",""
"25","1","1","ImmediateOriginAcct                               ","Immediate Origin Account                          ","0",""
"26","1","1","ImmediateOriginName                               ","Immediate Origin Name                             ","0",""
"27","14","1","CMProduct                                         ","Cash Management Product Name                      ","0",""
"28","15","1","CMProduct                                         ","Cash Management Product Name                      ","0",""
"29","16","1","CMProduct                                         ","Cash Management Product Name                      ","0",""
"30","17","1","CMProduct                                         ","Cash Management Product Name                      ","0",""
"31","18","1","CMProduct                                         ","Cash Management Product Name                      ","0",""
"32","19","1","CMProduct                                         ","Cash Management Product Name                      ","0",""
"33","20","1","ErrorAction                                       ","How to respond to errors                          ","1","This variable defines exactly what action the universal trigger is to take when errors are encountered"
"34","21","1","CMProduct                                         ","Cash Management Product Name                      ","0",""
"35","22","1","CMProduct                                         ","Cash Management Product Name                      ","0",""
"36","23","1","CMProduct                                         ","Cash Management Product Name                      ","0",""
"37","24","1","CMProduct                                         ","Cash Management Product Name                      ","0",""
"38","25","1","CMProduct                                         ","Cash Management Product Name                      ","0",""
"39","26","1","CMProduct                                         ","Cash Management Product Name                      ","0",""
"40","27","1","CMProduct                                         ","Cash Management Product Name                      ","0",""
"41","3","1","DefaultProject                                    ","Default Project Name                              ","0",""
"42","28","1","DeleteStaging                                     ","Delete Staging Directory on normal end            ","1",""
"43","28","1","StagingPath                                       ","IFS Location for Staging Files                    ","0",""
"44","29","1","CMProduct                                         ","Cash Management Product Name                      ","0",""
"45","30","1","CMProduct                                         ","Cash Management Product Name                      ","0",""
"46","31","1","CMProduct                                         ","Cash Management Product Name                      ","0",""
"47","32","6","RemoteIPAddress                                   ","Remote IP Address                                 ","0",""
"48","32","1","RemoteUser                                        ","Remote User ID                                    ","0",""
"49","32","1","RemotePassword                                    ","Remote User Password                              ","0",""
"50","32","1","RemotePath                                        ","Remote Directory Path                             ","0",""
"51","33","1","CMProduct                                         ","Cash Management Product Name                      ","0",""
"52","34","1","CMProduct                                         ","Cash Management Product Name                      ","0",""
"74","42","6","RemoteIPAddress                                   ","Remote IP Address                                 ","0",""
"1000","37","1","Resource                                          ","LIQ SQL Server GoAnywhere Resource                ","0",""
"1001","37","1","DRDAName                                          ","DRDAName                                          ","0",""
"56","37","1","Schema                                            ","Remote Schema Name                                ","0",""
"57","35","1","User                                              ","User Name                                         ","0",""
"58","35","1","Password                                          ","Password                                          ","0",""
"59","36","1","User                                              ","User Name                                         ","0",""
"60","36","1","Password                                          ","Password                                          ","0",""
"75","42","1","RemotePassword                                    ","Remote Password                                   ","0",""
"1002","37","1","Name                                              ","Name                                              ","0",""
"76","42","1","RemotePath                                        ","Remote Path                                       ","0",""
"77","42","1","RemoteUser                                        ","Remote User                                       ","0",""
"79","43","1","Testing                                           ","Testing Mode                                      ","1",""
"80","44","1","KeyRing                                           ","Key Ring Name                                     ","0",""
"81","44","1","PassPhrase                                        ","Pass Phrase Value                                 ","0",""
"82","45","1","CMProduct                                         ","CM PRODUCT                                        ","0",""
"83","46","1","Module                                            ","Corporate Reporting Module Name                   ","0",""
"84","46","1","QEBundle                                          ","Quarter End Report Bundle Name                    ","0",""
"85","46","1","NonQEBundle                                       ","Non-Quarter End Report Bundle Name                ","0",""
"86","46","1","QEAppendixHeader                                  ","Quarter End Appendix Header Definition            ","0",""
"87","46","1","QEAppendixDetail                                  ","Quarter End Appendix Detail Definition            ","0",""
"88","46","1","NonQEAppendixDetail                               ","Non-Quarter End Appendix Detail Definition        ","0",""
"89","46","1","NonQEAppendixHeader                               ","Non-Quarter End Appendix Header Definition        ","0",""
"90","47","1","IsDudeDead                                        ","Has DUDE been replaced?                           ","1",""
"91","2","1","SMTPServer                                        ","SMTP Email Server Name                            ","0",""
"92","48","1","Module                                            ","Corporate Reporting Module Name                   ","0",""
"117","53","1","DefaultExtRefName                                 ","Default CMR External Reference Name               ","0",""
"118","53","1","DefaultModule                                     ","Default CMR Module Name                           ","0",""
"119","53","1","DistrictExtRefName                                ","District CMR External Reference Name              ","0",""
"96","48","1","AppendixDetail                                    ","Appendix Detail Definition                        ","0",""
"97","48","1","AppendixHeader                                    ","Appendix Header Definition                        ","0",""
"98","48","1","Bundle                                            ","Report Bundle Name                                ","0",""
"99","50","6","IPAddress                                         ","IP Address                                        ","0",""
"100","50","1","User                                              ","User name                                         ","0",""
"101","50","1","Password                                          ","Password                                          ","0",""
"102","50","1","RemoteExe                                         ","Remote Executable Name                            ","0",""
"103","49","1","User                                              ","User Name                                         ","0",""
"104","49","1","Password                                          ","Password                                          ","0",""
"105","49","6","IPAddress                                         ","IP Address                                        ","0",""
"106","49","1","RemoteExe                                         ","Remote Executable Name                            ","0",""
"107","51","1","User                                              ","User Name                                         ","0",""
"108","51","1","Password                                          ","Password                                          ","0",""
"109","51","6","IPAddress                                         ","IP Address                                        ","0",""
"110","51","1","RemoteExe                                         ","Remote Executable Name                            ","0",""
"111","52","1","DefaultModule                                     ","Default CR Module Name                            ","0",""
"112","52","1","DistrictModule                                    ","District CR Module Name                           ","0",""
"113","52","1","DefaultExtRefName                                 ","Default CR External Reference Name                ","0",""
"114","52","1","DistrictExtRefName                                ","District CR External Reference Name               ","0",""
"115","52","1","DefaultHeader                                     ","Default SIC External Text Column Header Value     ","0",""
"116","52","1","DistrictHeader                                    ","District SIC External Text Column Header Value    ","0",""
"120","53","1","DistrictModule                                    ","District CMR Module Name                          ","0",""
"121","2","1","SMTPSender                                        ","SMTP Email Default Sender Name                    ","0","This value is the default ""from"" email address used by GA projects when sending emails"
"837","54","1","EncryptedFile                                     ","Encrypted File                                    ","0",""
"808","54","1","Action                                            ","Action                                            ","0",""
"1056","99","1","RemoteDir                                         ","Remote Directory                                  ","0",""
"809","110","1","Action                                            ","Action                                            ","0",""
"126","55","1","CMProduct                                         ","Cash Mgmt Product                                 ","0",""
"1011","155","1","Resource                                          ","Resource Name                                     ","0",""
"1012","156","6","IPAddress                                         ","IP Address                                        ","0",""
"1013","156","7","Port                                              ","Port                                              ","0",""
"1014","156","7","TimeOutSecs                                       ","Time Out Seconds                                  ","0",""
"131","57","1","User                                              ","Host User Name (used to connect from remote)      ","0","This variable contains the name of the iSeries user profile name that is used by the remote gateway application to connect back to the iSeries.  It has replaced SSICTL.USRPRF_400."
"132","57","1","Password                                          ","Host Password (used to connect from remote)       ","0","This variable contains the password associated with the iSeries user profile name that is used by the remote gateway application to connect back to the iSeries.  It has replaced SSICTL.PASWRD_400."
"133","57","1","LogFile                                           ","Gateway Log File Name and Location                ","0","This variable contains the name and location of the remote Gateway application log filoe.  It has replaced SSICTL.LOGFILELOC."
"134","57","7","DelayCycle                                        ","Disconnected Job Delay Time per Cycle             ","0","This variable defines the amount of time to wait on each delay cycle when a local instance of the Interface has failed and restarted, but the remote job has initiated but not completed.  It has replaced SSICTL.DSC_DLYCYC."
"135","57","7","DelayMax                                          ","Disconnected Job Delay Maximum Time               ","0","This variable defines the maximum amount of time to wait when a local instance of the Interface has failed and restarted, and the remote job has initiated but not completed.  It has replaced SSICTL.DSC_DLYMAX."
"136","57","1","DftRemoteExe                                      ","Default remote executable (Gateway)               ","0","This variable defines the default remote Gateway application that will execute remotely to provide all remote data transfer capabilities.  It has replaced SSICTL.DFTRMTEXE."
"137","57","1","DataLibrary                                       ","Smartstream Interface Data Library                ","0","This variable defines the Smartstream Interface Data Library.  This is used to both send and receive data values.  It has replaced SSICTL.SSI_LIB."
"138","58","1","DataLibrary                                       ","Host Data Library                                 ","0","This value defines the host (iSeries) data library that is either the source or target of individual SSI functions."
"139","59","1","DataLibrary                                       ","Host Data Library                                 ","0","This value defines the host (iSeries) data library that is either the source or target of individual SSI functions."
"140","60","1","DataLibrary                                       ","Host Data Library                                 ","0","This value defines the host (iSeries) data library that is either the source or target of individual SSI functions."
"141","61","1","DataLibrary                                       ","Host Data Library                                 ","0","This value defines the host (iSeries) data library that is either the source or target of individual SSI functions."
"142","62","6","IPAddress                                         ","IP Address                                        ","0",""
"143","63","6","IPAddress                                         ","IP Address                                        ","0",""
"144","64","6","IPAddress                                         ","IP Address                                        ","0",""
"145","62","1","Server                                            ","Server Name                                       ","0",""
"146","63","1","Server                                            ","Server Name                                       ","0",""
"147","64","6","Server                                            ","Server Name                                       ","0",""
"148","64","1","User                                              ","User Name                                         ","0",""
"149","64","1","Password                                          ","Password                                          ","0",""
"150","63","1","User                                              ","User Name                                         ","0",""
"151","63","1","Password                                          ","Password                                          ","0",""
"152","62","1","User                                              ","User Name                                         ","0",""
"153","62","1","Password                                          ","Password                                          ","0",""
"154","65","1","Domain                                            ","Network Domain                                    ","0","This defines the network domain where the file is located.  It was formerly stored in the RPF_NETDOM field in the SSIRPF file."
"155","65","1","LocalSystemName                                   ","Local System Name                                 ","0","This defines the local system name.  It was formerly stored in the RPF_LOCSYS field in the SSIRPF file."
"156","65","1","Location                                          ","Network File Location                             ","0","This defines the network location of a file set. It was formerly stored in the RPF_NETLOC field in the SSIRPF file."
"157","65","1","LogonType                                         ","Logon Type 1=Local, 2=Net                         ","0","This defines whether the logon uses a local or network account.  It was formerly stored in the RPF_LOGTYP field in the SSIRPF file."
"158","65","1","Password                                          ","Network Password                                  ","0","This defines the password used to connect to the file.  It was formerly stored in the RPF_NETPWD field in the SSIRPF file."
"159","65","1","User                                              ","Network User ID                                   ","0","This defines the user name used to connect to the file.  It was formerly stored in the RPF_NETUID field in the SSIRPF file."
"160","66","1","Domain                                            ","Network Domain                                    ","0","This defines the network domain where the file is located.  It was formerly stored in the RPF_NETDOM field in the SSIRPF file."
"161","66","1","LocalSystemName                                   ","Local System Name                                 ","0","This defines the local system name.  It was formerly stored in the RPF_LOCSYS field in the SSIRPF file."
"162","66","1","Location                                          ","Network File Location                             ","0","This defines the network location of a file set. It was formerly stored in the RPF_NETLOC field in the SSIRPF file."
"163","66","1","LogonType                                         ","Logon Type 1=Local, 2=Net                         ","0","This defines whether the logon uses a local or network account.  It was formerly stored in the RPF_LOGTYP field in the SSIRPF file."
"164","66","1","Password                                          ","Network Password                                  ","0","This defines the password used to connect to the file.  It was formerly stored in the RPF_NETPWD field in the SSIRPF file."
"165","66","1","User                                              ","Network User ID                                   ","0","This defines the user name used to connect to the file.  It was formerly stored in the RPF_NETUID field in the SSIRPF file."
"166","67","1","Database                                          ","SQL Database Name                                 ","0","This defines the remote SQL Database Name.  It was formerly stored in the RPS_SQLDB field in the SSIRPS file."
"167","67","7","ExecutionTimeout                                  ","Job Execution Timeout                             ","0","This defines the remote Job Execution Timeout value.  It was formerly stored in the RPS_JBEXTTO field in the SSIRPS file."
"168","67","1","JobServer                                         ","Job Server Name                                   ","0","This defines the remote Smartstream Job Server Name.  It was formerly stored in the RPS_JOBSRV field in the SSIRPS file."
"169","67","1","PackageID                                         ","Package ID                                        ","0","This defines the remote Package ID.  It was formerly stored in the RPS_PKGID field in the SSIRPS file."
"170","67","1","Password                                          ","SQL Password                                      ","0","This defines the remote SQL Password.  It was formerly stored in the RPS_SQLPWD field in the SSIRPS file."
"171","67","7","PendingTimeout                                    ","Job Pending Timeout                               ","0","This defines the remote Job Pending Timeout value.  It was formerly stored in the RPS_JBPNTO field in the SSIRPS file."
"172","67","7","PendingTimeout2                                   ","Job 2 Pending Timeout                             ","0","This defines the remote Secondary Job Pending Timeout value.  It was formerly stored in the RPS_J2PNTO field in the SSIRPS file."
"173","67","1","Server                                            ","SQL Server Name                                   ","0","This defines the remote SQL Server Name.  It was formerly stored in the RPS_SQLSRV field in the SSIRPS file."
"174","67","7","StartTimeout                                      ","Job Start Timeout                                 ","0","This defines the remote Job Start Timeout value.  It was formerly stored in the RPS_JBSTTO field in the SSIRPS file."
"175","67","1","User                                              ","SQL User ID                                       ","0","This defines the remote SQL User ID.  It was formerly stored in the RPS_SQLUID field in the SSIRPS file."
"176","68","1","Database                                          ","SQL Database Name                                 ","0","This defines the remote SQL Database Name.  It was formerly stored in the RPS_SQLDB field in the SSIRPS file."
"177","68","7","ExecutionTimeout                                  ","Job Execution Timeout                             ","0","This defines the remote Job Execution Timeout value.  It was formerly stored in the RPS_JBEXTTO field in the SSIRPS file."
"178","68","1","JobServer                                         ","Job Server Name                                   ","0","This defines the remote Smartstream Job Server Name.  It was formerly stored in the RPS_JOBSRV field in the SSIRPS file."
"179","68","1","PackageID                                         ","Package ID                                        ","0","This defines the remote Package ID.  It was formerly stored in the RPS_PKGID field in the SSIRPS file."
"180","68","1","Password                                          ","SQL Password                                      ","0","This defines the remote SQL Password.  It was formerly stored in the RPS_SQLPWD field in the SSIRPS file."
"181","68","7","PendingTimeout                                    ","Job Pending Timeout                               ","0","This defines the remote Job Pending Timeout value.  It was formerly stored in the RPS_JBPNTO field in the SSIRPS file."
"182","68","7","PendingTimeout2                                   ","Job 2 Pending Timeout                             ","0","This defines the remote Secondary Job Pending Timeout value.  It was formerly stored in the RPS_J2PNTO field in the SSIRPS file."
"183","68","1","Server                                            ","SQL Server Name                                   ","0","This defines the remote SQL Server Name.  It was formerly stored in the RPS_SQLSRV field in the SSIRPS file."
"184","68","7","StartTimeout                                      ","Job Start Timeout                                 ","0","This defines the remote Job Start Timeout value.  It was formerly stored in the RPS_JBSTTO field in the SSIRPS file."
"185","68","1","User                                              ","SQL User ID                                       ","0","This defines the remote SQL User ID.  It was formerly stored in the RPS_SQLUID field in the SSIRPS file."
"186","69","1","Database                                          ","SQL Database Name                                 ","0","This defines the remote SQL Database Name.  It was formerly stored in the RPS_SQLDB field in the SSIRPS file."
"187","69","7","ExecutionTimeout                                  ","Job Execution Timeout                             ","0","This defines the remote Job Execution Timeout value.  It was formerly stored in the RPS_JBEXTTO field in the SSIRPS file."
"188","69","1","JobServer                                         ","Job Server Name                                   ","0","This defines the remote Smartstream Job Server Name.  It was formerly stored in the RPS_JOBSRV field in the SSIRPS file."
"189","69","1","PackageID                                         ","Package ID                                        ","0","This defines the remote Package ID.  It was formerly stored in the RPS_PKGID field in the SSIRPS file."
"190","69","1","Password                                          ","SQL Password                                      ","0","This defines the remote SQL Password.  It was formerly stored in the RPS_SQLPWD field in the SSIRPS file."
"191","69","7","PendingTimeout                                    ","Job Pending Timeout                               ","0","This defines the remote Job Pending Timeout value.  It was formerly stored in the RPS_JBPNTO field in the SSIRPS file."
"192","69","7","PendingTimeout2                                   ","Job 2 Pending Timeout                             ","0","This defines the remote Secondary Job Pending Timeout value.  It was formerly stored in the RPS_J2PNTO field in the SSIRPS file."
"193","69","1","Server                                            ","SQL Server Name                                   ","0","This defines the remote SQL Server Name.  It was formerly stored in the RPS_SQLSRV field in the SSIRPS file."
"194","69","7","StartTimeout                                      ","Job Start Timeout                                 ","0","This defines the remote Job Start Timeout value.  It was formerly stored in the RPS_JBSTTO field in the SSIRPS file."
"195","69","1","User                                              ","SQL User ID                                       ","0","This defines the remote SQL User ID.  It was formerly stored in the RPS_SQLUID field in the SSIRPS file."
"196","70","1","Database                                          ","SQL Database Name                                 ","0","This defines the remote SQL Database Name.  It was formerly stored in the RPS_SQLDB field in the SSIRPS file."
"197","70","7","ExecutionTimeout                                  ","Job Execution Timeout                             ","0","This defines the remote Job Execution Timeout value.  It was formerly stored in the RPS_JBEXTTO field in the SSIRPS file."
"198","70","1","JobServer                                         ","Job Server Name                                   ","0","This defines the remote Smartstream Job Server Name.  It was formerly stored in the RPS_JOBSRV field in the SSIRPS file."
"199","70","1","PackageID                                         ","Package ID                                        ","0","This defines the remote Package ID.  It was formerly stored in the RPS_PKGID field in the SSIRPS file."
"200","70","1","Password                                          ","SQL Password                                      ","0","This defines the remote SQL Password.  It was formerly stored in the RPS_SQLPWD field in the SSIRPS file."
"201","70","7","PendingTimeout                                    ","Job Pending Timeout                               ","0","This defines the remote Job Pending Timeout value.  It was formerly stored in the RPS_JBPNTO field in the SSIRPS file."
"202","70","7","PendingTimeout2                                   ","Job 2 Pending Timeout                             ","0","This defines the remote Secondary Job Pending Timeout value.  It was formerly stored in the RPS_J2PNTO field in the SSIRPS file."
"203","70","1","Server                                            ","SQL Server Name                                   ","0","This defines the remote SQL Server Name.  It was formerly stored in the RPS_SQLSRV field in the SSIRPS file."
"204","70","7","StartTimeout                                      ","Job Start Timeout                                 ","0","This defines the remote Job Start Timeout value.  It was formerly stored in the RPS_JBSTTO field in the SSIRPS file."
"205","70","1","User                                              ","SQL User ID                                       ","0","This defines the remote SQL User ID.  It was formerly stored in the RPS_SQLUID field in the SSIRPS file."
"206","71","1","Database                                          ","SQL Database Name                                 ","0","This defines the remote SQL Database Name.  It was formerly stored in the RPS_SQLDB field in the SSIRPS file."
"207","71","7","ExecutionTimeout                                  ","Job Execution Timeout                             ","0","This defines the remote Job Execution Timeout value.  It was formerly stored in the RPS_JBEXTTO field in the SSIRPS file."
"208","71","1","JobServer                                         ","Job Server Name                                   ","0","This defines the remote Smartstream Job Server Name.  It was formerly stored in the RPS_JOBSRV field in the SSIRPS file."
"209","71","1","PackageID                                         ","Package ID                                        ","0","This defines the remote Package ID.  It was formerly stored in the RPS_PKGID field in the SSIRPS file."
"210","71","1","Password                                          ","SQL Password                                      ","0","This defines the remote SQL Password.  It was formerly stored in the RPS_SQLPWD field in the SSIRPS file."
"211","71","7","PendingTimeout                                    ","Job Pending Timeout                               ","0","This defines the remote Job Pending Timeout value.  It was formerly stored in the RPS_JBPNTO field in the SSIRPS file."
"212","71","7","PendingTimeout2                                   ","Job 2 Pending Timeout                             ","0","This defines the remote Secondary Job Pending Timeout value.  It was formerly stored in the RPS_J2PNTO field in the SSIRPS file."
"213","71","1","Server                                            ","SQL Server Name                                   ","0","This defines the remote SQL Server Name.  It was formerly stored in the RPS_SQLSRV field in the SSIRPS file."
"214","71","7","StartTimeout                                      ","Job Start Timeout                                 ","0","This defines the remote Job Start Timeout value.  It was formerly stored in the RPS_JBSTTO field in the SSIRPS file."
"215","71","1","User                                              ","SQL User ID                                       ","0","This defines the remote SQL User ID.  It was formerly stored in the RPS_SQLUID field in the SSIRPS file."
"216","72","1","Database                                          ","SQL Database Name                                 ","0","This defines the remote SQL Database Name.  It was formerly stored in the RPS_SQLDB field in the SSIRPS file."
"217","72","7","ExecutionTimeout                                  ","Job Execution Timeout                             ","0","This defines the remote Job Execution Timeout value.  It was formerly stored in the RPS_JBEXTTO field in the SSIRPS file."
"218","72","1","JobServer                                         ","Job Server Name                                   ","0","This defines the remote Smartstream Job Server Name.  It was formerly stored in the RPS_JOBSRV field in the SSIRPS file."
"219","72","1","PackageID                                         ","Package ID                                        ","0","This defines the remote Package ID.  It was formerly stored in the RPS_PKGID field in the SSIRPS file."
"220","72","1","Password                                          ","SQL Password                                      ","0","This defines the remote SQL Password.  It was formerly stored in the RPS_SQLPWD field in the SSIRPS file."
"221","72","7","PendingTimeout                                    ","Job Pending Timeout                               ","0","This defines the remote Job Pending Timeout value.  It was formerly stored in the RPS_JBPNTO field in the SSIRPS file."
"222","72","7","PendingTimeout2                                   ","Job 2 Pending Timeout                             ","0","This defines the remote Secondary Job Pending Timeout value.  It was formerly stored in the RPS_J2PNTO field in the SSIRPS file."
"223","72","1","Server                                            ","SQL Server Name                                   ","0","This defines the remote SQL Server Name.  It was formerly stored in the RPS_SQLSRV field in the SSIRPS file."
"224","72","7","StartTimeout                                      ","Job Start Timeout                                 ","0","This defines the remote Job Start Timeout value.  It was formerly stored in the RPS_JBSTTO field in the SSIRPS file."
"225","72","1","User                                              ","SQL User ID                                       ","0","This defines the remote SQL User ID.  It was formerly stored in the RPS_SQLUID field in the SSIRPS file."
"226","73","1","Database                                          ","SQL Database Name                                 ","0","This defines the remote SQL Database Name.  It was formerly stored in the RPS_SQLDB field in the SSIRPS file."
"227","73","7","ExecutionTimeout                                  ","Job Execution Timeout                             ","0","This defines the remote Job Execution Timeout value.  It was formerly stored in the RPS_JBEXTTO field in the SSIRPS file."
"228","73","1","JobServer                                         ","Job Server Name                                   ","0","This defines the remote Smartstream Job Server Name.  It was formerly stored in the RPS_JOBSRV field in the SSIRPS file."
"229","73","1","PackageID                                         ","Package ID                                        ","0","This defines the remote Package ID.  It was formerly stored in the RPS_PKGID field in the SSIRPS file."
"230","73","1","Password                                          ","SQL Password                                      ","0","This defines the remote SQL Password.  It was formerly stored in the RPS_SQLPWD field in the SSIRPS file."
"231","73","7","PendingTimeout                                    ","Job Pending Timeout                               ","0","This defines the remote Job Pending Timeout value.  It was formerly stored in the RPS_JBPNTO field in the SSIRPS file."
"232","73","7","PendingTimeout2                                   ","Job 2 Pending Timeout                             ","0","This defines the remote Secondary Job Pending Timeout value.  It was formerly stored in the RPS_J2PNTO field in the SSIRPS file."
"233","73","1","Server                                            ","SQL Server Name                                   ","0","This defines the remote SQL Server Name.  It was formerly stored in the RPS_SQLSRV field in the SSIRPS file."
"234","73","7","StartTimeout                                      ","Job Start Timeout                                 ","0","This defines the remote Job Start Timeout value.  It was formerly stored in the RPS_JBSTTO field in the SSIRPS file."
"235","73","1","User                                              ","SQL User ID                                       ","0","This defines the remote SQL User ID.  It was formerly stored in the RPS_SQLUID field in the SSIRPS file."
"236","74","1","Database                                          ","SQL Database Name                                 ","0","This defines the remote SQL Database Name.  It was formerly stored in the RPS_SQLDB field in the SSIRPS file."
"237","74","7","ExecutionTimeout                                  ","Job Execution Timeout                             ","0","This defines the remote Job Execution Timeout value.  It was formerly stored in the RPS_JBEXTTO field in the SSIRPS file."
"238","74","1","JobServer                                         ","Job Server Name                                   ","0","This defines the remote Smartstream Job Server Name.  It was formerly stored in the RPS_JOBSRV field in the SSIRPS file."
"239","74","1","PackageID                                         ","Package ID                                        ","0","This defines the remote Package ID.  It was formerly stored in the RPS_PKGID field in the SSIRPS file."
"240","74","1","Password                                          ","SQL Password                                      ","0","This defines the remote SQL Password.  It was formerly stored in the RPS_SQLPWD field in the SSIRPS file."
"241","74","7","PendingTimeout                                    ","Job Pending Timeout                               ","0","This defines the remote Job Pending Timeout value.  It was formerly stored in the RPS_JBPNTO field in the SSIRPS file."
"242","74","7","PendingTimeout2                                   ","Job 2 Pending Timeout                             ","0","This defines the remote Secondary Job Pending Timeout value.  It was formerly stored in the RPS_J2PNTO field in the SSIRPS file."
"243","74","1","Server                                            ","SQL Server Name                                   ","0","This defines the remote SQL Server Name.  It was formerly stored in the RPS_SQLSRV field in the SSIRPS file."
"244","74","7","StartTimeout                                      ","Job Start Timeout                                 ","0","This defines the remote Job Start Timeout value.  It was formerly stored in the RPS_JBSTTO field in the SSIRPS file."
"245","74","1","User                                              ","SQL User ID                                       ","0","This defines the remote SQL User ID.  It was formerly stored in the RPS_SQLUID field in the SSIRPS file."
"246","75","1","Database                                          ","SQL Database Name                                 ","0","This defines the remote SQL Database Name.  It was formerly stored in the RPS_SQLDB field in the SSIRPS file."
"247","75","7","ExecutionTimeout                                  ","Job Execution Timeout                             ","0","This defines the remote Job Execution Timeout value.  It was formerly stored in the RPS_JBEXTTO field in the SSIRPS file."
"248","75","1","JobServer                                         ","Job Server Name                                   ","0","This defines the remote Smartstream Job Server Name.  It was formerly stored in the RPS_JOBSRV field in the SSIRPS file."
"249","75","1","PackageID                                         ","Package ID                                        ","0","This defines the remote Package ID.  It was formerly stored in the RPS_PKGID field in the SSIRPS file."
"250","75","1","Password                                          ","SQL Password                                      ","0","This defines the remote SQL Password.  It was formerly stored in the RPS_SQLPWD field in the SSIRPS file."
"251","75","7","PendingTimeout                                    ","Job Pending Timeout                               ","0","This defines the remote Job Pending Timeout value.  It was formerly stored in the RPS_JBPNTO field in the SSIRPS file."
"252","75","7","PendingTimeout2                                   ","Job 2 Pending Timeout                             ","0","This defines the remote Secondary Job Pending Timeout value.  It was formerly stored in the RPS_J2PNTO field in the SSIRPS file."
"253","75","1","Server                                            ","SQL Server Name                                   ","0","This defines the remote SQL Server Name.  It was formerly stored in the RPS_SQLSRV field in the SSIRPS file."
"254","75","7","StartTimeout                                      ","Job Start Timeout                                 ","0","This defines the remote Job Start Timeout value.  It was formerly stored in the RPS_JBSTTO field in the SSIRPS file."
"255","75","1","User                                              ","SQL User ID                                       ","0","This defines the remote SQL User ID.  It was formerly stored in the RPS_SQLUID field in the SSIRPS file."
"256","76","1","Database                                          ","SQL Database Name                                 ","0","This defines the remote SQL Database Name.  It was formerly stored in the RPS_SQLDB field in the SSIRPS file."
"257","76","7","ExecutionTimeout                                  ","Job Execution Timeout                             ","0","This defines the remote Job Execution Timeout value.  It was formerly stored in the RPS_JBEXTTO field in the SSIRPS file."
"258","76","1","JobServer                                         ","Job Server Name                                   ","0","This defines the remote Smartstream Job Server Name.  It was formerly stored in the RPS_JOBSRV field in the SSIRPS file."
"259","76","1","PackageID                                         ","Package ID                                        ","0","This defines the remote Package ID.  It was formerly stored in the RPS_PKGID field in the SSIRPS file."
"260","76","1","Password                                          ","SQL Password                                      ","0","This defines the remote SQL Password.  It was formerly stored in the RPS_SQLPWD field in the SSIRPS file."
"261","76","7","PendingTimeout                                    ","Job Pending Timeout                               ","0","This defines the remote Job Pending Timeout value.  It was formerly stored in the RPS_JBPNTO field in the SSIRPS file."
"262","76","7","PendingTimeout2                                   ","Job 2 Pending Timeout                             ","0","This defines the remote Secondary Job Pending Timeout value.  It was formerly stored in the RPS_J2PNTO field in the SSIRPS file."
"263","76","1","Server                                            ","SQL Server Name                                   ","0","This defines the remote SQL Server Name.  It was formerly stored in the RPS_SQLSRV field in the SSIRPS file."
"264","76","7","StartTimeout                                      ","Job Start Timeout                                 ","0","This defines the remote Job Start Timeout value.  It was formerly stored in the RPS_JBSTTO field in the SSIRPS file."
"265","76","1","User                                              ","SQL User ID                                       ","0","This defines the remote SQL User ID.  It was formerly stored in the RPS_SQLUID field in the SSIRPS file."
"266","77","1","Database                                          ","SQL Database Name                                 ","0","This defines the remote SQL Database Name.  It was formerly stored in the RPS_SQLDB field in the SSIRPS file."
"267","77","7","ExecutionTimeout                                  ","Job Execution Timeout                             ","0","This defines the remote Job Execution Timeout value.  It was formerly stored in the RPS_JBEXTTO field in the SSIRPS file."
"268","77","1","JobServer                                         ","Job Server Name                                   ","0","This defines the remote Smartstream Job Server Name.  It was formerly stored in the RPS_JOBSRV field in the SSIRPS file."
"269","77","1","PackageID                                         ","Package ID                                        ","0","This defines the remote Package ID.  It was formerly stored in the RPS_PKGID field in the SSIRPS file."
"270","77","1","Password                                          ","SQL Password                                      ","0","This defines the remote SQL Password.  It was formerly stored in the RPS_SQLPWD field in the SSIRPS file."
"271","77","7","PendingTimeout                                    ","Job Pending Timeout                               ","0","This defines the remote Job Pending Timeout value.  It was formerly stored in the RPS_JBPNTO field in the SSIRPS file."
"272","77","7","PendingTimeout2                                   ","Job 2 Pending Timeout                             ","0","This defines the remote Secondary Job Pending Timeout value.  It was formerly stored in the RPS_J2PNTO field in the SSIRPS file."
"273","77","1","Server                                            ","SQL Server Name                                   ","0","This defines the remote SQL Server Name.  It was formerly stored in the RPS_SQLSRV field in the SSIRPS file."
"274","77","7","StartTimeout                                      ","Job Start Timeout                                 ","0","This defines the remote Job Start Timeout value.  It was formerly stored in the RPS_JBSTTO field in the SSIRPS file."
"275","77","1","User                                              ","SQL User ID                                       ","0","This defines the remote SQL User ID.  It was formerly stored in the RPS_SQLUID field in the SSIRPS file."
"276","78","1","Database                                          ","SQL Database Name                                 ","0","This defines the remote SQL Database Name.  It was formerly stored in the RPS_SQLDB field in the SSIRPS file."
"277","78","7","ExecutionTimeout                                  ","Job Execution Timeout                             ","0","This defines the remote Job Execution Timeout value.  It was formerly stored in the RPS_JBEXTTO field in the SSIRPS file."
"278","78","1","JobServer                                         ","Job Server Name                                   ","0","This defines the remote Smartstream Job Server Name.  It was formerly stored in the RPS_JOBSRV field in the SSIRPS file."
"279","78","1","PackageID                                         ","Package ID                                        ","0","This defines the remote Package ID.  It was formerly stored in the RPS_PKGID field in the SSIRPS file."
"280","78","1","Password                                          ","SQL Password                                      ","0","This defines the remote SQL Password.  It was formerly stored in the RPS_SQLPWD field in the SSIRPS file."
"281","78","7","PendingTimeout                                    ","Job Pending Timeout                               ","0","This defines the remote Job Pending Timeout value.  It was formerly stored in the RPS_JBPNTO field in the SSIRPS file."
"282","78","7","PendingTimeout2                                   ","Job 2 Pending Timeout                             ","0","This defines the remote Secondary Job Pending Timeout value.  It was formerly stored in the RPS_J2PNTO field in the SSIRPS file."
"283","78","1","Server                                            ","SQL Server Name                                   ","0","This defines the remote SQL Server Name.  It was formerly stored in the RPS_SQLSRV field in the SSIRPS file."
"284","78","7","StartTimeout                                      ","Job Start Timeout                                 ","0","This defines the remote Job Start Timeout value.  It was formerly stored in the RPS_JBSTTO field in the SSIRPS file."
"285","78","1","User                                              ","SQL User ID                                       ","0","This defines the remote SQL User ID.  It was formerly stored in the RPS_SQLUID field in the SSIRPS file."
"286","79","1","Database                                          ","SQL Database Name                                 ","0","This defines the remote SQL Database Name.  It was formerly stored in the RPS_SQLDB field in the SSIRPS file."
"287","79","7","ExecutionTimeout                                  ","Job Execution Timeout                             ","0","This defines the remote Job Execution Timeout value.  It was formerly stored in the RPS_JBEXTTO field in the SSIRPS file."
"288","79","1","JobServer                                         ","Job Server Name                                   ","0","This defines the remote Smartstream Job Server Name.  It was formerly stored in the RPS_JOBSRV field in the SSIRPS file."
"289","79","1","PackageID                                         ","Package ID                                        ","0","This defines the remote Package ID.  It was formerly stored in the RPS_PKGID field in the SSIRPS file."
"290","79","1","Password                                          ","SQL Password                                      ","0","This defines the remote SQL Password.  It was formerly stored in the RPS_SQLPWD field in the SSIRPS file."
"291","79","7","PendingTimeout                                    ","Job Pending Timeout                               ","0","This defines the remote Job Pending Timeout value.  It was formerly stored in the RPS_JBPNTO field in the SSIRPS file."
"292","79","7","PendingTimeout2                                   ","Job 2 Pending Timeout                             ","0","This defines the remote Secondary Job Pending Timeout value.  It was formerly stored in the RPS_J2PNTO field in the SSIRPS file."
"293","79","1","Server                                            ","SQL Server Name                                   ","0","This defines the remote SQL Server Name.  It was formerly stored in the RPS_SQLSRV field in the SSIRPS file."
"294","79","7","StartTimeout                                      ","Job Start Timeout                                 ","0","This defines the remote Job Start Timeout value.  It was formerly stored in the RPS_JBSTTO field in the SSIRPS file."
"295","79","1","User                                              ","SQL User ID                                       ","0","This defines the remote SQL User ID.  It was formerly stored in the RPS_SQLUID field in the SSIRPS file."
"296","80","1","Database                                          ","SQL Database Name                                 ","0","This defines the remote SQL Database Name.  It was formerly stored in the RPS_SQLDB field in the SSIRPS file."
"297","80","7","ExecutionTimeout                                  ","Job Execution Timeout                             ","0","This defines the remote Job Execution Timeout value.  It was formerly stored in the RPS_JBEXTTO field in the SSIRPS file."
"298","80","1","JobServer                                         ","Job Server Name                                   ","0","This defines the remote Smartstream Job Server Name.  It was formerly stored in the RPS_JOBSRV field in the SSIRPS file."
"299","80","1","PackageID                                         ","Package ID                                        ","0","This defines the remote Package ID.  It was formerly stored in the RPS_PKGID field in the SSIRPS file."
"300","80","1","Password                                          ","SQL Password                                      ","0","This defines the remote SQL Password.  It was formerly stored in the RPS_SQLPWD field in the SSIRPS file."
"301","80","7","PendingTimeout                                    ","Job Pending Timeout                               ","0","This defines the remote Job Pending Timeout value.  It was formerly stored in the RPS_JBPNTO field in the SSIRPS file."
"302","80","7","PendingTimeout2                                   ","Job 2 Pending Timeout                             ","0","This defines the remote Secondary Job Pending Timeout value.  It was formerly stored in the RPS_J2PNTO field in the SSIRPS file."
"303","80","1","Server                                            ","SQL Server Name                                   ","0","This defines the remote SQL Server Name.  It was formerly stored in the RPS_SQLSRV field in the SSIRPS file."
"304","80","7","StartTimeout                                      ","Job Start Timeout                                 ","0","This defines the remote Job Start Timeout value.  It was formerly stored in the RPS_JBSTTO field in the SSIRPS file."
"305","80","1","User                                              ","SQL User ID                                       ","0","This defines the remote SQL User ID.  It was formerly stored in the RPS_SQLUID field in the SSIRPS file."
"306","81","1","Database                                          ","SQL Database Name                                 ","0","This defines the remote SQL Database Name.  It was formerly stored in the RPS_SQLDB field in the SSIRPS file."
"307","81","7","ExecutionTimeout                                  ","Job Execution Timeout                             ","0","This defines the remote Job Execution Timeout value.  It was formerly stored in the RPS_JBEXTTO field in the SSIRPS file."
"308","81","1","JobServer                                         ","Job Server Name                                   ","0","This defines the remote Smartstream Job Server Name.  It was formerly stored in the RPS_JOBSRV field in the SSIRPS file."
"309","81","1","PackageID                                         ","Package ID                                        ","0","This defines the remote Package ID.  It was formerly stored in the RPS_PKGID field in the SSIRPS file."
"310","81","1","Password                                          ","SQL Password                                      ","0","This defines the remote SQL Password.  It was formerly stored in the RPS_SQLPWD field in the SSIRPS file."
"311","81","7","PendingTimeout                                    ","Job Pending Timeout                               ","0","This defines the remote Job Pending Timeout value.  It was formerly stored in the RPS_JBPNTO field in the SSIRPS file."
"312","81","7","PendingTimeout2                                   ","Job 2 Pending Timeout                             ","0","This defines the remote Secondary Job Pending Timeout value.  It was formerly stored in the RPS_J2PNTO field in the SSIRPS file."
"313","81","1","Server                                            ","SQL Server Name                                   ","0","This defines the remote SQL Server Name.  It was formerly stored in the RPS_SQLSRV field in the SSIRPS file."
"314","81","7","StartTimeout                                      ","Job Start Timeout                                 ","0","This defines the remote Job Start Timeout value.  It was formerly stored in the RPS_JBSTTO field in the SSIRPS file."
"315","81","1","User                                              ","SQL User ID                                       ","0","This defines the remote SQL User ID.  It was formerly stored in the RPS_SQLUID field in the SSIRPS file."
"316","82","1","Database                                          ","SQL Database Name                                 ","0","This defines the remote SQL Database Name.  It was formerly stored in the RPS_SQLDB field in the SSIRPS file."
"317","82","7","ExecutionTimeout                                  ","Job Execution Timeout                             ","0","This defines the remote Job Execution Timeout value.  It was formerly stored in the RPS_JBEXTTO field in the SSIRPS file."
"318","82","1","JobServer                                         ","Job Server Name                                   ","0","This defines the remote Smartstream Job Server Name.  It was formerly stored in the RPS_JOBSRV field in the SSIRPS file."
"319","82","1","PackageID                                         ","Package ID                                        ","0","This defines the remote Package ID.  It was formerly stored in the RPS_PKGID field in the SSIRPS file."
"320","82","1","Password                                          ","SQL Password                                      ","0","This defines the remote SQL Password.  It was formerly stored in the RPS_SQLPWD field in the SSIRPS file."
"321","82","7","PendingTimeout                                    ","Job Pending Timeout                               ","0","This defines the remote Job Pending Timeout value.  It was formerly stored in the RPS_JBPNTO field in the SSIRPS file."
"322","82","7","PendingTimeout2                                   ","Job 2 Pending Timeout                             ","0","This defines the remote Secondary Job Pending Timeout value.  It was formerly stored in the RPS_J2PNTO field in the SSIRPS file."
"323","82","1","Server                                            ","SQL Server Name                                   ","0","This defines the remote SQL Server Name.  It was formerly stored in the RPS_SQLSRV field in the SSIRPS file."
"324","82","7","StartTimeout                                      ","Job Start Timeout                                 ","0","This defines the remote Job Start Timeout value.  It was formerly stored in the RPS_JBSTTO field in the SSIRPS file."
"325","82","1","User                                              ","SQL User ID                                       ","0","This defines the remote SQL User ID.  It was formerly stored in the RPS_SQLUID field in the SSIRPS file."
"326","83","1","Database                                          ","SQL Database Name                                 ","0","This defines the remote SQL Database Name.  It was formerly stored in the RPS_SQLDB field in the SSIRPS file."
"327","83","7","ExecutionTimeout                                  ","Job Execution Timeout                             ","0","This defines the remote Job Execution Timeout value.  It was formerly stored in the RPS_JBEXTTO field in the SSIRPS file."
"328","83","1","JobServer                                         ","Job Server Name                                   ","0","This defines the remote Smartstream Job Server Name.  It was formerly stored in the RPS_JOBSRV field in the SSIRPS file."
"329","83","1","PackageID                                         ","Package ID                                        ","0","This defines the remote Package ID.  It was formerly stored in the RPS_PKGID field in the SSIRPS file."
"330","83","1","Password                                          ","SQL Password                                      ","0","This defines the remote SQL Password.  It was formerly stored in the RPS_SQLPWD field in the SSIRPS file."
"331","83","7","PendingTimeout                                    ","Job Pending Timeout                               ","0","This defines the remote Job Pending Timeout value.  It was formerly stored in the RPS_JBPNTO field in the SSIRPS file."
"332","83","7","PendingTimeout2                                   ","Job 2 Pending Timeout                             ","0","This defines the remote Secondary Job Pending Timeout value.  It was formerly stored in the RPS_J2PNTO field in the SSIRPS file."
"333","83","1","Server                                            ","SQL Server Name                                   ","0","This defines the remote SQL Server Name.  It was formerly stored in the RPS_SQLSRV field in the SSIRPS file."
"334","83","7","StartTimeout                                      ","Job Start Timeout                                 ","0","This defines the remote Job Start Timeout value.  It was formerly stored in the RPS_JBSTTO field in the SSIRPS file."
"335","83","1","User                                              ","SQL User ID                                       ","0","This defines the remote SQL User ID.  It was formerly stored in the RPS_SQLUID field in the SSIRPS file."
"336","84","1","Database                                          ","SQL Database Name                                 ","0","This defines the remote SQL Database Name.  It was formerly stored in the RPS_SQLDB field in the SSIRPS file."
"337","84","7","ExecutionTimeout                                  ","Job Execution Timeout                             ","0","This defines the remote Job Execution Timeout value.  It was formerly stored in the RPS_JBEXTTO field in the SSIRPS file."
"338","84","1","JobServer                                         ","Job Server Name                                   ","0","This defines the remote Smartstream Job Server Name.  It was formerly stored in the RPS_JOBSRV field in the SSIRPS file."
"339","84","1","PackageID                                         ","Package ID                                        ","0","This defines the remote Package ID.  It was formerly stored in the RPS_PKGID field in the SSIRPS file."
"340","84","1","Password                                          ","SQL Password                                      ","0","This defines the remote SQL Password.  It was formerly stored in the RPS_SQLPWD field in the SSIRPS file."
"341","84","7","PendingTimeout                                    ","Job Pending Timeout                               ","0","This defines the remote Job Pending Timeout value.  It was formerly stored in the RPS_JBPNTO field in the SSIRPS file."
"342","84","7","PendingTimeout2                                   ","Job 2 Pending Timeout                             ","0","This defines the remote Secondary Job Pending Timeout value.  It was formerly stored in the RPS_J2PNTO field in the SSIRPS file."
"343","84","1","Server                                            ","SQL Server Name                                   ","0","This defines the remote SQL Server Name.  It was formerly stored in the RPS_SQLSRV field in the SSIRPS file."
"344","84","7","StartTimeout                                      ","Job Start Timeout                                 ","0","This defines the remote Job Start Timeout value.  It was formerly stored in the RPS_JBSTTO field in the SSIRPS file."
"345","84","1","User                                              ","SQL User ID                                       ","0","This defines the remote SQL User ID.  It was formerly stored in the RPS_SQLUID field in the SSIRPS file."
"346","85","1","Database                                          ","SQL Database Name                                 ","0","This defines the remote SQL Database Name.  It was formerly stored in the RPS_SQLDB field in the SSIRPS file."
"347","85","7","ExecutionTimeout                                  ","Job Execution Timeout                             ","0","This defines the remote Job Execution Timeout value.  It was formerly stored in the RPS_JBEXTTO field in the SSIRPS file."
"348","85","1","JobServer                                         ","Job Server Name                                   ","0","This defines the remote Smartstream Job Server Name.  It was formerly stored in the RPS_JOBSRV field in the SSIRPS file."
"349","85","1","PackageID                                         ","Package ID                                        ","0","This defines the remote Package ID.  It was formerly stored in the RPS_PKGID field in the SSIRPS file."
"350","85","1","Password                                          ","SQL Password                                      ","0","This defines the remote SQL Password.  It was formerly stored in the RPS_SQLPWD field in the SSIRPS file."
"351","85","7","PendingTimeout                                    ","Job Pending Timeout                               ","0","This defines the remote Job Pending Timeout value.  It was formerly stored in the RPS_JBPNTO field in the SSIRPS file."
"352","85","7","PendingTimeout2                                   ","Job 2 Pending Timeout                             ","0","This defines the remote Secondary Job Pending Timeout value.  It was formerly stored in the RPS_J2PNTO field in the SSIRPS file."
"353","85","1","Server                                            ","SQL Server Name                                   ","0","This defines the remote SQL Server Name.  It was formerly stored in the RPS_SQLSRV field in the SSIRPS file."
"354","85","7","StartTimeout                                      ","Job Start Timeout                                 ","0","This defines the remote Job Start Timeout value.  It was formerly stored in the RPS_JBSTTO field in the SSIRPS file."
"355","85","1","User                                              ","SQL User ID                                       ","0","This defines the remote SQL User ID.  It was formerly stored in the RPS_SQLUID field in the SSIRPS file."
"356","86","1","Database                                          ","SQL Database Name                                 ","0","This defines the remote SQL Database Name.  It was formerly stored in the RPS_SQLDB field in the SSIRPS file."
"357","86","7","ExecutionTimeout                                  ","Job Execution Timeout                             ","0","This defines the remote Job Execution Timeout value.  It was formerly stored in the RPS_JBEXTTO field in the SSIRPS file."
"358","86","1","JobServer                                         ","Job Server Name                                   ","0","This defines the remote Smartstream Job Server Name.  It was formerly stored in the RPS_JOBSRV field in the SSIRPS file."
"359","86","1","PackageID                                         ","Package ID                                        ","0","This defines the remote Package ID.  It was formerly stored in the RPS_PKGID field in the SSIRPS file."
"360","86","1","Password                                          ","SQL Password                                      ","0","This defines the remote SQL Password.  It was formerly stored in the RPS_SQLPWD field in the SSIRPS file."
"361","86","7","PendingTimeout                                    ","Job Pending Timeout                               ","0","This defines the remote Job Pending Timeout value.  It was formerly stored in the RPS_JBPNTO field in the SSIRPS file."
"362","86","7","PendingTimeout2                                   ","Job 2 Pending Timeout                             ","0","This defines the remote Secondary Job Pending Timeout value.  It was formerly stored in the RPS_J2PNTO field in the SSIRPS file."
"363","86","1","Server                                            ","SQL Server Name                                   ","0","This defines the remote SQL Server Name.  It was formerly stored in the RPS_SQLSRV field in the SSIRPS file."
"364","86","7","StartTimeout                                      ","Job Start Timeout                                 ","0","This defines the remote Job Start Timeout value.  It was formerly stored in the RPS_JBSTTO field in the SSIRPS file."
"365","86","1","User                                              ","SQL User ID                                       ","0","This defines the remote SQL User ID.  It was formerly stored in the RPS_SQLUID field in the SSIRPS file."
"366","87","1","Database                                          ","SQL Database Name                                 ","0","This defines the remote SQL Database Name.  It was formerly stored in the RPS_SQLDB field in the SSIRPS file."
"367","87","7","ExecutionTimeout                                  ","Job Execution Timeout                             ","0","This defines the remote Job Execution Timeout value.  It was formerly stored in the RPS_JBEXTTO field in the SSIRPS file."
"368","87","1","JobServer                                         ","Job Server Name                                   ","0","This defines the remote Smartstream Job Server Name.  It was formerly stored in the RPS_JOBSRV field in the SSIRPS file."
"369","87","1","PackageID                                         ","Package ID                                        ","0","This defines the remote Package ID.  It was formerly stored in the RPS_PKGID field in the SSIRPS file."
"370","87","1","Password                                          ","SQL Password                                      ","0","This defines the remote SQL Password.  It was formerly stored in the RPS_SQLPWD field in the SSIRPS file."
"371","87","7","PendingTimeout                                    ","Job Pending Timeout                               ","0","This defines the remote Job Pending Timeout value.  It was formerly stored in the RPS_JBPNTO field in the SSIRPS file."
"372","87","7","PendingTimeout2                                   ","Job 2 Pending Timeout                             ","0","This defines the remote Secondary Job Pending Timeout value.  It was formerly stored in the RPS_J2PNTO field in the SSIRPS file."
"373","87","1","Server                                            ","SQL Server Name                                   ","0","This defines the remote SQL Server Name.  It was formerly stored in the RPS_SQLSRV field in the SSIRPS file."
"374","87","7","StartTimeout                                      ","Job Start Timeout                                 ","0","This defines the remote Job Start Timeout value.  It was formerly stored in the RPS_JBSTTO field in the SSIRPS file."
"375","87","1","User                                              ","SQL User ID                                       ","0","This defines the remote SQL User ID.  It was formerly stored in the RPS_SQLUID field in the SSIRPS file."
"376","88","1","Database                                          ","SQL Database Name                                 ","0","This defines the remote SQL Database Name.  It was formerly stored in the RPS_SQLDB field in the SSIRPS file."
"377","88","7","ExecutionTimeout                                  ","Job Execution Timeout                             ","0","This defines the remote Job Execution Timeout value.  It was formerly stored in the RPS_JBEXTTO field in the SSIRPS file."
"378","88","1","JobServer                                         ","Job Server Name                                   ","0","This defines the remote Smartstream Job Server Name.  It was formerly stored in the RPS_JOBSRV field in the SSIRPS file."
"379","88","1","PackageID                                         ","Package ID                                        ","0","This defines the remote Package ID.  It was formerly stored in the RPS_PKGID field in the SSIRPS file."
"380","88","1","Password                                          ","SQL Password                                      ","0","This defines the remote SQL Password.  It was formerly stored in the RPS_SQLPWD field in the SSIRPS file."
"381","88","7","PendingTimeout                                    ","Job Pending Timeout                               ","0","This defines the remote Job Pending Timeout value.  It was formerly stored in the RPS_JBPNTO field in the SSIRPS file."
"382","88","7","PendingTimeout2                                   ","Job 2 Pending Timeout                             ","0","This defines the remote Secondary Job Pending Timeout value.  It was formerly stored in the RPS_J2PNTO field in the SSIRPS file."
"383","88","1","Server                                            ","SQL Server Name                                   ","0","This defines the remote SQL Server Name.  It was formerly stored in the RPS_SQLSRV field in the SSIRPS file."
"384","88","7","StartTimeout                                      ","Job Start Timeout                                 ","0","This defines the remote Job Start Timeout value.  It was formerly stored in the RPS_JBSTTO field in the SSIRPS file."
"385","88","1","User                                              ","SQL User ID                                       ","0","This defines the remote SQL User ID.  It was formerly stored in the RPS_SQLUID field in the SSIRPS file."
"386","89","1","Database                                          ","SQL Database Name                                 ","0","This defines the remote SQL Database Name.  It was formerly stored in the RPS_SQLDB field in the SSIRPS file."
"387","89","7","ExecutionTimeout                                  ","Job Execution Timeout                             ","0","This defines the remote Job Execution Timeout value.  It was formerly stored in the RPS_JBEXTTO field in the SSIRPS file."
"388","89","1","JobServer                                         ","Job Server Name                                   ","0","This defines the remote Smartstream Job Server Name.  It was formerly stored in the RPS_JOBSRV field in the SSIRPS file."
"389","89","1","PackageID                                         ","Package ID                                        ","0","This defines the remote Package ID.  It was formerly stored in the RPS_PKGID field in the SSIRPS file."
"390","89","1","Password                                          ","SQL Password                                      ","0","This defines the remote SQL Password.  It was formerly stored in the RPS_SQLPWD field in the SSIRPS file."
"391","89","7","PendingTimeout                                    ","Job Pending Timeout                               ","0","This defines the remote Job Pending Timeout value.  It was formerly stored in the RPS_JBPNTO field in the SSIRPS file."
"392","89","7","PendingTimeout2                                   ","Job 2 Pending Timeout                             ","0","This defines the remote Secondary Job Pending Timeout value.  It was formerly stored in the RPS_J2PNTO field in the SSIRPS file."
"393","89","1","Server                                            ","SQL Server Name                                   ","0","This defines the remote SQL Server Name.  It was formerly stored in the RPS_SQLSRV field in the SSIRPS file."
"394","89","7","StartTimeout                                      ","Job Start Timeout                                 ","0","This defines the remote Job Start Timeout value.  It was formerly stored in the RPS_JBSTTO field in the SSIRPS file."
"395","89","1","User                                              ","SQL User ID                                       ","0","This defines the remote SQL User ID.  It was formerly stored in the RPS_SQLUID field in the SSIRPS file."
"396","90","1","Database                                          ","SQL Database Name                                 ","0","This defines the remote SQL Database Name.  It was formerly stored in the RPS_SQLDB field in the SSIRPS file."
"397","90","7","ExecutionTimeout                                  ","Job Execution Timeout                             ","0","This defines the remote Job Execution Timeout value.  It was formerly stored in the RPS_JBEXTTO field in the SSIRPS file."
"398","90","1","JobServer                                         ","Job Server Name                                   ","0","This defines the remote Smartstream Job Server Name.  It was formerly stored in the RPS_JOBSRV field in the SSIRPS file."
"399","90","1","PackageID                                         ","Package ID                                        ","0","This defines the remote Package ID.  It was formerly stored in the RPS_PKGID field in the SSIRPS file."
"400","90","1","Password                                          ","SQL Password                                      ","0","This defines the remote SQL Password.  It was formerly stored in the RPS_SQLPWD field in the SSIRPS file."
"401","90","7","PendingTimeout                                    ","Job Pending Timeout                               ","0","This defines the remote Job Pending Timeout value.  It was formerly stored in the RPS_JBPNTO field in the SSIRPS file."
"402","90","7","PendingTimeout2                                   ","Job 2 Pending Timeout                             ","0","This defines the remote Secondary Job Pending Timeout value.  It was formerly stored in the RPS_J2PNTO field in the SSIRPS file."
"403","90","1","Server                                            ","SQL Server Name                                   ","0","This defines the remote SQL Server Name.  It was formerly stored in the RPS_SQLSRV field in the SSIRPS file."
"404","90","7","StartTimeout                                      ","Job Start Timeout                                 ","0","This defines the remote Job Start Timeout value.  It was formerly stored in the RPS_JBSTTO field in the SSIRPS file."
"405","90","1","User                                              ","SQL User ID                                       ","0","This defines the remote SQL User ID.  It was formerly stored in the RPS_SQLUID field in the SSIRPS file."
"406","91","1","Database                                          ","SQL Database Name                                 ","0","This defines the remote SQL Database Name.  It was formerly stored in the RPS_SQLDB field in the SSIRPS file."
"407","91","7","ExecutionTimeout                                  ","Job Execution Timeout                             ","0","This defines the remote Job Execution Timeout value.  It was formerly stored in the RPS_JBEXTTO field in the SSIRPS file."
"408","91","1","JobServer                                         ","Job Server Name                                   ","0","This defines the remote Smartstream Job Server Name.  It was formerly stored in the RPS_JOBSRV field in the SSIRPS file."
"409","91","1","PackageID                                         ","Package ID                                        ","0","This defines the remote Package ID.  It was formerly stored in the RPS_PKGID field in the SSIRPS file."
"410","91","1","Password                                          ","SQL Password                                      ","0","This defines the remote SQL Password.  It was formerly stored in the RPS_SQLPWD field in the SSIRPS file."
"411","91","7","PendingTimeout                                    ","Job Pending Timeout                               ","0","This defines the remote Job Pending Timeout value.  It was formerly stored in the RPS_JBPNTO field in the SSIRPS file."
"412","91","7","PendingTimeout2                                   ","Job 2 Pending Timeout                             ","0","This defines the remote Secondary Job Pending Timeout value.  It was formerly stored in the RPS_J2PNTO field in the SSIRPS file."
"413","91","1","Server                                            ","SQL Server Name                                   ","0","This defines the remote SQL Server Name.  It was formerly stored in the RPS_SQLSRV field in the SSIRPS file."
"414","91","7","StartTimeout                                      ","Job Start Timeout                                 ","0","This defines the remote Job Start Timeout value.  It was formerly stored in the RPS_JBSTTO field in the SSIRPS file."
"415","91","1","User                                              ","SQL User ID                                       ","0","This defines the remote SQL User ID.  It was formerly stored in the RPS_SQLUID field in the SSIRPS file."
"416","92","1","Database                                          ","SQL Database Name                                 ","0","This defines the remote SQL Database Name.  It was formerly stored in the RPS_SQLDB field in the SSIRPS file."
"417","92","7","ExecutionTimeout                                  ","Job Execution Timeout                             ","0","This defines the remote Job Execution Timeout value.  It was formerly stored in the RPS_JBEXTTO field in the SSIRPS file."
"418","92","1","JobServer                                         ","Job Server Name                                   ","0","This defines the remote Smartstream Job Server Name.  It was formerly stored in the RPS_JOBSRV field in the SSIRPS file."
"419","92","1","PackageID                                         ","Package ID                                        ","0","This defines the remote Package ID.  It was formerly stored in the RPS_PKGID field in the SSIRPS file."
"420","92","1","Password                                          ","SQL Password                                      ","0","This defines the remote SQL Password.  It was formerly stored in the RPS_SQLPWD field in the SSIRPS file."
"421","92","7","PendingTimeout                                    ","Job Pending Timeout                               ","0","This defines the remote Job Pending Timeout value.  It was formerly stored in the RPS_JBPNTO field in the SSIRPS file."
"422","92","7","PendingTimeout2                                   ","Job 2 Pending Timeout                             ","0","This defines the remote Secondary Job Pending Timeout value.  It was formerly stored in the RPS_J2PNTO field in the SSIRPS file."
"423","92","1","Server                                            ","SQL Server Name                                   ","0","This defines the remote SQL Server Name.  It was formerly stored in the RPS_SQLSRV field in the SSIRPS file."
"424","92","7","StartTimeout                                      ","Job Start Timeout                                 ","0","This defines the remote Job Start Timeout value.  It was formerly stored in the RPS_JBSTTO field in the SSIRPS file."
"425","92","1","User                                              ","SQL User ID                                       ","0","This defines the remote SQL User ID.  It was formerly stored in the RPS_SQLUID field in the SSIRPS file."
"426","93","1","Database                                          ","SQL Database Name                                 ","0","This defines the remote SQL Database Name.  It was formerly stored in the RPS_SQLDB field in the SSIRPS file."
"427","93","7","ExecutionTimeout                                  ","Job Execution Timeout                             ","0","This defines the remote Job Execution Timeout value.  It was formerly stored in the RPS_JBEXTTO field in the SSIRPS file."
"428","93","1","JobServer                                         ","Job Server Name                                   ","0","This defines the remote Smartstream Job Server Name.  It was formerly stored in the RPS_JOBSRV field in the SSIRPS file."
"429","93","1","PackageID                                         ","Package ID                                        ","0","This defines the remote Package ID.  It was formerly stored in the RPS_PKGID field in the SSIRPS file."
"430","93","1","Password                                          ","SQL Password                                      ","0","This defines the remote SQL Password.  It was formerly stored in the RPS_SQLPWD field in the SSIRPS file."
"431","93","7","PendingTimeout                                    ","Job Pending Timeout                               ","0","This defines the remote Job Pending Timeout value.  It was formerly stored in the RPS_JBPNTO field in the SSIRPS file."
"432","93","7","PendingTimeout2                                   ","Job 2 Pending Timeout                             ","0","This defines the remote Secondary Job Pending Timeout value.  It was formerly stored in the RPS_J2PNTO field in the SSIRPS file."
"433","93","1","Server                                            ","SQL Server Name                                   ","0","This defines the remote SQL Server Name.  It was formerly stored in the RPS_SQLSRV field in the SSIRPS file."
"434","93","7","StartTimeout                                      ","Job Start Timeout                                 ","0","This defines the remote Job Start Timeout value.  It was formerly stored in the RPS_JBSTTO field in the SSIRPS file."
"435","93","1","User                                              ","SQL User ID                                       ","0","This defines the remote SQL User ID.  It was formerly stored in the RPS_SQLUID field in the SSIRPS file."
"436","94","1","Database                                          ","SQL Database Name                                 ","0","This defines the remote SQL Database Name.  It was formerly stored in the RPS_SQLDB field in the SSIRPS file."
"437","94","7","ExecutionTimeout                                  ","Job Execution Timeout                             ","0","This defines the remote Job Execution Timeout value.  It was formerly stored in the RPS_JBEXTTO field in the SSIRPS file."
"438","94","1","JobServer                                         ","Job Server Name                                   ","0","This defines the remote Smartstream Job Server Name.  It was formerly stored in the RPS_JOBSRV field in the SSIRPS file."
"439","94","1","PackageID                                         ","Package ID                                        ","0","This defines the remote Package ID.  It was formerly stored in the RPS_PKGID field in the SSIRPS file."
"440","94","1","Password                                          ","SQL Password                                      ","0","This defines the remote SQL Password.  It was formerly stored in the RPS_SQLPWD field in the SSIRPS file."
"441","94","7","PendingTimeout                                    ","Job Pending Timeout                               ","0","This defines the remote Job Pending Timeout value.  It was formerly stored in the RPS_JBPNTO field in the SSIRPS file."
"442","94","7","PendingTimeout2                                   ","Job 2 Pending Timeout                             ","0","This defines the remote Secondary Job Pending Timeout value.  It was formerly stored in the RPS_J2PNTO field in the SSIRPS file."
"443","94","1","Server                                            ","SQL Server Name                                   ","0","This defines the remote SQL Server Name.  It was formerly stored in the RPS_SQLSRV field in the SSIRPS file."
"444","94","7","StartTimeout                                      ","Job Start Timeout                                 ","0","This defines the remote Job Start Timeout value.  It was formerly stored in the RPS_JBSTTO field in the SSIRPS file."
"445","94","1","User                                              ","SQL User ID                                       ","0","This defines the remote SQL User ID.  It was formerly stored in the RPS_SQLUID field in the SSIRPS file."
"446","95","1","Database                                          ","SQL Database Name                                 ","0","This defines the remote SQL Database Name.  It was formerly stored in the RPS_SQLDB field in the SSIRPS file."
"447","95","7","ExecutionTimeout                                  ","Job Execution Timeout                             ","0","This defines the remote Job Execution Timeout value.  It was formerly stored in the RPS_JBEXTTO field in the SSIRPS file."
"448","95","1","JobServer                                         ","Job Server Name                                   ","0","This defines the remote Smartstream Job Server Name.  It was formerly stored in the RPS_JOBSRV field in the SSIRPS file."
"449","95","1","PackageID                                         ","Package ID                                        ","0","This defines the remote Package ID.  It was formerly stored in the RPS_PKGID field in the SSIRPS file."
"450","95","1","Password                                          ","SQL Password                                      ","0","This defines the remote SQL Password.  It was formerly stored in the RPS_SQLPWD field in the SSIRPS file."
"451","95","7","PendingTimeout                                    ","Job Pending Timeout                               ","0","This defines the remote Job Pending Timeout value.  It was formerly stored in the RPS_JBPNTO field in the SSIRPS file."
"452","95","7","PendingTimeout2                                   ","Job 2 Pending Timeout                             ","0","This defines the remote Secondary Job Pending Timeout value.  It was formerly stored in the RPS_J2PNTO field in the SSIRPS file."
"453","95","1","Server                                            ","SQL Server Name                                   ","0","This defines the remote SQL Server Name.  It was formerly stored in the RPS_SQLSRV field in the SSIRPS file."
"454","95","7","StartTimeout                                      ","Job Start Timeout                                 ","0","This defines the remote Job Start Timeout value.  It was formerly stored in the RPS_JBSTTO field in the SSIRPS file."
"455","95","1","User                                              ","SQL User ID                                       ","0","This defines the remote SQL User ID.  It was formerly stored in the RPS_SQLUID field in the SSIRPS file."
"456","96","1","Database                                          ","SQL Database Name                                 ","0","This defines the remote SQL Database Name.  It was formerly stored in the RPS_SQLDB field in the SSIRPS file."
"457","96","7","ExecutionTimeout                                  ","Job Execution Timeout                             ","0","This defines the remote Job Execution Timeout value.  It was formerly stored in the RPS_JBEXTTO field in the SSIRPS file."
"458","96","1","JobServer                                         ","Job Server Name                                   ","0","This defines the remote Smartstream Job Server Name.  It was formerly stored in the RPS_JOBSRV field in the SSIRPS file."
"459","96","1","PackageID                                         ","Package ID                                        ","0","This defines the remote Package ID.  It was formerly stored in the RPS_PKGID field in the SSIRPS file."
"460","96","1","Password                                          ","SQL Password                                      ","0","This defines the remote SQL Password.  It was formerly stored in the RPS_SQLPWD field in the SSIRPS file."
"461","96","7","PendingTimeout                                    ","Job Pending Timeout                               ","0","This defines the remote Job Pending Timeout value.  It was formerly stored in the RPS_JBPNTO field in the SSIRPS file."
"462","96","7","PendingTimeout2                                   ","Job 2 Pending Timeout                             ","0","This defines the remote Secondary Job Pending Timeout value.  It was formerly stored in the RPS_J2PNTO field in the SSIRPS file."
"463","96","1","Server                                            ","SQL Server Name                                   ","0","This defines the remote SQL Server Name.  It was formerly stored in the RPS_SQLSRV field in the SSIRPS file."
"464","96","7","StartTimeout                                      ","Job Start Timeout                                 ","0","This defines the remote Job Start Timeout value.  It was formerly stored in the RPS_JBSTTO field in the SSIRPS file."
"465","96","1","User                                              ","SQL User ID                                       ","0","This defines the remote SQL User ID.  It was formerly stored in the RPS_SQLUID field in the SSIRPS file."
"466","97","1","Database                                          ","SQL Database Name                                 ","0","This defines the remote SQL Database Name.  It was formerly stored in the RPS_SQLDB field in the SSIRPS file."
"467","97","7","ExecutionTimeout                                  ","Job Execution Timeout                             ","0","This defines the remote Job Execution Timeout value.  It was formerly stored in the RPS_JBEXTTO field in the SSIRPS file."
"468","97","1","JobServer                                         ","Job Server Name                                   ","0","This defines the remote Smartstream Job Server Name.  It was formerly stored in the RPS_JOBSRV field in the SSIRPS file."
"469","97","1","PackageID                                         ","Package ID                                        ","0","This defines the remote Package ID.  It was formerly stored in the RPS_PKGID field in the SSIRPS file."
"470","97","1","Password                                          ","SQL Password                                      ","0","This defines the remote SQL Password.  It was formerly stored in the RPS_SQLPWD field in the SSIRPS file."
"471","97","7","PendingTimeout                                    ","Job Pending Timeout                               ","0","This defines the remote Job Pending Timeout value.  It was formerly stored in the RPS_JBPNTO field in the SSIRPS file."
"472","97","7","PendingTimeout2                                   ","Job 2 Pending Timeout                             ","0","This defines the remote Secondary Job Pending Timeout value.  It was formerly stored in the RPS_J2PNTO field in the SSIRPS file."
"473","97","1","Server                                            ","SQL Server Name                                   ","0","This defines the remote SQL Server Name.  It was formerly stored in the RPS_SQLSRV field in the SSIRPS file."
"474","97","7","StartTimeout                                      ","Job Start Timeout                                 ","0","This defines the remote Job Start Timeout value.  It was formerly stored in the RPS_JBSTTO field in the SSIRPS file."
"475","97","1","User                                              ","SQL User ID                                       ","0","This defines the remote SQL User ID.  It was formerly stored in the RPS_SQLUID field in the SSIRPS file."
"476","57","1","UseConfig                                         ","Use Configuration Values                          ","1","This YES/NO value will define whether SSI configuration values are loaded from the Configuration System, or from the SSI tables.  The various maintenance programs have been modified to allow maintenance of the SSI programs if the value is NO, and to display the Config values if the value is YES.  The actual interface functions are conditioned to execute cinsistent with this paradigm.  This is being introduced so that testing can occur in isolated environments without affecting the performance and bahavior of the SSI in other environemnts.  It is intended that this be a transitional value.  Once the code changes are moved to production on FCB, the usage of this flag should be elimiinated, and only Config values should be used to control the beavior of the SSI."
"915","127","1","PublicKeyID                                       ","Public Key ID                                     ","0",""
"916","127","1","PGPKeyRing                                        ","PGP Key Ring                                      ","0",""
"917","132","1","PublicKeyID                                       ","Public Key ID                                     ","0",""
"918","132","1","PGPKeyRing                                        ","PGP Key Ring                                      ","0",""
"1052","101","1","Direction                                         ","Direction                                         ","0",""
"483","99","1","EncryptMethod                                     ","Encryption Method: PGP or NONE                    ","0","Currently PGP is the only encryption method set up."
"919","99","1","ProjectPath                                       ","Project Path                                      ","0",""
"484","99","1","ExportType                                        ","Type of Export: *PDF or *TEXT                     ","0",""
"485","99","1","Orientation                                       ","Orientation: *LETTER or *LEGAL                    ","0",""
"920","127","1","ProjectPath                                       ","Project Path                                      ","0",""
"487","99","1","StagingDir                                        ","Staging Directory                                 ","0",""
"488","99","1","ZipMethod                                         ","Zip Method: NONE or valid value                   ","0","Valid values are NONE, standard, aes-128, aes-192, aes-256"
"489","99","1","ZipPW                                             ","Zip Password                                      ","0",""
"490","100","1","LabelFolderPath                                   ","Label Folder Path                                 ","0",""
"491","99","1","ProjectName                                       ","Name of project used to send file                 ","0",""
"1053","101","1","Resource                                          ","Resource                                          ","0",""
"1057","127","1","RemoteDir                                         ","Remote Directory                                  ","0",""
"1054","102","1","Direction                                         ","Direction                                         ","0",""
"496","101","1","ProjectPath                                       ","Project Path                                      ","0",""
"497","101","1","GAProject                                         ","Go Anywhere Project                               ","0",""
"1255","120","1","LocalDir                                          ","Local Directory                                   ","0",""
"499","101","1","RemoteFile                                        ","Remove File Name                                  ","0",""
"500","101","1","LocalFile                                         ","Local File                                        ","0",""
"501","102","1","GAProject                                         ","GoAnywhere Project                                ","0",""
"603","110","1","EncryptedFile                                     ","Encrypted File Name                               ","0",""
"503","102","1","LocalFile                                         ","Local File                                        ","0",""
"504","102","1","ProjectPath                                       ","GA Project Path                                   ","0",""
"505","102","1","RemoteFile                                        ","Remote File                                       ","0",""
"1055","102","1","Resource                                          ","Resource                                          ","0",""
"1058","111","1","RemoteDir                                         ","Remote Directory                                  ","0",""
"604","110","1","EncryptKeyID                                      ","Encryption Key ID                                 ","0",""
"1059","132","1","RemoteDir                                         ","Remote Directory                                  ","0",""
"930","142","2","OPOTransferTranRev                                ","Other Property Owned Transfer Reversal Tran Code  ","0",""
"931","143","1","NonAccrualCode                                    ","Non-Accrual Code                                  ","0",""
"932","143","1","NacIntFeesToPrinCode                              ","Non-Accrual/Interest & Fees to Principal Code     ","0",""
"1562","254","1","CSVfile                                           ","CSV File Name                                     ","0",""
"1560","221","1","Resource2                                         ","Resource 2                                        ","0",""
"1563","254","1","GAProject                                         ","GoAnywhere Project Name                           ","0",""
"1564","254","1","Host                                              ","Host Server Name                                  ","0",""
"1565","254","1","OutputFile                                        ","Output File Name                                  ","0",""
"1566","254","1","Password                                          ","Password                                          ","0",""
"1567","254","1","ProjectPath                                       ","Project Path                                      ","0",""
"940","145","1","GAProject                                         ","GoAnywhere Project Name                           ","0",""
"941","145","1","ProjectPath                                       ","Project Path                                      ","0",""
"942","145","1","Resource                                          ","Resource - Network Share                          ","0",""
"943","145","1","Archive                                           ","Network Share Location                            ","0",""
"944","145","1","OutputFile                                        ","Output File Name                                  ","0",""
"945","145","1","CSVfile                                           ","CSV File Name                                     ","0",""
"946","145","1","User                                              ","User Id                                           ","0",""
"947","145","1","Password                                          ","Password                                          ","0",""
"1568","254","1","Resource                                          ","Resource - Network Share                          ","0",""
"949","146","1","Library                                           ","Library Name                                      ","0",""
"950","146","1","File                                              ","File Name                                         ","0",""
"951","146","1","ProjectPath                                       ","Project Path                                      ","0",""
"952","146","1","GAProject                                         ","GoAnywhere Project Name                           ","0",""
"953","146","1","Host                                              ","Host Server Name                                  ","0",""
"955","145","1","Host                                              ","Host Server Name                                  ","0",""
"956","147","1","ProjectPath                                       ","Project Path                                      ","0",""
"957","147","1","GAProject                                         ","GoAnywhere Project Name                           ","0",""
"958","147","1","Resource                                          ","GA Resource Name                                  ","0",""
"959","147","1","RemoteFile                                        ","Remote File Name                                  ","0",""
"960","147","1","LocalFile                                         ","Local File Directory and Name                     ","0",""
"961","147","1","ArchiveDir                                        ","Archive Directory Path                            ","0",""
"962","150","1","RemoteFile                                        ","Remote File Name                                  ","0",""
"963","150","1","LocalFile                                         ","Local Directory and File Name                     ","0",""
"964","150","1","Resource                                          ","Resource Name                                     ","0",""
"965","150","1","ArchiveDir                                        ","Archive Directory Name                            ","0",""
"966","150","1","GAProject                                         ","GoAnywhere Project Name                           ","0",""
"550","99","1","FilePrefix                                        ","File Prefix (ex. TEST or NONE)                    ","0","This will be added to the beginning of the remote file name unless the value is ""NONE""."
"551","100","1","LabelForm                                         ","Label Form                                        ","0",""
"552","100","1","LabelOutputFile                                   ","Label Output File                                 ","0",""
"553","100","1","LabelOutputLibrary                                ","Label Output Library                              ","0",""
"554","107","1","GAProject                                         ","GoAnywhere Project                                ","0",""
"555","107","1","LocalFile                                         ","Local File                                        ","0",""
"1256","202","1","GAProject                                         ","GoAnywhere Project                                ","0",""
"557","107","1","ProjectPath                                       ","Project Path                                      ","0",""
"558","107","1","RemoteFile                                        ","Remote File Name                                  ","0",""
"906","141","2","ARMAdvanceDays                                    ","ARM Advance Days For Repricing                    ","0",""
"560","107","1","Resource                                          ","SFTP Resource Name                                ","0",""
"827","120","1","DecryptedFile                                     ","Decrypted File                                    ","0",""
"907","141","2","IRADDaysPrior                                     ","Initial Rate Adjustment Disclosure Days Prior     ","0",""
"563","108","1","GAProject                                         ","GoAnywhere Project Name                           ","0",""
"564","108","1","LocalFile                                         ","Local File Name                                   ","0",""
"829","120","1","PassPhrase                                        ","Passphrase                                        ","0",""
"566","108","1","ProjectPath                                       ","Project Path                                      ","0",""
"567","108","1","RemoteFile                                        ","Remote File Name                                  ","0",""
"830","122","1","SecretKeyID                                       ","Secret Key ID                                     ","0",""
"824","110","1","SecretKeyID                                       ","Secret Key ID                                     ","0",""
"570","108","1","Resource                                          ","SFTP Resource Name                                ","0",""
"691","2","1","IFSuser                                           ","IFS Folder Security Manager User Id               ","0",""
"831","112","1","Action                                            ","Action                                            ","0",""
"692","2","1","IFSpw                                             ","IFS Folder Security Manager User Password         ","0",""
"839","122","1","PassPhrase                                        ","PassPhrase                                        ","0",""
"664","117","1","ArchiveFile                                       ","Archive File Name                                 ","0",""
"665","117","1","EncryptedFile                                     ","Encrypted File Name                               ","0",""
"666","117","1","EncryptKeyID                                      ","Encryption Key Id                                 ","0",""
"667","117","1","GAProject                                         ","GoAnywhere Project Name                           ","0",""
"668","117","1","LocalFile                                         ","Local File Name                                   ","0",""
"669","117","1","ProjectPath                                       ","Project Path                                      ","0",""
"670","117","1","RemoteFile                                        ","Remote File Name                                  ","0",""
"582","109","1","GET                                               ","B2B Site Name to use for a SFTP GET               ","0",""
"583","109","1","PUT                                               ","B2B Site Name to use for a SFTP PUT               ","0",""
"671","117","6","RemoteIPAddress                                   ","Remote IP Address                                 ","0",""
"672","117","1","RemotePassword                                    ","Remote Password                                   ","0",""
"833","112","1","PassPhrase                                        ","PassPhrase                                        ","0",""
"1060","166","1","CvtToDBFile                                       ","Convert to DB File using *PRTCTL before sending   ","0",""
"587","54","1","GAProject                                         ","GoAnywhere Project                                ","0",""
"589","54","1","LocalFile                                         ","Local File Name                                   ","0",""
"590","54","1","ProjectPath                                       ","Project Path                                      ","0",""
"591","54","1","RemoteFile                                        ","Remote File Name                                  ","0",""
"840","114","1","PassPhrase                                        ","PassPhrase                                        ","0",""
"593","54","1","DecryptedFile                                     ","Decrypted File Name                               ","0",""
"834","114","1","SecretKeyID                                       ","Secret Key ID                                     ","0",""
"1061","166","1","EmailIDNoneSent                                   ","Email Process ID if no files sent                 ","0",""
"605","110","1","GAProject                                         ","GoAnywhere Project                                ","0",""
"1062","166","1","EmailIDSomeSent                                   ","Email Process ID if some files were sent          ","0",""
"606","110","1","LocalFile                                         ","Local File Name                                   ","0",""
"607","110","1","ProjectPath                                       ","Project Path                                      ","0",""
"608","110","1","RemoteFile                                        ","Remote File Name                                  ","0",""
"1266","122","1","LocalDir                                          ","Local Directory                                   ","0",""
"1268","204","1","GAProject                                         ","GoAnywhere Project                                ","0",""
"812","122","1","EncryptedFile                                     ","Encrypted File Name                               ","0",""
"914","99","1","Resource                                          ","Resource Name in GA                               ","0",""
"921","132","1","ProjectPath                                       ","Project Path                                      ","0",""
"673","117","1","RemoteUser                                        ","Remote User Id                                    ","0",""
"922","111","1","ArchiveFile                                       ","Archive File Name                                 ","0",""
"616","111","1","GAProject                                         ","GoAnywhere Project                                ","0",""
"617","111","1","ProjectPath                                       ","Project Path                                      ","0",""
"900","54","1","DelayTime                                         ","Delay Time                                        ","0",""
"674","116","1","ArchiveFile                                       ","Archive File NAME                                 ","0",""
"675","116","1","DecryptedFile                                     ","Decrypted File Name                               ","0",""
"621","111","1","EncryptKeyId                                      ","Public PGP Key Id                                 ","0",""
"676","116","1","EncryptedFile                                     ","Encrypted File Name                               ","0",""
"901","54","1","MaxAttempts                                       ","Max Attempts                                      ","0",""
"1257","202","1","ProjectPath                                       ","Project Path                                      ","0",""
"626","112","1","RemoteFile                                        ","Remote File Name                                  ","0",""
"627","112","1","LocalFile                                         ","Local File Name                                   ","0",""
"628","112","1","DecryptedFile                                     ","Decrypted File Name                               ","0",""
"629","112","1","EncryptedFile                                     ","Encrypted File Name                               ","0",""
"908","141","2","IRADDaysSet                                       ","Initial Rate Adjustment Disclosure Days Set       ","0",""
"631","112","1","GAProject                                         ","GoAnywhere Project                                ","0",""
"632","112","1","ProjectPath                                       ","Project Path                                      ","0",""
"815","114","6","RemoteIPAddress                                   ","r                                                 ","0",""
"816","114","1","RemotePassword                                    ","r                                                 ","0",""
"817","114","1","RemoteUser                                        ","r                                                 ","0",""
"636","114","1","RemoteFile                                        ","Remote File Name                                  ","0",""
"637","114","1","LocalFile                                         ","Local File Name                                   ","0",""
"638","114","1","EncryptedFile                                     ","Encrypted File Name                               ","0",""
"639","114","1","EncryptKeyID                                      ","Public PGP Key ID                                 ","0",""
"640","114","1","ArchiveFile                                       ","Archive File Name                                 ","0",""
"641","114","1","GAProject                                         ","GoAnywhere Project                                ","0",""
"642","114","1","ProjectPath                                       ","Project Path                                      ","0",""
"643","115","1","GAProject                                         ","GoAnywhere Project                                ","0",""
"644","115","1","ProjectPath                                       ","Project Path                                      ","0",""
"645","115","1","ArchiveFile                                       ","Archive File Name                                 ","0",""
"646","115","1","EncryptedFile                                     ","Encrypted File Name                               ","0",""
"647","115","1","DecryptedFile                                     ","Decrypted File Name                               ","0",""
"648","115","6","RemoteIPAddress                                   ","Remote IP Address                                 ","0",""
"649","115","1","RemoteUser                                        ","Remote User ID                                    ","0",""
"650","115","1","RemotePassword                                    ","Remote Password                                   ","0",""
"651","115","1","RemoteFile                                        ","Remote File Name                                  ","0",""
"652","115","1","LocalFile                                         ","Local File Name                                   ","0",""
"677","116","1","GAProject                                         ","GoAnywhere Project Name                           ","0",""
"678","116","1","LocalFile                                         ","Local File Name                                   ","0",""
"679","116","1","ProjectPath                                       ","Project Path                                      ","0",""
"680","116","1","RemoteFile                                        ","Remote File Name                                  ","0",""
"681","116","6","RemoteIPAddress                                   ","Remote IP Address                                 ","0",""
"682","116","1","RemotePassword                                    ","Remote Password                                   ","0",""
"683","116","1","RemoteUser                                        ","Remote User Name                                  ","0",""
"841","110","1","ArchiveFile                                       ","Archive File Name                                 ","0",""
"836","110","1","PassPhrase                                        ","PassPhrase                                        ","0",""
"842","133","1","Action                                            ","Action                                            ","0",""
"843","133","1","DecryptedFile                                     ","Dertypted File                                    ","0",""
"844","133","1","EncryptedFile                                     ","Encrypted File                                    ","0",""
"856","136","1","Action                                            ","Action                                            ","0",""
"1063","166","1","EncryptMethod                                     ","Encryption Method: PGP or NONE                    ","0",""
"846","133","1","LocalFile                                         ","Local File Name                                   ","0",""
"847","133","1","PassPhrase                                        ","PassPhrase                                        ","0",""
"699","120","1","GAProject                                         ","GA Project                                        ","0",""
"1258","202","1","LocalDir                                          ","Local Directory                                   ","0",""
"701","120","1","ProjectPath                                       ","Project Path                                      ","0",""
"702","120","1","RemoteFile                                        ","Remote File Name                                  ","0",""
"848","133","1","RemoteFile                                        ","Remote File Name                                  ","0",""
"849","133","1","Resource                                          ","Resource Name                                     ","0",""
"854","133","1","MaxAttempts                                       ","Maximum Attempts to Retry                         ","0",""
"851","133","1","GAProject                                         ","GoAnywhere Project Name                           ","0",""
"852","133","1","ProjectPath                                       ","Project Path                                      ","0",""
"855","133","1","DelayTime                                         ","Delay Time in Seconds before Retrying             ","0",""
"857","136","1","DecryptedFile                                     ","Decrypted File                                    ","0",""
"858","136","1","DelayTime                                         ","Delay Time                                        ","0",""
"859","136","1","EncryptedFile                                     ","Encrypted File                                    ","0",""
"712","122","1","GAProject                                         ","GA Project                                        ","0",""
"713","122","1","LocalFile                                         ","Local File Name                                   ","0",""
"714","122","1","ProjectPath                                       ","Project Path                                      ","0",""
"715","122","1","RemoteFile                                        ","Remote File Name                                  ","0",""
"814","114","1","Action                                            ","Action                                            ","0",""
"818","135","1","ProjectPath                                       ","Project Path                                      ","0",""
"819","135","1","GAProject1                                        ","GoAnywhere Project                                ","0",""
"750","129","1","GAProject                                         ","GoAnywhere Project Name                           ","0",""
"751","129","1","ProjectPath                                       ","Project Path                                      ","0",""
"752","130","1","GAProject                                         ","GoAnywhere Project Name                           ","0",""
"753","130","1","ProjectPath                                       ","Project Path                                      ","0",""
"792","132","1","ZipFileSet                                        ","File set to be grouped - NONE for TAXFILE         ","0","This should be NONE for the TAXFILE group since files will be sent one at a time."
"793","132","1","StagingName                                       ","Staging File Name (on local IFS)                  ","0","Enter USE PGM PARM if this value will be supplied as a parameter to the program."
"798","54","1","Resource                                          ","Resource                                          ","0",""
"860","136","1","GAProject                                         ","GoAnywhere Project                                ","0",""
"800","110","1","Resource                                          ","Resource                                          ","0",""
"801","120","1","Resource                                          ","Resource                                          ","0",""
"861","136","1","LocalFile                                         ","Local File Name                                   ","0",""
"803","122","1","Resource                                          ","Resource                                          ","0",""
"794","124","1","GAProject                                         ","GoAnywhere Project Name                           ","0",""
"795","124","1","ProjectPath                                       ","Project Path                                      ","0",""
"796","125","1","GAProject                                         ","GoAnywhere Project Name                           ","0",""
"734","126","1","GAProject                                         ","GoAnywhere Project Name                           ","0",""
"735","126","1","ProjectPath                                       ","Project Path                                      ","0",""
"779","127","1","GroupDesc                                         ","Spool File Group Description                      ","0","This description will be used when creating the Email body."
"797","125","1","ProjectPath                                       ","Project Path                                      ","0",""
"738","99","1","GroupDesc                                         ","Spool File Group Description                      ","0",""
"739","127","1","EncryptMethod                                     ","Encryption Method: PGP or NONE                    ","0",""
"740","127","1","ExportType                                        ","Type of Export: *PDF or *TEXT                     ","0",""
"741","127","1","FilePrefix                                        ","File Prefix (ex. TEST or NONE)                    ","0",""
"780","127","1","EmailIDNoneSent                                   ","Email Process ID if no files sent                 ","0","Email Process ID that corresponds with EMPCTL and EMRADD when no files were present to send.  Enter NONE if no email is to be sent."
"923","111","1","EncryptedFile                                     ","Encrypted File Name                               ","0",""
"744","127","1","Orientation                                       ","Orientation: *LETTER or *LEGAL                    ","0",""
"745","127","1","ProjectName                                       ","Name of GA Project used to send file              ","0",""
"746","127","1","Resource                                          ","Resource Name in GA                               ","0",""
"747","127","1","StagingDir                                        ","Staging Directory                                 ","0",""
"748","127","1","ZipFileSet                                        ","File set to be grouped by zipping                 ","0","This variable is used to identify the files to be included in the group... typically '*.txt' so all files within a directory are chosen."
"764","127","1","StagingName                                       ","Zipped Staging File                               ","0","This file will contain all the files in the group... zipped into a single file."
"804","112","1","Resource                                          ","Resource                                          ","0",""
"782","132","1","EmailIDSomeSent                                   ","Email Process ID if some records were sent        ","0","This Process ID corresponds to the one in the EMPCTL and EMRADD tables.  Enter NONE if no email is to be sent."
"862","136","1","MaxAttempts                                       ","Max Attempts                                      ","0",""
"765","127","1","EmailIDSomeSent                                   ","Email Process ID if some files were sent          ","0","Email Process ID that corresponds with EMPCTL and EMRADD when files are sent.  Enter NONE if no email is to be sent."
"783","132","1","EmailIDNoneSent                                   ","Email Process ID if no records were sent          ","0","This Process ID corresponds to the one in the EMPCTL and EMRADD tables.  Enter NONE if no email is to be sent when zero records exist."
"767","127","1","CvtToDBFile                                       ","Convert To DB File using *PRTCTL before sending   ","0","Convert spool file to a data base file with the CTLCHAR set to *PRTCTL before copying it to the IFS.Valid values are YES or NO."
"806","114","1","Resource                                          ","Resource                                          ","0",""
"784","132","1","EncryptMethod                                     ","Encryption Method: PGP or NONE                    ","0",""
"785","132","1","FilePrefix                                        ","File Prefix (ex. TEST or NONE)                    ","0",""
"786","132","1","GroupDesc                                         ","File Group Description                            ","0",""
"924","111","1","LocalFile                                         ","Local File Name                                   ","0",""
"788","132","1","ProjectName                                       ","Name of GA Project used to send file              ","0",""
"789","132","1","Resource                                          ","Resource Name                                     ","0",""
"790","132","1","StagingDir                                        ","Staging Directory (on local IFS)                  ","0",""
"1285","205","1","Abbrev                                            ","Abbreviation                                      ","0",""
"813","122","1","EncryptKeyID                                      ","Encrypted Key ID                                  ","0",""
"1286","205","1","Code                                              ","Parent Code                                       ","0",""
"1287","206","1","Abbrev                                            ","Abbreviation                                      ","0",""
"823","54","1","PassPhrase                                        ","Pass Phrase                                       ","0",""
"863","136","1","PassPhrase                                        ","PassPhrase                                        ","0",""
"864","136","1","ProjectPath                                       ","Project Path                                      ","0",""
"865","136","1","RemoteFile                                        ","Remote File Name                                  ","0",""
"866","136","1","Resource                                          ","Resource Name                                     ","0",""
"867","137","1","Action                                            ","Action                                            ","0",""
"868","137","1","EncryptedFile                                     ","Encrypted File                                    ","0",""
"869","137","1","EncryptKeyID                                      ","Encrypt Key ID                                    ","0",""
"870","137","1","GAProject                                         ","GoAnywhere Project                                ","0",""
"871","137","1","LocalFile                                         ","Local File Name                                   ","0",""
"872","137","1","PassPhrase                                        ","Passphrase                                        ","0",""
"873","137","1","ProjectPath                                       ","Project Path                                      ","0",""
"874","137","1","RemoteFile                                        ","Remote File Name                                  ","0",""
"875","137","1","Resource                                          ","Resource                                          ","0",""
"876","137","1","SecretKeyID                                       ","Secret Key ID                                     ","0",""
"877","138","1","Action                                            ","Action                                            ","0",""
"878","138","1","IFSFile                                           ","IFS File and Path                                 ","0",""
"879","138","1","NetworkFile                                       ","Network File and Path                             ","0",""
"880","138","1","Resource                                          ","Resource                                          ","0",""
"881","138","1","GAProject                                         ","GoAnywhwere Project Name                          ","0",""
"882","138","1","ProjectPath                                       ","Project Path                                      ","0",""
"883","139","1","Action                                            ","Action                                            ","0",""
"884","139","1","IFSFile                                           ","IFS File Name                                     ","0",""
"885","139","1","NetworkFile                                       ","Network File Name                                 ","0",""
"886","139","1","Resource                                          ","Resource                                          ","0",""
"887","139","1","GAProject                                         ","GoAnywhere Project                                ","0",""
"888","139","1","ProjectPath                                       ","Project Path                                      ","0",""
"889","140","1","Action                                            ","Action                                            ","0",""
"890","140","1","Resource                                          ","Resource                                          ","0",""
"891","140","1","IFSFile                                           ","IFS File Name                                     ","0",""
"892","140","1","NetworkFile                                       ","Newwork File name                                 ","0",""
"893","140","1","GAProject                                         ","GoAnywhere Project                                ","0",""
"894","140","1","ProjectPath                                       ","Project Path                                      ","0",""
"895","54","1","RemoteDirectory                                   ","Remote Directory                                  ","0",""
"896","133","1","RemoteDirectory                                   ","Remote Directory                                  ","0",""
"897","136","1","RemoteDirectory                                   ","Remote Directory                                  ","0",""
"898","120","1","RemoteDir                                         ","Remote Directory                                  ","0",""
"899","112","1","RemoteDirectory                                   ","Remote Directory                                  ","0",""
"1259","202","1","LocalFile                                         ","Local File                                        ","0",""
"904","112","1","DelayTime                                         ","Delay Time                                        ","0",""
"905","112","1","MaxAttempts                                       ","Max Attempts                                      ","0",""
"909","141","2","MaximumInterestRate                               ","Maximum Interest Rate                             ","0",""
"910","141","1","HUDPhoneNumber                                    ","HUD Phone Number                                  ","0",""
"911","141","1","HUDWebsite                                        ","HUD Website                                       ","0",""
"912","141","1","CFPBWebsite                                       ","CFPB Website                                      ","0",""
"913","111","1","Resource                                          ","Resource Name                                     ","0",""
"925","111","1","ZipFile                                           ","Zip File Name                                     ","0",""
"926","111","1","RemoteFile                                        ","Remote File Name                                  ","0",""
"927","142","1","RestructuredMgmtCode                              ","Restructured Loan Type Management Code            ","0",""
"928","142","1","BankruptcyMgmtCode                                ","Bankruptcy Management Code                        ","0",""
"929","142","2","OPOTransferTranCode                               ","Other Property Owned Transfer Transaction Code    ","0",""
"967","150","1","ProjectPath                                       ","GoAnywhere Project Path                           ","0",""
"968","148","1","GAProject                                         ","GoAnywhere Project Name                           ","0",""
"969","148","1","ProjectPath                                       ","Project Path                                      ","0",""
"970","148","1","RemoteFile                                        ","Remote File Name                                  ","0",""
"971","148","1","LocalFile                                         ","Local Directory and File Name                     ","0",""
"972","148","1","Resource                                          ","Resource Name                                     ","0",""
"973","148","1","ArchiveDir                                        ","Archive Directory Name                            ","0",""
"974","149","1","GAProject                                         ","GoAnywhere Project Name                           ","0",""
"975","149","1","ProjectPath                                       ","Project Path                                      ","0",""
"976","149","1","RemoteFile                                        ","Remote File Name                                  ","0",""
"977","149","1","LocalFile                                         ","Local File Name                                   ","0",""
"978","149","1","Resource                                          ","Resource Name                                     ","0",""
"979","149","1","ArchiveDir                                        ","Archive Directory Path                            ","0",""
"980","141","1","HybridArmNextWithCap                              ","Hybrid ARM Next Loan Product Code with ARM Cap    ","0",""
"981","141","1","HybridArmNextWOutCap                              ","Hybrid ARM Next Loan Product Code without ARM Cap ","0",""
"982","130","1","GAProjectDel                                      ","GoAnywhere Project Name                           ","0",""
"983","126","1","GAProjectDel                                      ","GoAnywhere Project Name                           ","0",""
"1032","160","1","SMTPServer                                        ","SMTP Server                                       ","0",""
"985","141","2","ArmCapPercent                                     ","ARM Cap Percent                                   ","0",""
"1569","254","1","User                                              ","User Id                                           ","0",""
"1570","255","1","ArchiveFolder                                     ","Archive Folder                                    ","0",""
"1571","255","1","LocalFile                                         ","Local File                                        ","0",""
"1572","255","1","LocalSubdirectory                                 ","Local Subdirectory                                ","0",""
"1573","255","1","LocalShare                                        ","Local Share                                       ","0",""
"1574","255","1","RemoteDirectory                                   ","Remote Directory                                  ","0",""
"993","152","1","InterestOnly                                      ","Interest Only Payment Code                        ","0",""
"994","152","1","PaymentAtMaturity                                 ","Payment At Maturity Payment Code                  ","0",""
"995","152","1","PrincipalAndInterest                              ","Principal and Interest Payment Code               ","0",""
"996","152","1","PrincipalOnly                                     ","Principal Only Payment Code                       ","0",""
"997","152","1","PrincipalPlsInterest                              ","Principal plus Interest Payment Code              ","0",""
"998","152","1","RegularLoanPayment                                ","Regular Loan Payment Payment Code                 ","0",""
"999","153","1","System                                            ","Cardinal System Library List                      ","0","Cardinal System Library List with system and program libraries only."
"1003","37","1","URL                                               ","URL                                               ","0",""
"1064","166","1","ExportType                                        ","Type of Export: *PDF or *TEXT                     ","0",""
"1005","154","1","Resource                                          ","Resource Name for shared folder                   ","0",""
"1006","154","1","HostLibrary                                       ","Host Library                                      ","0",""
"1009","154","1","ProjectPath                                       ","Project Path                                      ","0",""
"1008","154","1","HostServer                                        ","Host Server                                       ","0",""
"1010","154","1","RemoteFile                                        ","Remote File                                       ","0",""
"1015","156","1","ResolutionTyp                                     ","Resolution Type                                   ","0",""
"1021","157","1","GAProject                                         ","GoAnywhere Project Name                           ","0",""
"1016","156","1","TranReqMsg                                        ","Transaction Request Message                       ","0",""
"1017","156","1","TranID                                            ","Transaction ID                                    ","0",""
"1018","156","1","CID_UserID                                        ","CID User ID                                       ","0",""
"1019","156","1","CID_Pswd                                          ","CID Password                                      ","0",""
"1020","156","1","CID_LinkPrg                                       ","CID Link Program                                  ","0",""
"1022","157","1","ProjectPath                                       ","Project Path                                      ","0",""
"1051","165","1","DBType                                            ","Data Base Type                                    ","0",""
"1065","166","1","FilePrefix                                        ","File Prefix: TEST or NONE                         ","0",""
"1047","164","1","GAProject                                         ","GA Project                                        ","0",""
"1066","166","1","GroupDesc                                         ","Spool File Group Description                      ","0",""
"1067","166","1","Orientation                                       ","Orientation: *LETTER or *LEGAL                    ","0",""
"1033","160","1","GAProject                                         ","GA Project                                        ","0",""
"1034","160","1","ProjectPath                                       ","Project Path                                      ","0",""
"1046","163","1","GlobalTestVariable                                ","Test Global Scope                                 ","0",""
"1040","162","1","FromAddress                                       ","From Address                                      ","0",""
"1048","164","1","ProjectPath                                       ","Project Path                                      ","0",""
"1049","164","1","DBServer                                          ","DataBase Server                                   ","0",""
"1050","164","1","Resource                                          ","Resource                                          ","0",""
"1068","166","1","PGPKeyRing                                        ","PGP Key Ring                                      ","0",""
"1041","162","1","ToAddress                                         ","To Address                                        ","0",""
"1042","162","1","GAProject                                         ","GA Project                                        ","0",""
"1043","162","1","ProjectPath                                       ","Project Path                                      ","0",""
"1044","162","1","SubjectLine                                       ","Subject Line                                      ","0",""
"1045","162","1","SMTPServer                                        ","SMTP Server                                       ","0",""
"1069","166","1","ProjectName                                       ","Project Name in GoAnywhere                        ","0",""
"1070","166","1","ProjectPath                                       ","Project Path                                      ","0",""
"1071","166","1","PublicKeyID                                       ","Public Key ID                                     ","0",""
"1072","166","1","RemoteDir                                         ","Remote Directory                                  ","0",""
"1073","166","1","Resource                                          ","Resource Name in GA                               ","0",""
"1074","166","1","StagingDir                                        ","Staging Directory in the IFS                      ","0",""
"1075","166","1","StagingName                                       ","Zipped Staging File                               ","0",""
"1076","166","1","ZipFileSet                                        ","File Set to be grouped by zipping                 ","0",""
"1077","54","1","OnErrorContinue                                   ","On Error Continu                                  ","0",""
"1078","54","1","OnErrorMailID                                     ","On Error Mail ID                                  ","0",""
"1187","182","1","LocalDirectory                                    ","Local Directory                                   ","0",""
"1188","182","1","RemoteDirectory                                   ","Remote Directory                                  ","0",""
"1189","182","1","RemoteFile                                        ","Remote File Name                                  ","0",""
"1190","182","1","Resource                                          ","Resource Name                                     ","0",""
"1191","182","1","GAProject                                         ","GoAnywhere Project Name                           ","0",""
"1192","182","1","ProjectPath                                       ","Project Path                                      ","0",""
"1193","183","1","GAProject                                         ","GoAnywhere Project                                ","0",""
"1086","168","1","LocalFile                                         ","Local File                                        ","0",""
"1087","168","1","RemoteFile                                        ","Remote File                                       ","0",""
"1472","238","1","SFTPFile                                          ","SFTP File Name                                    ","0",""
"1088","168","1","Resource                                          ","Resource                                          ","0",""
"1089","168","1","RemoteDirectory                                   ","Remote Directory                                  ","0",""
"1090","168","1","ArchiveFolder                                     ","Archive Folder                                    ","0",""
"1451","235","1","GAProject                                         ","GoAnywhere Project                                ","0",""
"1092","168","1","LocalShare                                        ","Local Folder Share                                ","0",""
"1099","170","1","Action                                            ","Action                                            ","0",""
"1095","169","1","RemoteDirectory                                   ","Remote Directory                                  ","0",""
"1096","169","1","RemoteFile                                        ","Remote File                                       ","0",""
"1097","169","1","Resource                                          ","Resource                                          ","0",""
"1098","169","1","ArchiveFolder                                     ","Archive Folder                                    ","0",""
"1100","170","1","LocalFile                                         ","Local File                                        ","0",""
"1101","170","1","RemoteFile                                        ","Remote File                                       ","0",""
"1102","170","1","Resource                                          ","Resource                                          ","0",""
"1103","170","1","RemoteDirectory                                   ","Remote Directory                                  ","0",""
"1104","170","1","TempFile                                          ","Temp File                                         ","0",""
"1105","170","1","ArchiveFolder                                     ","Archive Folder                                    ","0",""
"1106","171","1","LocalShare                                        ","Local Share                                       ","0",""
"1107","171","1","LocalFile                                         ","Local File                                        ","0",""
"1108","171","1","RemoteFile                                        ","Remote File                                       ","0",""
"1109","171","1","Resource                                          ","Resource                                          ","0",""
"1110","171","1","RemoteDirectory                                   ","Remote Directory                                  ","0",""
"1111","171","1","ArchiveFolder                                     ","Archive Folder                                    ","0",""
"1513","171","1","StagingFolder                                     ","Staging Folder                                    ","0",""
"1526","250","1","GAProject                                         ","GoAnywhere Project                                ","0",""
"1114","172","1","LocalFile                                         ","Local File                                        ","0",""
"1115","172","1","RemoteFile                                        ","Remote File                                       ","0",""
"1116","172","1","Resource                                          ","Resource                                          ","0",""
"1117","172","1","RemoteDirectory                                   ","Remote Directory                                  ","0",""
"1118","172","1","ArchiveFolder                                     ","Archive Folder                                    ","0",""
"1119","172","1","StagingFolder                                     ","Staging Folder                                    ","0",""
"1120","173","1","Action                                            ","Action                                            ","0",""
"1121","173","1","LocalFile                                         ","Local File                                        ","0",""
"1126","174","1","Action                                            ","Action                                            ","0",""
"1123","173","1","RemoteDirectory                                   ","Remote Directory                                  ","0",""
"1124","173","1","RemoteFile                                        ","Remote File                                       ","0",""
"1125","173","1","Resource                                          ","Resource                                          ","0",""
"1127","174","1","LocalFile                                         ","Local File                                        ","0",""
"1128","174","1","RemoteDirectory                                   ","Remote Directory                                  ","0",""
"1129","174","1","RemoteFile                                        ","Remote File                                       ","0",""
"1130","174","1","Resource                                          ","Resource                                          ","0",""
"1194","183","1","ProjectPath                                       ","Project Path                                      ","0",""
"1132","175","1","GAProject                                         ","GoAnywhere Project                                ","0",""
"1133","175","1","LocalShare                                        ","Local Share                                       ","0",""
"1134","175","1","ProjectPath                                       ","Project Path                                      ","0",""
"1527","250","1","NetworkFile                                       ","Network File Name                                 ","0",""
"1136","175","1","Resource                                          ","Resource                                          ","0",""
"1147","175","1","RemoteDirectory                                   ","Remote Directory                                  ","0",""
"1138","175","1","Wildcard                                          ","Wildcard                                          ","0",""
"1195","183","1","LocalDirectory                                    ","Local Directory                                   ","0",""
"1140","176","1","GAProject                                         ","GoAnyhwere Project                                ","0",""
"1141","176","1","LocalShare                                        ","Local Share                                       ","0",""
"1142","176","1","ProjectPath                                       ","Project Path                                      ","0",""
"1143","176","1","RemoteDirectory                                   ","RemoteDirectory                                   ","0",""
"1144","176","1","Resource                                          ","Resource                                          ","0",""
"1528","250","1","NetworkResource                                   ","Network Resource                                  ","0",""
"1146","176","1","Wildcard                                          ","Wildcard                                          ","0",""
"1529","250","1","ProjectPath                                       ","Project Path                                      ","0",""
"1530","250","1","SFTPFile                                          ","SFTP File Name                                    ","0",""
"1531","250","1","SFTPResource                                      ","SFTP Resource                                     ","0",""
"1196","183","1","iSeriesFile                                       ","iSeries File                                      ","0",""
"1532","249","1","GAProject                                         ","GoAnywhere Project                                ","0",""
"1153","177","1","GAProject                                         ","GA Project                                        ","0",""
"1154","177","1","LocalShare                                        ","Local Share                                       ","0",""
"1155","177","1","ProjectPath                                       ","Project Path                                      ","0",""
"1156","177","1","RemoteDirectory                                   ","Remote Directory                                  ","0",""
"1157","177","1","Resource                                          ","Resource                                          ","0",""
"1158","177","1","Wildcard                                          ","Wildcard                                          ","0",""
"1533","249","1","NetworkFile                                       ","Network File Name                                 ","0",""
"1160","178","1","GAProject                                         ","GA Project                                        ","0",""
"1161","178","1","LocalShare                                        ","Local Share                                       ","0",""
"1162","178","1","ProjectPath                                       ","Project Path                                      ","0",""
"1163","178","1","RemoteDirectory                                   ","Remote Directory                                  ","0",""
"1164","178","1","Resource                                          ","Resource                                          ","0",""
"1165","178","1","Wildcard                                          ","Wildcard                                          ","0",""
"1534","249","1","NetworkResource                                   ","Network Resource                                  ","0",""
"1197","183","1","iSeriesServer                                     ","iSeriesServer                                     ","0",""
"1535","249","1","ProjectPath                                       ","Project Path                                      ","0",""
"1169","179","1","GAProject                                         ","GA Project                                        ","0",""
"1170","179","1","LocalShare                                        ","Local Share                                       ","0",""
"1171","179","1","ProjectPath                                       ","Project Path                                      ","0",""
"1172","179","1","RemoteDirectory                                   ","RemoteDirectory                                   ","0",""
"1173","179","1","Resource                                          ","Resource                                          ","0",""
"1174","179","1","Wildcard                                          ","Wildcard                                          ","0",""
"1198","184","1","GAProject                                         ","GA Project                                        ","0",""
"1536","249","1","SFTPFile                                          ","SFTP File Name                                    ","0",""
"1537","249","1","SFTPResource                                      ","SFTP Resource                                     ","0",""
"1178","180","1","GAProject                                         ","GA Project                                        ","0",""
"1179","180","1","LocalShare                                        ","Local Share                                       ","0",""
"1180","180","1","ProjectPath                                       ","Project Path                                      ","0",""
"1181","180","1","RemoteDirectory                                   ","Remote Directory                                  ","0",""
"1182","180","1","Resource                                          ","Resource                                          ","0",""
"1183","180","1","Wildcard                                          ","Wildcard                                          ","0",""
"1538","253","1","Association                                       ","Association                                       ","0",""
"1199","184","1","ProjectPath                                       ","Project Path                                      ","0",""
"1186","181","1","EncryptKeyID                                      ","Encryption Key ID                                 ","0",""
"1200","184","1","LocalDirectory                                    ","Local Directory                                   ","0",""
"1201","184","1","RemoteDirectory                                   ","Remote Directory                                  ","0",""
"1202","184","1","RemoteFile                                        ","Remote File                                       ","0",""
"1203","184","1","Resource                                          ","Resource                                          ","0",""
"1204","185","1","GAProject                                         ","GA Project                                        ","0",""
"1205","185","1","ProjectPath                                       ","Project Path                                      ","0",""
"1206","185","1","LocalDirectory                                    ","Local Directory                                   ","0",""
"1207","185","1","iSeriesFile                                       ","iSeries File                                      ","0",""
"1208","185","1","iSeriesServer                                     ","iSeries Server                                    ","0",""
"1209","186","1","EncryptKeyID                                      ","Encryption Key ID                                 ","0"," "
"1210","187","1","Code                                              ","Parent Code                                       ","0",""
"1211","187","1","Abbrev                                            ","Association Abbreviation                          ","0",""
"1288","206","1","Code                                              ","Parent Code                                       ","0",""
"1213","188","1","Abbrev                                            ","Association Abbreviation                          ","0",""
"1214","188","1","Code                                              ","Parent Code                                       ","0",""
"1289","207","1","Code                                              ","Parent Code                                       ","0",""
"1290","207","1","Abbrev                                            ","Abbreviation                                      ","0",""
"1291","208","1","Code                                              ","Parent Code                                       ","0",""
"1292","208","1","Abbrev                                            ","Abbreviation                                      ","0",""
"1293","209","1","Code                                              ","Parent Code                                       ","0",""
"1294","209","1","Abbrev                                            ","Abbreviation                                      ","0",""
"1295","210","1","Code                                              ","Parent Code                                       ","0",""
"1296","210","1","Abbrev                                            ","Abbreviation                                      ","0",""
"1297","211","1","Code                                              ","Parent Code                                       ","0",""
"1298","211","1","Abbrev                                            ","Abbreviation                                      ","0",""
"1299","212","1","Code                                              ","Parent Code                                       ","0",""
"1300","212","1","Abbrev                                            ","Abbreviation                                      ","0",""
"1301","213","1","Code                                              ","Parent Code                                       ","0",""
"1302","213","1","Abbrev                                            ","Abbreviation                                      ","0",""
"1229","189","1","Abbrev                                            ","Association Abbreviation                          ","0",""
"1230","190","1","Abbrev                                            ","Association Abbreviation                          ","0",""
"1231","191","1","Abbrev                                            ","Association Abbreviation                          ","0",""
"1232","192","1","Abbrev                                            ","Association Abbreviation                          ","0",""
"1233","193","1","Abbrev                                            ","Association Abbreviation                          ","0",""
"1234","194","1","Abbrev                                            ","Association Abbreviation                          ","0",""
"1235","195","1","Abbrev                                            ","Association Abbreviation                          ","0",""
"1236","196","1","Abbrev                                            ","Association Abbreviation                          ","0",""
"1237","197","1","Abbrev                                            ","Association Abbreviation                          ","0",""
"1238","198","1","Abbrev                                            ","Association Abbreviation                          ","0",""
"1239","199","1","Abbrev                                            ","Association Abbreviation                          ","0",""
"1240","200","1","Abbrev                                            ","Association Abbreviation                          ","0",""
"1241","201","1","Abbrev                                            ","Association Abbreviation                          ","0",""
"1242","189","1","Code                                              ","Parent Code                                       ","0",""
"1243","190","1","Code                                              ","Parent Code                                       ","0",""
"1244","191","1","Code                                              ","Parent Code                                       ","0",""
"1245","192","1","Code                                              ","Parent Code                                       ","0",""
"1246","193","1","Code                                              ","Parent Code                                       ","0",""
"1247","194","1","Code                                              ","Parent Code                                       ","0",""
"1248","195","1","Code                                              ","Parent Code                                       ","0",""
"1249","196","1","Code                                              ","Parent Code                                       ","0",""
"1250","197","1","Code                                              ","Parent Code                                       ","0",""
"1251","198","1","Code                                              ","Parent Code                                       ","0",""
"1252","199","1","Code                                              ","Parent Code                                       ","0",""
"1253","200","1","Code                                              ","Parent Code                                       ","0",""
"1254","201","1","Code                                              ","Parent Code                                       ","0",""
"1260","202","1","StagingDir                                        ","Staging Directory                                 ","0",""
"1261","202","1","StagingFile                                       ","Staging File                                      ","0",""
"1262","203","1","GAProject                                         ","GoAnywhere Project                                ","0",""
"1263","203","1","ProjectPath                                       ","Project Path                                      ","0",""
"1264","203","1","LocalDir                                          ","Local Directory                                   ","0",""
"1265","203","1","LocalFile                                         ","Local File                                        ","0",""
"1267","122","1","RemoteDir                                         ","Remote Directory                                  ","0",""
"1269","204","1","ProjectPath                                       ","Project Path                                      ","0",""
"1270","204","1","LocalFile                                         ","Local File                                        ","0",""
"1271","204","1","LocalDir                                          ","Local Directory                                   ","0",""
"1272","204","1","EncryptedFile                                     ","Encrypted File                                    ","0",""
"1273","204","1","SecretKeyID                                       ","Secret Key ID                                     ","0",""
"1274","204","1","Passphrase                                        ","Passphrese                                        ","0",""
"1275","204","1","EncryptKeyID                                      ","Encryption Key ID                                 ","0",""
"1276","204","1","Resource                                          ","Resource                                          ","0",""
"1277","204","1","RemoteDir                                         ","Remote Directory                                  ","0",""
"1278","204","1","RemoteFile                                        ","Remote File                                       ","0",""
"1400","230","1","GAProject                                         ","GoAnywhere Project                                ","0",""
"1401","230","1","ProjectPath                                       ","Project Path                                      ","0",""
"1281","135","1","Server                                            ","DB Server Name                                    ","0",""
"1282","135","1","LocalDir                                          ","Local Directory                                   ","0",""
"1283","135","1","Library                                           ","Library                                           ","0",""
"1284","135","1","Resource                                          ","Resource                                          ","0",""
"1303","214","1","Code                                              ","Parent Code                                       ","0",""
"1304","214","1","Abbrev                                            ","Abbreviation                                      ","0",""
"1305","215","1","Code                                              ","Parent Code                                       ","0",""
"1306","215","1","Abbrev                                            ","Abbreviation                                      ","0",""
"1307","216","1","Code                                              ","Parent Code                                       ","0",""
"1308","216","1","Abbrev                                            ","Abbreviation                                      ","0",""
"1309","217","1","Code                                              ","Parent Code                                       ","0",""
"1310","217","1","Abbrev                                            ","Abbreviation                                      ","0",""
"1311","218","1","Code                                              ","Parent Code                                       ","0",""
"1312","218","1","Abbrev                                            ","Abbreviation                                      ","0",""
"1313","219","1","Code                                              ","Parent Code                                       ","0",""
"1314","219","1","Abbrev                                            ","Abbreviation                                      ","0",""
"1315","135","1","EncryptKeyID                                      ","Encryption Key ID                                 ","0",""
"1316","220","1","LocalFile                                         ","Local File                                        ","0",""
"1317","220","1","RemoteFile                                        ","Remote File                                       ","0",""
"1318","220","1","Resource                                          ","Resource                                          ","0",""
"1319","220","1","RemoteDir                                         ","Remote Directory                                  ","0",""
"1320","220","1","ArchiveFolder                                     ","ArchiveFolder                                     ","0",""
"1321","220","1","ToAddress                                         ","To Address                                        ","0",""
"1322","220","1","GaProject                                         ","GoAnywhere Project                                ","0",""
"1323","220","1","ProjectPath                                       ","Project Path                                      ","0",""
"1561","254","1","Archive                                           ","Network Share Location                            ","0",""
"1325","135","1","GAProject2                                        ","GoAnywhere Project 2                              ","0",""
"1327","221","1","GAProject                                         ","GoAnywhwere Project Name                          ","0",""
"1328","221","1","IFSFile                                           ","IFS File and Path                                 ","0",""
"1329","221","1","NetworkFile                                       ","Network File and Path                             ","0",""
"1330","221","1","ProjectPath                                       ","Project Path                                      ","0",""
"1331","221","1","Resource                                          ","Resource                                          ","0",""
"1332","222","1","LocalFile                                         ","Local File                                        ","0"," "
"1333","222","1","RemoteFile                                        ","Remote File                                       ","0"," "
"1334","222","1","Resource                                          ","Resource                                          ","0"," "
"1335","222","1","RemoteDirectory                                   ","Remote Directory                                  ","0"," "
"1336","222","1","ArchiveFolder                                     ","Archive Folder                                    ","0"," "
"1337","222","1","GAProject                                         ","GoAnywhere Project                                ","0"," "
"1338","222","1","ProjectPath                                       ","Project Path                                      ","0"," "
"1368","147","2","RobotJobNo                                        ","ROBOT Job Number                                  ","0"," "
"1470","237","1","DirIFS                                            ","IFS Directory                                     ","0"," "
"1369","150","2","RobotJobNo                                        ","ROBOT Job Number                                  ","0"," "
"1370","148","2","RobotJobNo                                        ","ROBOT Job Number                                  ","0"," "
"1371","149","2","ROBOTJobNo                                        ","ROBOT Job Number                                  ","0",""
"1372","226","1","ArchiveDir                                        ","Archive Directory                                 ","0"," "
"1373","226","1","GAProject                                         ","GoAnywhere Project                                ","0"," "
"1374","226","1","IFSFile                                           ","IFS File Folder Path                              ","0"," "
"1375","226","1","ProjectPath                                       ","Project Path                                      ","0"," "
"1376","226","1","Resource                                          ","Resource                                          ","0"," "
"1377","226","1","ZipFile                                           ","Zip File Name                                     ","0"," "
"1378","226","1","ZipFileSet                                        ","File Set to be grouped by Zipping                 ","0"," "
"1379","227","1","ArchiveDir                                        ","Archive Directory                                 ","0"," "
"1514","247","1","GAProject                                         ","GoAnywhere Project                                ","0",""
"1515","247","1","LocalShare                                        ","Local Share Name                                  ","0",""
"1354","225","1","GAProject                                         ","GA Project                                        ","0",""
"1355","225","1","LocalShare                                        ","Local Share                                       ","0",""
"1356","225","1","ProjectPath                                       ","Project Path                                      ","0",""
"1357","225","1","RemoteDirectory                                   ","Remote Directory                                  ","0",""
"1358","225","1","Resource                                          ","Resource                                          ","0",""
"1359","225","1","Wildcard                                          ","Wildcard                                          ","0",""
"1516","247","1","ProjectPath                                       ","Project Path                                      ","0",""
"1517","247","1","RemoteDirectory                                   ","Remote Directory                                  ","0",""
"1362","224","1","GAProject                                         ","GA Project                                        ","0",""
"1363","224","1","LocalShare                                        ","Local Share                                       ","0",""
"1364","224","1","ProjectPath                                       ","Project Path                                      ","0",""
"1365","224","1","RemoteDirectory                                   ","Remote Directory                                  ","0",""
"1366","224","1","Resource                                          ","Resource                                          ","0",""
"1367","224","1","Wildcard                                          ","Wildcard                                          ","0",""
"1380","227","1","GAProject                                         ","GoAnywhere Project                                ","0"," "
"1381","227","1","IFSFile                                           ","IFS File Folder Path                              ","0"," "
"1382","227","1","ProjectPath                                       ","Project Path                                      ","0"," "
"1383","227","1","Resource                                          ","Resource                                          ","0"," "
"1384","227","1","ZipFile                                           ","Zip File Name                                     ","0"," "
"1385","227","1","ZipFileSet                                        ","File Set to be grouped by Zipping                 ","0"," "
"1386","228","1","ArchiveDir                                        ","Archive Directory                                 ","0"," "
"1387","228","1","GAProject                                         ","GoAnywhere Project                                ","0"," "
"1388","228","1","IFSFile                                           ","IFS File Folder Path                              ","0"," "
"1389","228","1","ProjectPath                                       ","Project Path                                      ","0"," "
"1390","228","1","Resource                                          ","Resource                                          ","0"," "
"1391","228","1","ZipFile                                           ","Zip File Name                                     ","0"," "
"1392","228","1","ZipFileSet                                        ","File Set to be grouped by Zipping                 ","0"," "
"1393","229","1","ArchiveDir                                        ","Archive Directory                                 ","0"," "
"1394","229","1","GAProject                                         ","GoAnywhere Project                                ","0"," "
"1395","229","1","IFSFile                                           ","IFS File Folder Path                              ","0"," "
"1396","229","1","ProjectPath                                       ","Project Path                                      ","0"," "
"1397","229","1","Resource                                          ","Resource                                          ","0"," "
"1398","229","1","ZipFile                                           ","Zip File Name                                     ","0"," "
"1399","229","1","ZipFileSet                                        ","File Set to be grouped by Zipping                 ","0"," "
"1403","230","1","SourceDir                                         ","Source Directory                                  ","0",""
"1402","230","1","ResourceSrc                                       ","Resource Source                                   ","0",""
"1404","230","1","Wildcard                                          ","Wildcard                                          ","0",""
"1405","230","1","ResourceDest                                      ","Resource Destination                              ","0",""
"1406","204","1","NetworkDir                                        ","Network Directory                                 ","0",""
"1407","122","1","NetworkDir                                        ","Network Directory                                 ","0",""
"1408","231","1","GAProject                                         ","GoAnywhere Project                                ","0",""
"1409","231","1","ProjectPath                                       ","Project Path                                      ","0",""
"1410","231","1","ResourceDest                                      ","Resource Destination                              ","0",""
"1411","231","1","ResourceSrc                                       ","Resource Source                                   ","0",""
"1412","231","1","SourceDir                                         ","Source Directory                                  ","0",""
"1413","231","1","Wildcard                                          ","Wildcard                                          ","0",""
"1414","232","1","GAProject                                         ","GoAnywhere Project                                ","0",""
"1415","232","1","ProjectPath                                       ","Project Path                                      ","0",""
"1416","232","1","ResourceDest                                      ","Resource Destination                              ","0",""
"1417","232","1","ResourceSrc                                       ","Resource Source                                   ","0",""
"1418","232","1","SourceDir                                         ","Source Directory                                  ","0",""
"1419","232","1","Wildcard                                          ","Wildcard                                          ","0",""
"1420","233","1","Resource                                          ","Resource                                          ","0",""
"1421","233","1","LocalDirectory                                    ","Local Directory                                   ","0",""
"1422","233","1","Wildcard                                          ","Wildcard                                          ","0",""
"1423","233","1","RemoteDirectory                                   ","Remote Directory                                  ","0",""
"1424","233","1","RemoteFile                                        ","Remote File                                       ","0",""
"1425","233","1","LocalFile                                         ","Local File                                        ","0",""
"1426","233","1","WildcardEmpty                                     ","Wildcard Empty                                    ","0",""
"1427","233","1","GAProject                                         ","GA Project                                        ","0",""
"1428","233","1","ProjectPath                                       ","Project Path                                      ","0",""
"1429","234","1","ProjectPath                                       ","Project Path                                      ","0",""
"1430","234","1","GAProject                                         ","GoAnywhere Project                                ","0",""
"1431","234","1","FileCardinal                                      ","File from Cardinal                                ","0",""
"1432","234","1","FilePayPilot                                      ","File from PayPilot                                ","0",""
"1433","234","1","FileMerged                                        ","Merged Output File                                ","0",""
"1434","234","1","FileRemote                                        ","Remote File                                       ","0",""
"1435","234","1","DirIFS                                            ","IFS Directory                                     ","0",""
"1436","234","1","DirPayPilot                                       ","PayPilot Share Directory                          ","0",""
"1437","234","1","DirRemote                                         ","Remote Directory                                  ","0",""
"1438","234","1","Passphrase                                        ","Passphrase                                        ","0",""
"1439","234","1","Resource                                          ","SFTP Resource                                     ","0",""
"1440","234","1","SecretKeyID                                       ","Secret Key ID                                     ","0",""
"1441","234","1","EncryptKeyID                                      ","Encryption Key ID                                 ","0",""
"1442","171","1","GAProject                                         ","GoAnywhere Project                                ","0",""
"1443","171","1","ProjectPath                                       ","Project Path                                      ","0",""
"1518","247","1","Resource                                          ","SFTP Resource                                     ","0",""
"1445","172","1","GAProject                                         ","GoAnywhere Project                                ","0",""
"1446","172","1","LocalShare                                        ","Local Share                                       ","0",""
"1447","172","1","ProjectPath                                       ","Project Path                                      ","0",""
"1448","169","1","GAProject                                         ","GoAnywhere Project                                ","0",""
"1449","169","1","ProjectPath                                       ","Project Path                                      ","0",""
"1471","238","1","SFTPResource                                      ","SFTP Resource                                     ","0",""
"1452","235","1","ProjectPath                                       ","Project Path                                      ","0",""
"1519","247","1","Wildcard                                          ","Wildcard Value                                    ","0",""
"1454","235","1","LocalFile                                         ","Local File                                        ","0",""
"1455","235","1","LocalShare                                        ","Local Share Folder                                ","0",""
"1456","235","1","RemoteDirectory                                   ","Remote Directory                                  ","0",""
"1457","235","1","RemoteFile                                        ","Remote File                                       ","0",""
"1458","235","1","Resource                                          ","Remote SFTP Resource                              ","0",""
"1459","168","1","GAProject                                         ","GoAnywhere Project                                ","0",""
"1460","168","1","ProjectPath                                       ","Project Path                                      ","0",""
"1461","236","1","GAProject                                         ","GoAnywhere Project                                ","0",""
"1462","236","1","LocalDirectory                                    ","Local Directory                                   ","0",""
"1463","236","1","LocalFile                                         ","Local File                                        ","0",""
"1464","236","1","ProjectPath                                       ","Project Path                                      ","0",""
"1465","236","1","RemoteDirectory                                   ","Remote Directory                                  ","0",""
"1466","236","1","RemoteFile                                        ","Remote File                                       ","0",""
"1467","236","1","Resource                                          ","Resource                                          ","0",""
"1468","236","1","Wildcard                                          ","Wildcard                                          ","0",""
"1469","236","1","WildcardEmpty                                     ","Wildcard for Empty File                           ","0",""
"1473","238","1","NetworkFile                                       ","Network File Name                                 ","0",""
"1474","238","1","NetworkResource                                   ","Network Resource                                  ","0",""
"1475","238","1","GAProject                                         ","GoAnywhere Project Name                           ","0",""
"1476","238","1","ProjectPath                                       ","Project Path                                      ","0",""
"1477","239","1","GAProject                                         ","GoAnywhere Project                                ","0",""
"1478","239","1","ProjectPath                                       ","Project Path                                      ","0",""
"1479","239","1","DBResourceWin                                     ","Database Resource for Windows Server              ","0",""
"1480","239","1","DBResourceI                                       ","Database Resource for iSeries Server              ","0",""
"1481","239","1","Association                                       ","Association Code (4 Alpha)                        ","0",""
"1482","239","1","StageLibrary                                      ","Staging Library                                   ","0",""
"1483","239","1","CorpCode                                          ","Corp Code                                         ","0",""
"1484","240","1","CMProduct                                         ","Cash Management Product Name                      ","0",""
"1485","241","1","ImmediateOriginAcct                               ","Immediate Origin Account                          ","0",""
"1486","241","1","ImmediateOriginName                               ","Immediate Origin Name                             ","0",""
"1487","32","1","Resource                                          ","Resource                                          ","0",""
"1488","242","1","GAProject                                         ","GoAnywhere Project                                ","0",""
"1489","242","1","ProjectPath                                       ","Project Path                                      ","0",""
"1490","242","1","Resource                                          ","Network Share Resource                            ","0",""
"1491","242","1","FromDirectory                                     ","From Directory                                    ","0",""
"1492","242","1","ToDirectory                                       ","To Directory                                      ","0",""
"1493","243","1","GAProject                                         ","GoAnywhere Project                                ","0",""
"1494","243","1","ProjectPath                                       ","Project Path                                      ","0",""
"1495","243","1","Resource                                          ","Network Share Resource                            ","0",""
"1496","243","1","FromDirectory                                     ","From Directory                                    ","0",""
"1497","243","1","ToDirectory                                       ","To Directory                                      ","0",""
"1520","248","1","GAProject                                         ","GoAnywhere Project                                ","0",""
"1521","248","1","NetworkFile                                       ","Network File Name                                 ","0",""
"1522","248","1","NetworkResource                                   ","Network Resource                                  ","0",""
"1523","248","1","ProjectPath                                       ","Project Path                                      ","0",""
"1524","248","1","SFTPFile                                          ","SFTP File Name                                    ","0",""
"1525","248","1","SFTPResource                                      ","SFTP Resource                                     ","0",""
"1504","245","1","Resource                                          ","Resource                                          ","0",""
"1505","235","1","ArchiveFolder                                     ","Archive Folder                                    ","0",""
"1506","246","1","GAProject                                         ","GoAnywhere Project                                ","0",""
"1507","246","1","ProjectPath                                       ","Project Path                                      ","0",""
"1508","246","1","LocalShare                                        ","Local Network Share Resource                      ","0",""
"1509","246","1","Wildcard                                          ","Wildcard                                          ","0",""
"1510","246","1","EncryptKeyId                                      ","Encryption Key Id                                 ","0",""
"1511","246","1","SFTPResource                                      ","SFTP Resource                                     ","0",""
"1512","246","1","RemoteDirectory                                   ","Remote Directory                                  ","0",""
"1539","253","1","CorpCode                                          ","Corp Code                                         ","0",""
"1540","253","1","DBResourceI                                       ","Database Resource for iSeries                     ","0",""
"1541","253","1","DBResourceWin                                     ","Database Resource Windows                         ","0",""
"1542","253","1","GAProject                                         ","GoAnywhere Project                                ","0",""
"1543","253","1","ProjectPath                                       ","Project Path                                      ","0",""
"1544","253","1","StageLibrary                                      ","Staging Library                                   ","0",""
"1545","251","1","Association                                       ","Association                                       ","0",""
"1546","251","1","CorpCode                                          ","Corp Code                                         ","0",""
"1547","251","1","DBResourceI                                       ","Database Resource iSeries                         ","0",""
"1548","251","1","DBResourceWin                                     ","Database Resource Windows                         ","0",""
"1549","251","1","GAProject                                         ","GoAnywhere Project                                ","0",""
"1550","251","1","ProjectPath                                       ","Project Path                                      ","0",""
"1551","251","1","StageLibrary                                      ","Staging Library                                   ","0",""
"1552","252","1","Association                                       ","Association                                       ","0",""
"1553","252","1","CorpCode                                          ","Corp Code                                         ","0",""
"1554","252","1","DBResourceI                                       ","Database Resource i                               ","0",""
"1555","252","1","DBResourceWin                                     ","Database Resource Windows                         ","0",""
"1556","252","1","GAProject                                         ","GoAnywhere Project                                ","0",""
"1557","252","1","ProjectPath                                       ","Project Path                                      ","0",""
"1558","252","1","StageLibrary                                      ","Staging Library                                   ","0",""
"1575","255","1","RemoteFile                                        ","Remote File                                       ","0",""
"1576","255","1","Resource                                          ","Resource                                          ","0",""
"1577","255","1","StagingFolder                                     ","Staging Folder                                    ","0",""
"1578","255","1","ProjectPath                                       ","Project Path                                      ","0",""
"1579","255","1","GAProject                                         ","GA Project                                        ","0",""
"1580","256","1","ArchiveFolder                                     ","Archive Folder                                    ","0",""
"1581","256","1","LocalFile                                         ","Local File                                        ","0",""
"1582","256","1","LocalSubdirectory                                 ","Local Subdirectory                                ","0",""
"1583","256","1","LocalShare                                        ","Local Share                                       ","0",""
"1584","256","1","RemoteDirectory                                   ","Remote Directory                                  ","0",""
"1585","256","1","RemoteFile                                        ","Remote File                                       ","0",""
"1586","256","1","Resource                                          ","Resource                                          ","0",""
"1587","256","1","StagingFolder                                     ","Staging Folder                                    ","0",""
"1588","256","1","GAProject                                         ","GA Project                                        ","0",""
"1589","256","1","ProjectPath                                       ","Project Path                                      ","0",""
"1590","257","1","ArchiveFolder                                     ","Archive Folder                                    ","0",""
"1591","257","1","LocalFile                                         ","Local File                                        ","0",""
"1592","257","1","LocalShare                                        ","Local Share                                       ","0",""
"1593","257","1","LocalSubdirectory                                 ","Local Subdirectory                                ","0",""
"1594","257","1","RemoteDirectory                                   ","Remote Directory                                  ","0",""
"1595","257","1","RemoteFile                                        ","Remote File                                       ","0",""
"1596","257","1","Resource                                          ","Resource                                          ","0",""
"1597","257","1","StagingFolder                                     ","Staging Folder                                    ","0",""
"1598","257","1","GAProject                                         ","GA Project                                        ","0",""
"1599","257","1","ProjectPath                                       ","Project Path                                      ","0",""
"1642","263","1","GAProject                                         ","GA Project                                        ","0",""
"1643","263","1","ProjectPath                                       ","Project Path                                      ","0",""
"1644","263","1","FromResource                                      ","From Resource                                     ","0",""
"1645","263","1","ToResource                                        ","To Resource                                       ","0",""
"1646","263","1","FromFile                                          ","From File                                         ","0",""
"1647","263","1","ToFile                                            ","To File                                           ","0",""
"1648","264","1","ArchiveFolder                                     ","Archive Folder                                    ","0",""
"1649","264","1","GAProject                                         ","GA Project                                        ","0",""
"1650","264","1","LocalFile                                         ","Local File                                        ","0",""
"1651","264","1","LocalShare                                        ","Local Share                                       ","0",""
"1652","264","1","LocalSubdirectory                                 ","Local Subdirectory                                ","0",""
"1653","264","1","ProjectPath                                       ","Project Path                                      ","0",""
"1654","264","1","RemoteDirectory                                   ","Remote Directory                                  ","0",""
"1655","264","1","RemoteFile                                        ","Remote File                                       ","0",""
"1656","264","1","Resource                                          ","Resource                                          ","0",""
"1657","264","1","StagingFolder                                     ","Staging Folder                                    ","0",""
"1658","265","1","ArchiveFolder                                     ","Archive Folder                                    ","0",""
"1659","265","1","GAProject                                         ","GA Project                                        ","0",""
"1660","265","1","LocalFile                                         ","LocalFile                                         ","0",""
"1661","265","1","LocalShare                                        ","Local Share                                       ","0",""
"1662","265","1","LocalSubdirectory                                 ","Local Subdirectory                                ","0",""
"1663","265","1","ProjectPath                                       ","Project Path                                      ","0",""
"1664","265","1","RemoteDirectory                                   ","Remote Directory                                  ","0",""
"1665","265","1","RemoteFile                                        ","Remote File                                       ","0",""
"1666","265","1","Resource                                          ","Resource                                          ","0",""
"1667","265","1","StagingFolder                                     ","Staging Folder                                    ","0",""
"1668","146","1","NetworkShare                                      ","Network Share                                     ","0",""
"1669","146","1","InputFile                                         ","Inpute File                                       ","0",""
"1670","266","1","ArchiveFolder                                     ","Archive Folder                                    ","0"," "
"1671","266","1","GAProject                                         ","GoAnywhere Project                                ","0"," "
"1631","261","1","GAProject                                         ","GA Project                                        ","0",""
"1630","261","1","Action                                            ","Action                                            ","0",""
"1632","261","1","IFSFile                                           ","IFS File                                          ","0",""
"1633","261","1","NetworkFile                                       ","Network File                                      ","0",""
"1634","261","1","ProjectPath                                       ","Project Path                                      ","0",""
"1635","261","1","Resource                                          ","Resource                                          ","0",""
"1636","262","1","Action                                            ","Action                                            ","0",""
"1637","262","1","GAProject                                         ","GA Project                                        ","0",""
"1638","262","1","IFSFile                                           ","IFS File                                          ","0",""
"1639","262","1","NetworkFile                                       ","Network File                                      ","0",""
"1640","262","1","ProjectPath                                       ","Project Path                                      ","0",""
"1641","262","1","Resource                                          ","Resource                                          ","0",""
"1672","266","1","LocalFile                                         ","Local File                                        ","0"," "
"1673","266","1","LocalShare                                        ","Local Share                                       ","0"," "
"1674","266","1","LocalSubdirectory                                 ","Local Subdirectory                                ","0"," "
"1675","266","1","ProjectPath                                       ","Project Path                                      ","0"," "
"1676","266","1","RemoteDirectory                                   ","Remote Directory                                  ","0"," "
"1677","266","1","RemoteFile                                        ","Remote File                                       ","0"," "
"1678","266","1","Resource                                          ","Resource                                          ","0"," "
"1679","266","1","StagingFolder                                     ","Staging Folder                                    ","0"," "
"1680","267","1","ArchiveFolder                                     ","Archive Folder                                    ","0"," "
"1681","267","1","GAProject                                         ","GoAnywhere Project                                ","0"," "
"1682","267","1","LocalFile                                         ","Local File                                        ","0"," "
"1683","267","1","LocalShare                                        ","Local Share                                       ","0"," "
"1684","267","1","LocalSubdirectory                                 ","Local Subdirectory                                ","0"," "
"1685","267","1","ProjectPath                                       ","Project Path                                      ","0"," "
"1686","267","1","RemoteDirectory                                   ","Remote Directory                                  ","0"," "
"1687","267","1","RemoteFile                                        ","Remote File                                       ","0"," "
"1688","267","1","Resource                                          ","Resource                                          ","0"," "
"1689","267","1","StagingFolder                                     ","Staging Folder                                    ","0"," "
"1690","268","1","ArchiveFolder                                     ","Archive Folder                                    ","0"," "
"1691","268","1","GAProject                                         ","GoAnywhere Project                                ","0"," "
"1692","268","1","LocalFile                                         ","Local File                                        ","0"," "
"1693","268","1","LocalShare                                        ","Local Share                                       ","0"," "
"1694","268","1","LocalSubdirectory                                 ","Local Subdirectory                                ","0"," "
"1695","268","1","ProjectPath                                       ","Project Path                                      ","0"," "
"1696","268","1","RemoteDirectory                                   ","Remote Directory                                  ","0"," "
"1697","268","1","RemoteFile                                        ","Remote File                                       ","0"," "
"1698","268","1","Resource                                          ","Resource                                          ","0"," "
"1699","268","1","StagingFolder                                     ","Staging Folder                                    ","0"," "
"1700","269","1","ArchiveFolder                                     ","Archive Folder                                    ","0"," "
"1701","269","1","GAProject                                         ","GoAnywhere Project                                ","0"," "
"1702","269","1","LocalFile                                         ","Local File                                        ","0"," "
"1703","269","1","LocalShare                                        ","Local Share                                       ","0"," "
"1704","269","1","LocalSubdirectory                                 ","Local Subdirectory                                ","0"," "
"1705","269","1","ProjectPath                                       ","Project Path                                      ","0"," "
"1706","269","1","RemoteDirectory                                   ","Remote Directory                                  ","0"," "
"1707","269","1","RemoteFile                                        ","Remote File                                       ","0"," "
"1708","269","1","Resource                                          ","Resource                                          ","0"," "
"1709","269","1","StagingFolder                                     ","Staging Folder                                    ","0"," "
"1710","270","1","GAProject                                         ","GA Project                                        ","0",""
"1711","270","1","ProjectPath                                       ","Project Path                                      ","0",""
"1712","270","1","Resource                                          ","Resource                                          ","0",""
"1713","270","1","RemoteDirectory                                   ","Remote Dir                                        ","0",""
"1714","270","1","LocalFile                                         ","Local File                                        ","0",""
"1715","270","1","ToEmail                                           ","To Email Address                                  ","0",""
"1716","270","1","ToEmailError                                      ","To Email Error Address                            ","0",""
"1717","271","1","Archive                                           ","Network Share Location                            ","0",""
"1718","271","1","CSVfile                                           ","CSV File Name                                     ","0",""
"1719","271","1","GAProject                                         ","GoAnywhere Project Name                           ","0",""
"1720","271","1","Host                                              ","Host Server Name                                  ","0",""
"1721","271","1","OutputFile                                        ","Output File Name                                  ","0",""
"1722","271","1","Password                                          ","Password                                          ","0",""
"1723","271","1","ProjectPath                                       ","Project Path                                      ","0",""
"1724","271","1","Resource                                          ","Resource - Network Share                          ","0",""
"1725","271","1","User                                              ","User Id                                           ","0",""
"1726","272","1","GAProject                                         ","GA Project Name                                   ","0",""
"1727","272","1","NetworkFile                                       ","Network file name                                 ","0",""
"1728","272","1","NetworkResource                                   ","Network Resource                                  ","0",""
"1729","272","1","ProjectPath                                       ","Project path                                      ","0",""
"1730","272","1","SFTPFile                                          ","SFTP File name                                    ","0",""
"1731","272","1","SFTPResource                                      ","SFTP Resource                                     ","0",""
"1732","273","1","Association                                       ","Assn                                              ","0",""
"1733","273","1","CorpCode                                          ","corp code                                         ","0",""
"1734","273","1","DBResourceI                                       ","resource i                                        ","0",""
"1735","273","1","DBResourceWin                                     ","resource win                                      ","0",""
"1736","273","1","GAProject                                         ","GA project                                        ","0",""
"1737","273","1","ProjectPath                                       ","Project path                                      ","0",""
"1738","273","1","StageLibrary                                      ","Stage Lib                                         ","0",""
"1739","274","1","GAProject                                         ","GA Project                                        ","0",""
"1740","274","1","LocalDirectory                                    ","Local Directory                                   ","0",""
"1741","274","1","LocalFile                                         ","Local File                                        ","0",""
"1742","274","1","ProjectPath                                       ","Project Path                                      ","0",""
"1743","274","1","RemoteDirectory                                   ","Remote Directory                                  ","0",""
"1744","274","1","RemoteFile                                        ","Remote File                                       ","0",""
"1745","274","1","Resource                                          ","Resource                                          ","0",""
"1746","275","1","Archive                                           ","Network Share Location                            ","0",""
"1747","275","1","CSVfile                                           ","CSV File Name                                     ","0",""
"1748","275","1","GAProject                                         ","GoAnywhere Project Name                           ","0",""
"1749","275","1","Host                                              ","Host Server Name                                  ","0",""
"1750","275","1","OutputFile                                        ","Output File Name                                  ","0",""
"1751","275","1","Password                                          ","Password                                          ","0",""
"1752","275","1","ProjectPath                                       ","Project Path                                      ","0",""
"1753","275","1","Resource                                          ","Resource - Network Share                          ","0",""
"1754","275","1","User                                              ","User Id                                           ","0",""
"1755","276","1","GAProject                                         ","GoAnywhere Project                                ","0",""
"1756","276","1","LocalShare                                        ","Local Share                                       ","0",""
"1757","276","1","ProjectPath                                       ","Project Path                                      ","0",""
"1758","276","1","RemoteDirectory                                   ","Remote Directory                                  ","0",""
"1759","276","1","Resource                                          ","Resource                                          ","0",""
"1760","276","1","Wildcard                                          ","Wildcard                                          ","0",""
"1761","37","1","Resource2                                         ","CME Gen Database for LoanIQ                       ","0",""
"1762","283","1","GAProject                                         ","GoAnywhere Project                                ","0",""
"1763","283","1","LocalDirectory                                    ","Local Directory                                   ","0",""
"1764","283","1","LocalFile                                         ","Local File                                        ","0",""
"1765","283","1","ProjectPath                                       ","Project Path                                      ","0",""
"1766","283","1","RemoteDirectory                                   ","Remote Directory                                  ","0",""
"1767","283","1","RemoteFile                                        ","Remote File                                       ","0",""
"1768","283","1","Resource                                          ","Resource                                          ","0",""
"1769","283","1","Wildcard                                          ","Wildcard                                          ","0",""
"1770","283","1","WildcardEmpty                                     ","Wildcard for Empty File                           ","0",""
"1771","282","1","GAProject                                         ","GoAnywhere Project                                ","0",""
"1772","282","1","LocalDirectory                                    ","Local Directory                                   ","0",""
"1773","282","1","LocalFile                                         ","Local File                                        ","0",""
"1774","282","1","ProjectPath                                       ","Project Path                                      ","0",""
"1775","282","1","RemoteDirectory                                   ","Remote Directory                                  ","0",""
"1776","282","1","RemoteFile                                        ","Remote File                                       ","0",""
"1777","282","1","Resource                                          ","Resource                                          ","0",""
"1778","282","1","Wildcard                                          ","Wildcard                                          ","0",""
"1779","282","1","WildcardEmpty                                     ","Wildcard for Empty File                           ","0",""
"1780","280","1","GAProject                                         ","GoAnywhere Project                                ","0",""
"1781","280","1","LocalDirectory                                    ","Local Directory                                   ","0",""
"1782","280","1","LocalFile                                         ","Local File                                        ","0",""
"1783","280","1","ProjectPath                                       ","Project Path                                      ","0",""
"1784","280","1","RemoteDirectory                                   ","Remote Directory                                  ","0",""
"1785","280","1","RemoteFile                                        ","Remote File                                       ","0",""
"1786","280","1","Resource                                          ","Resource                                          ","0",""
"1787","280","1","Wildcard                                          ","Wildcard                                          ","0",""
"1788","280","1","WildcardEmpty                                     ","Wildcard for Empty File                           ","0",""
"1789","278","1","GAProject                                         ","GA Project                                        ","0",""
"1790","278","1","LocalDirectory                                    ","Local Directory                                   ","0",""
"1791","278","1","LocalFile                                         ","Local File                                        ","0",""
"1792","278","1","ProjectPath                                       ","Project Path                                      ","0",""
"1793","278","1","RemoteDirectory                                   ","Remote Directory                                  ","0",""
"1794","278","1","RemoteFile                                        ","Remote File                                       ","0",""
"1795","278","1","Resource                                          ","Resource                                          ","0",""
"1796","278","1","Wildcard                                          ","Wildcard                                          ","0",""
"1797","278","1","WildcardEmpty                                     ","Wildcard Empty                                    ","0",""
"1798","279","1","GAProject                                         ","GA Project                                        ","0",""
"1799","279","1","LocalDirectory                                    ","Local Directory                                   ","0",""
"1800","279","1","LocalFile                                         ","Local File                                        ","0",""
"1801","279","1","ProjectPath                                       ","Project Path                                      ","0",""
"1802","279","1","RemoteDirectory                                   ","Remote Directory                                  ","0",""
"1803","279","1","RemoteFile                                        ","Remote File                                       ","0",""
"1804","279","1","Resource                                          ","Resource                                          ","0",""
"1805","279","1","Wildcard                                          ","Wildcard                                          ","0",""
"1806","279","1","WildcardEmpty                                     ","Wildcard Empty                                    ","0",""
"1807","277","1","GAProject                                         ","GA Project                                        ","0",""
"1808","277","1","LocalDirectory                                    ","Local Directory                                   ","0",""
"1809","277","1","LocalFile                                         ","Local File                                        ","0",""
"1810","277","1","ProjectPath                                       ","Project Path                                      ","0",""
"1811","277","1","RemoteDirectory                                   ","Remote Directory                                  ","0",""
"1812","277","1","RemoteFile                                        ","Remote File                                       ","0",""
"1813","277","1","Resource                                          ","Resource                                          ","0",""
"1814","277","1","Wildcard                                          ","Wildcard                                          ","0",""
"1815","277","1","WildcardEmpty                                     ","Wildcard Empty                                    ","0",""
"1827","284","1","Directory                                         ","Remote Directory                                  ","0"," "
"1828","284","1","FileName                                          ","Remote File Name                                  ","0"," "
"1829","284","1","GAProject                                         ","GA Project                                        ","0"," "
"1830","284","1","LocalDirectory                                    ","Local Directory                                   ","0"," "
"1831","284","1","ProjectPath                                       ","Project Path                                      ","0"," "
"1832","284","1","Resource                                          ","Resource                                          ","0"," "
"1833","285","1","Directory                                         ","Remote Directory                                  ","0"," "
"1834","285","1","FileName                                          ","Remote File Name                                  ","0"," "
"1835","285","1","GAProject                                         ","GA Project                                        ","0"," "
"1836","285","1","LocalDirectory                                    ","Local Directory                                   ","0"," "
"1826","37","1","StageLibrary                                      ","Staging Library                                   ","0",""
"1837","285","1","ProjectPath                                       ","Project Path                                      ","0"," "
"1838","285","1","Resource                                          ","Resource                                          ","0"," "
"1839","286","1","Directory                                         ","Remote Directory                                  ","0"," "
"1840","286","1","FileName                                          ","Remote File Name                                  ","0"," "
"1841","286","1","GAProject                                         ","GA Project                                        ","0"," "
"1842","286","1","LocalDirectory                                    ","Local Directory                                   ","0"," "
"1843","286","1","ProjectPath                                       ","Project Path                                      ","0"," "
"1845","287","1","Directory                                         ","Remote Directory                                  ","0"," "
"1844","286","1","Resource                                          ","Resource                                          ","0"," "
"1846","287","1","FileName                                          ","Remote File Name                                  ","0"," "
"1847","287","1","GAProject                                         ","GA Project                                        ","0"," "
"1848","287","1","LocalDirectory                                    ","Local Directory                                   ","0"," "
"1849","287","1","ProjectPath                                       ","Project Path                                      ","0"," "
"1850","287","1","Resource                                          ","Resource                                          ","0"," "
"1851","288","1","GAProject                                         ","GoAnywhere Project                                ","0",""
"1852","288","1","LocalDirectory                                    ","Local Directory                                   ","0",""
"1853","288","1","LocalFile                                         ","Local File                                        ","0",""
"1854","288","1","ProjectPath                                       ","Project Path                                      ","0",""
"1855","288","1","RemoteDirectory                                   ","Remote Directory                                  ","0",""
"1856","288","1","RemoteFile                                        ","Remote File                                       ","0",""
"1857","288","1","Resource                                          ","Resource                                          ","0",""
"1858","288","1","Wildcard                                          ","Wildcard                                          ","0",""
"1859","288","1","WildcardEmpty                                     ","Wildcard for Empty File                           ","0",""
"1860","289","1","GAProject                                         ","GoAnywhere Project                                ","0",""
"1861","289","1","LocalDirectory                                    ","Local Directory                                   ","0",""
"1862","289","1","LocalFile                                         ","Local File                                        ","0",""
"1863","289","1","ProjectPath                                       ","Project Path                                      ","0",""
"1864","289","1","RemoteDirectory                                   ","Remote Directory                                  ","0",""
"1865","289","1","RemoteFile                                        ","Remote File                                       ","0",""
"1866","289","1","Resource                                          ","Resource                                          ","0",""
"1867","289","1","Wildcard                                          ","Wildcard                                          ","0",""
"1868","289","1","WildcardEmpty                                     ","Wildcard for Empty File                           ","0",""
